# This file uses centimeters as units for non-parametric coordinates.

mtllib DDD_CGTree1.mtl
g default
v -23.304189 832.074965 -74.590206
v -36.887918 785.328611 -94.022587
v -39.820838 825.047324 -104.680157
v -23.262644 840.080457 -142.791166
v -56.705017 777.007836 -147.091612
v -54.551130 811.150106 -123.196544
v -47.581432 832.330671 -138.320254
v -30.795897 838.657256 -162.950766
v -68.593442 797.235330 -175.134176
v -69.071691 820.249491 -196.746976
v -55.975544 826.295644 -192.631825
v -82.940334 810.839884 -197.818357
v -33.022910 794.360722 -82.557764
v -42.724075 821.644169 -102.330167
v -29.300518 825.657012 -71.889741
v -70.172914 781.685567 -163.824898
v -66.131021 814.309787 -154.221060
v -54.496720 821.669371 -127.817162
v 3.321751 805.641990 -47.268126
v -13.511024 756.003418 -47.372860
v -21.578307 791.210531 -67.250960
v -18.781095 794.123627 -111.254487
v -48.805393 734.020727 -86.734561
v -40.767582 773.367692 -75.398171
v -40.004155 789.088120 -97.266255
v -32.276144 787.438685 -126.694033
v -69.968454 746.072329 -114.006409
v -78.412653 762.071819 -139.885082
v -64.991522 768.413747 -142.041579
v -91.433723 753.398434 -133.781660
v -6.624469 767.705942 -40.770838
v -23.414486 788.745316 -63.240530
v -1.186950 800.530298 -41.105312
v -67.114935 734.424163 -98.894588
v -61.777747 768.206915 -100.667526
v -42.690859 782.147419 -82.555418
v -9.789950 803.923752 -58.436660
v 18.590291 842.860691 -45.486713
v -3.496053 836.969123 -68.233503
v -14.101098 850.112405 -109.067378
v 43.971129 881.317062 -81.337889
v 9.225604 861.223536 -69.922836
v -9.980385 865.187452 -88.398125
v -12.653644 869.480885 -118.445779
v 23.823773 907.877098 -96.355112
v 2.132903 921.575657 -114.762864
v -2.283480 908.870186 -121.401186
v 9.610692 932.969067 -104.949729
v 6.277553 839.065120 -37.615796
v -0.648755 837.681198 -64.120435
v -4.399670 806.830996 -51.586115
v 38.394474 902.258740 -85.027434
v 6.162670 890.682276 -85.068756
v -0.929451 863.684270 -74.700713
v -37.241635 832.681384 -92.724616
v -9.780090 867.396698 -64.652145
v -30.531913 866.234686 -100.258027
v -11.266084 876.642547 -138.639294
v 5.842747 919.089774 -83.679535
v -23.760558 892.532848 -96.315794
v -24.887668 892.409899 -123.234873
v -6.367023 895.828660 -147.187818
v -1.474184 940.943400 -112.065338
v -5.734507 949.859363 -142.054443
v -2.447922 936.471447 -147.967009
v -8.907949 962.602583 -131.587189
v -17.730118 854.624532 -65.927208
v -31.503701 867.537784 -95.473612
v -38.642535 836.667917 -84.564633
v 1.618803 938.456041 -93.185783
v -19.390413 920.651215 -113.545229
v -27.892923 892.866900 -107.031274
v -96.497279 851.955912 -171.064327
v -78.348753 858.467343 -146.172968
v -67.013496 857.473834 -123.884775
v -66.088368 839.069285 -97.655139
v -93.550599 847.686151 -137.354556
v -84.195560 843.664030 -116.262170
v -99.228534 835.398140 -154.057461
v -89.948362 827.111477 -125.854211
v -82.831039 827.864834 -113.551806
v -73.803515 881.568444 -173.163777
v -63.077207 888.108030 -144.292911
v -57.468919 886.717939 -119.944295
v -60.962599 866.782213 -95.085901
v -78.704632 875.367023 -139.985704
v -74.384890 870.860168 -117.411093
v -78.777073 863.732301 -158.064583
v -75.797177 854.509860 -128.802289
v -72.013469 855.117596 -115.095004
v -69.299454 916.029318 -94.858995
v -53.337555 889.161116 -91.029273
v -47.106557 864.946772 -89.990211
v -60.134797 836.056227 -94.804269
v -72.660114 882.897693 -87.492162
v -69.742906 859.664996 -88.058287
v -83.210222 897.191229 -99.600164
v -83.629896 866.389902 -100.747506
v -78.712646 853.076642 -99.675281
v -0.765378 795.520941 -40.076583
v 7.693847 771.796393 -11.171987
v -38.347234 830.848948 -82.800289
v -22.992650 814.395883 -68.064540
v -94.024103 879.927182 -105.760712
v -71.996861 835.319108 -100.491326
v -83.745570 850.514205 -106.206233
v -42.604974 837.145428 -86.399968
v -60.316797 870.083613 -95.702179
v -5.523089 807.806527 -53.963336
v -17.686832 861.280741 -77.346860
v -93.286246 882.685325 -104.819622
v 5.345202 804.671468 -39.998857
v 11.633141 776.882092 -9.316617
v -11.164698 858.883327 -76.740178
v -61.683690 864.467416 -96.661326
v -54.001336 848.750678 -93.339536
v 12.532948 -0.850553 -4.806334
v 7.235901 -0.850553 -10.103380
v 0.000000 -0.850553 -12.042234
v -7.235901 -0.850553 -10.103380
v -12.532948 -0.850553 -4.806334
v -14.471802 -0.850553 2.429567
v -12.532948 -0.850553 9.665468
v -7.235901 -0.850553 14.962515
v 0.000000 -0.850553 16.901369
v 7.235901 -0.850553 14.962515
v 12.532948 -0.850553 9.665468
v 14.471802 -0.850553 2.429567
v 36.615084 1016.326755 -14.886206
v 35.336340 1016.326755 -16.164944
v 33.589543 1016.326755 -16.633004
v 31.842745 1016.326755 -16.164944
v 30.564005 1016.326755 -14.886206
v 30.095951 1016.326755 -13.139417
v 30.564005 1016.326755 -11.392621
v 31.842745 1016.326755 -10.113883
v 33.589543 1016.326755 -9.645831
v 35.336340 1016.326755 -10.113883
v 36.615084 1016.326755 -11.392621
v 37.083137 1016.326755 -13.139417
v 13.221288 349.469442 -10.260890
v 14.730561 349.363443 -4.130638
v 12.993803 348.855748 1.917164
v 8.474544 348.081117 6.259097
v 2.396028 347.255108 7.718646
v -3.612858 346.618321 5.940122
v -7.931916 346.313768 1.362620
v -9.419733 346.428941 -4.770848
v -7.691697 346.938270 -10.806978
v -3.179941 347.692471 -15.139737
v 2.891584 348.493357 -16.604729
v 8.892635 349.153685 -14.825576
v 9.131346 414.027634 -19.116867
v 10.584366 414.049699 -13.671365
v 9.121621 414.060850 -8.224320
v 5.132853 414.045218 -4.246863
v -0.297828 414.021229 -2.801621
v -5.725315 414.040341 -4.263285
v -9.705007 414.050569 -8.239224
v -11.159670 414.039286 -13.679825
v -9.696215 414.020965 -19.120525
v -5.720011 414.000667 -23.098751
v -0.282798 414.001879 -24.557794
v 5.152685 414.003988 -23.098111
v 21.820242 291.853874 -0.673086
v 19.956574 291.351004 5.818507
v 15.117586 290.577955 10.479452
v 8.594882 289.769160 12.070418
v 2.138362 289.124807 10.165406
v -2.523522 288.834173 5.274577
v -4.129455 288.946815 -1.301377
v -2.267643 289.448473 -7.780776
v 2.581811 290.205863 -12.441382
v 9.104240 290.999448 -14.037405
v 15.556478 291.660909 -12.126861
v 20.205463 291.965990 -7.236659
v 14.619087 602.816622 -25.137297
v 15.758744 602.698207 -20.867968
v 14.625394 602.574730 -16.599858
v 11.522711 602.475611 -13.478719
v 7.286914 602.431324 -12.337051
v 3.051113 602.475611 -13.478719
v -0.052512 602.578789 -16.595364
v -1.185862 602.702319 -20.863474
v -0.041783 602.830910 -25.121592
v 3.059920 602.915003 -28.243820
v 7.289797 602.950275 -29.386084
v 11.517681 602.904458 -28.255611
v 8.766535 720.227056 -10.489568
v 9.751620 720.170116 -6.801788
v 8.768581 720.110802 -3.114598
v 6.079387 720.061190 -0.419149
v 2.407717 720.039996 0.567885
v -1.263951 720.061190 -0.419149
v -3.953146 720.110802 -3.114598
v -4.936184 720.170116 -6.801788
v -3.948394 720.226424 -10.490767
v -1.260123 720.266862 -13.188898
v 2.407717 720.283786 -14.176221
v 6.076970 720.267178 -13.187970
v 17.820867 320.980618 -7.055742
v 19.346442 320.861016 -0.695295
v 17.525799 320.259475 5.569321
v 12.841964 319.325700 10.048496
v 6.549150 318.322859 11.532798
v 0.334711 317.526480 9.647343
v -4.131672 317.143923 4.874684
v -5.650965 317.264922 -1.497054
v -3.826657 317.866384 -7.746596
v 0.859289 318.784448 -12.216083
v 7.151062 319.765831 -13.705680
v 13.357069 320.582403 -11.817887
v 9.315507 397.825214 -15.049342
v 10.784377 397.807842 -9.452157
v 9.258755 397.691667 -3.871404
v 5.150265 397.498728 0.189644
v -0.430912 397.293715 1.640917
v -5.993084 397.171082 0.114173
v -10.054280 397.120547 -3.992895
v -11.516867 397.149307 -9.586012
v -9.994728 397.259340 -15.159631
v -5.890435 397.419459 -19.218870
v -0.306693 397.601037 -20.681947
v 5.255607 397.745840 -19.156563
v 5.501968 432.877296 -25.936976
v 9.391357 432.865591 -22.063721
v 10.815968 432.847376 -16.750181
v 9.401269 432.825680 -11.422263
v 5.522716 432.793097 -7.520570
v 0.233929 432.772298 -6.085201
v -5.052293 432.809758 -7.491966
v -8.944945 432.853254 -11.359400
v -10.369226 432.880143 -16.669294
v -8.951914 432.894747 -21.991698
v -5.084361 432.894352 -25.894216
v 0.209871 432.894984 -27.341617
v 15.312933 572.935889 -26.171379
v 16.500911 572.810830 -21.735882
v 15.328769 572.682555 -17.293098
v 12.109587 572.577215 -14.042063
v 7.711709 572.534404 -12.842003
v 3.310470 572.586494 -14.016738
v 0.079978 572.698267 -17.247028
v -1.103232 572.828545 -21.681479
v 0.078735 572.950018 -26.126861
v 3.297279 573.034428 -29.382796
v 7.690447 573.067011 -30.584617
v 12.086234 573.026467 -29.408139
v 18.550976 161.631917 2.637817
v 16.653860 161.352776 9.460548
v 11.611085 160.923638 14.404490
v 4.771085 160.474677 16.150228
v -2.032176 160.116992 14.230160
v -6.976639 159.955647 9.158607
v -8.730686 160.018189 2.289048
v -6.834599 160.296658 -4.526912
v -1.786014 160.717083 -9.470667
v 5.053833 161.157596 -11.219213
v 11.854717 161.524784 -9.296073
v 16.792020 161.694157 -4.224869
v 7.075314 863.996917 -6.231486
v 7.971710 864.007251 -9.581493
v 10.417236 864.008990 -12.031786
v 13.755715 864.003560 -12.929471
v 17.095865 863.989325 -12.031280
v 19.542291 863.973297 -9.581743
v 20.436984 863.957533 -6.235315
v 19.541843 863.945881 -2.888595
v 17.095595 863.939396 -0.440462
v 13.755306 863.942612 0.456808
v 10.415207 863.959009 -0.438282
v 7.969762 863.979993 -2.885566
v 63.259365 1106.054209 -18.266981
v 57.288231 1086.863088 -35.211417
v 48.079185 1070.625607 -44.596669
v 27.486559 1053.907188 -41.025265
v 35.632876 1083.044055 -32.153458
v 47.289904 1095.855709 -12.029543
v 31.658308 1076.283824 -17.944196
v 27.275094 1067.191872 -24.216020
v 68.731293 1084.835999 -65.121945
v 56.073213 1081.176400 -43.385740
v 46.015059 1073.650844 -54.305883
v 57.771357 1069.000477 -66.196826
v 51.002608 1077.983925 -37.390403
v 35.433456 1067.760752 -46.335416
v 48.123275 1060.538564 -58.538428
v -35.614384 1067.216652 28.997019
v -21.107851 1073.158097 5.268104
v -34.614897 1062.196171 -1.381471
v -38.014299 1051.464643 14.441981
v -17.335932 1072.690023 -3.420643
v -31.212025 1060.276637 -17.125209
v -33.656748 1046.635546 -0.961945
v -6.964039 1069.969629 23.130388
v -8.502939 1059.129704 -0.769227
v -9.976113 1045.378527 -16.430592
v -11.950422 1018.979242 -20.367383
v -18.770124 1039.701330 2.394830
v -8.308623 1050.111564 24.466959
v -10.270896 1028.544118 10.560669
v -11.112517 1021.724311 0.865561
v 13.722390 956.115035 -0.815020
v 66.059081 953.623037 0.598698
v 36.896663 979.077844 -13.591960
v 34.998479 1021.404599 -1.043613
v 100.788590 996.656278 -14.243153
v 60.729683 988.907072 -22.991495
v 46.688554 1011.885487 -22.119213
v 46.688020 1038.453063 -7.199227
v 98.213725 1029.203470 -30.702801
v 87.361093 1058.115210 -37.285297
v 76.745062 1058.062804 -26.688252
v 99.847336 1053.966343 -47.721170
v 52.408101 947.207825 1.273425
v 39.686605 975.288336 -15.432775
v 19.846542 950.493935 -4.731241
v 107.443586 1012.484103 -27.971256
v 74.082656 1017.305081 -34.030029
v 53.516810 997.363925 -25.900690
v 2.441689 1006.635028 -10.777861
v 49.385427 1018.618196 -30.778953
v 12.664470 1036.654159 -25.675469
v 8.409542 1074.660382 -3.538449
v 64.951940 1071.214627 -47.197632
v 27.486661 1053.907188 -41.025229
v 11.152504 1071.734790 -29.138662
v 12.642132 1094.959948 -9.471029
v 49.148227 1103.693490 -52.874959
v 31.165665 1129.066682 -47.414162
v 26.567906 1124.619931 -33.846303
v 38.281452 1130.016537 -62.596059
v 38.962684 1008.632170 -26.350898
v 15.022677 1034.077593 -29.326886
v 7.154027 1003.526910 -18.028486
v 61.658758 1089.988077 -58.151034
v 28.830804 1086.127498 -49.188807
v 18.254054 1060.340959 -38.706451
v -33.411438 1098.529918 1.769900
v -14.563467 1076.450534 -10.420586
v -5.516175 1054.736940 -18.959130
v -14.643764 1024.275359 -23.003765
v -33.158451 1069.031057 -15.347840
v -27.419983 1047.317885 -21.995712
v -44.635611 1077.462075 0.758399
v -41.252408 1047.984197 -7.597463
v -34.829772 1036.395817 -12.796695
v 1.704682 1108.135707 -6.650399
v 14.341353 1085.484596 -24.499487
v 18.366595 1063.895323 -36.497123
v 4.692093 1035.187515 -40.551896
v -5.685693 1080.685656 -25.495572
v -4.437359 1059.266256 -34.888960
v -12.101899 1088.636368 -6.579006
v -14.517543 1059.971371 -17.655821
v -10.971505 1048.340287 -25.053028
v 24.380279 1063.860209 -76.399681
v 23.240793 1041.276583 -54.490077
v 15.354913 1025.561270 -36.683373
v -11.266325 1018.448640 -20.303377
v 3.617666 1041.751089 -60.799527
v -6.525255 1028.925726 -44.030023
v 2.466791 1062.302565 -67.006781
v -14.584422 1047.058699 -46.340599
v -17.665722 1037.523454 -36.233186
v 15.765117 862.073060 -6.768515
v 16.801223 934.325732 -3.026075
v 11.128409 896.420316 -2.083410
v 4.252857 998.977877 -15.208864
v 8.277727 973.613436 -7.205419
v -15.995076 1061.633723 -56.440269
v -21.649433 1026.500897 -21.275550
v -23.301672 1042.957072 -32.591647
v 4.077979 1006.549090 -18.866559
v 7.022412 1037.193620 -42.048530
v 19.424657 953.240585 -4.352536
v 38.124743 1003.824478 -29.765349
v -13.877408 1062.109178 -58.520483
v 26.896260 937.033683 -6.465826
v 17.200563 896.330687 -4.902468
v 19.542301 863.973297 -9.581768
v 42.307670 999.877961 -25.818101
v 2.827016 1035.434680 -38.356104
v 0.772698 1021.942056 -26.919325
v 37.865416 1021.682554 32.544938
v 40.080841 1008.064556 10.168500
v 38.372274 993.273580 -4.489483
v 27.036276 969.307455 -8.155594
v 22.254981 994.838710 9.714167
v 28.013109 1004.383235 33.812725
v 22.047866 982.991673 20.804987
v 21.754391 975.347386 11.711461
v 177.491929 687.742183 62.626743
v 162.892758 696.474617 42.584933
v 146.753803 702.054436 30.545542
v 120.015695 702.965065 31.294787
v 143.910538 703.295479 51.860775
v 158.077171 686.815157 67.115251
v 134.496279 691.568966 57.964949
v 126.177508 695.104192 50.250448
v 174.313940 713.357742 17.801689
v 159.428233 701.246300 34.469355
v 148.600092 711.808481 27.523791
v 155.953758 713.479901 11.891733
v 152.719540 697.840719 38.373510
v 135.756368 708.538873 33.400940
v 142.157411 708.999038 15.486714
v 72.009178 684.659635 111.433916
v 90.046980 698.294399 94.184802
v 73.797610 705.901043 89.192949
v 61.971003 691.097887 93.447249
v 93.775672 703.024642 86.859330
v 77.308986 715.750464 76.791787
v 64.230428 699.086982 78.933173
v 95.873410 676.165719 96.561469
v 91.034525 691.360500 75.662510
v 83.154600 698.977266 57.873843
v 64.922284 692.815018 39.274721
v 70.222124 686.448733 69.695363
v 81.648090 668.111511 85.128715
v 68.023020 671.580517 63.571563
v 64.308530 676.915280 53.623864
v 39.863286 640.616909 -1.230756
v 76.784083 612.740013 -25.869526
v 73.929760 648.020833 -4.729926
v 98.520295 655.538111 31.206377
v 132.881246 623.812025 -22.903021
v 99.377852 647.391269 -14.975731
v 103.941747 662.518196 6.847816
v 119.251213 661.159897 33.157769
v 154.698163 650.489845 -10.688940
v 166.585217 672.147341 8.974327
v 157.173356 669.104230 20.250699
v 174.600686 672.518668 -5.778320
v 62.365923 616.467045 -23.382470
v 73.771091 646.614714 -9.580732
v 41.268041 638.475886 -10.055818
v 150.165302 637.346510 -24.064097
v 129.490955 660.385029 -9.411452
v 100.004839 656.484592 -7.981107
v 66.104343 673.472161 30.561096
v 111.598029 670.539294 4.694569
v 95.515613 691.643832 36.249721
v 114.152636 691.180609 76.313024
v 160.008027 695.987616 21.639307
v 120.015761 702.964959 31.294767
v 117.924403 708.648115 57.548319
v 131.463923 701.562953 83.909723
v 170.441116 720.760348 46.424956
v 173.002274 735.180841 74.397880
v 164.737215 725.155747 81.893601
v 181.066908 743.870254 62.503260
v 96.689309 668.368904 5.685238
v 96.092526 692.330548 31.276953
v 68.590351 675.597367 21.973774
v 171.461976 713.404613 28.619365
v 143.333908 721.118231 46.569634
v 117.070978 708.198125 41.090345
v 98.094149 716.895552 114.099175
v 99.299058 708.566078 83.759107
v 92.963714 702.365553 60.357037
v 66.782063 698.245051 42.325885
v 81.361311 718.709112 84.434645
v 72.305448 712.667126 63.696517
v 76.093829 715.076244 104.959628
v 60.439799 708.525639 79.225336
v 58.331096 704.930784 65.616373
v 131.611495 709.851778 99.156317
v 128.650315 708.774597 67.828671
v 119.172116 707.794690 44.688990
v 90.776098 706.602520 29.862827
v 110.810415 717.573093 73.253425
v 99.014756 715.998841 53.079935
v 108.573608 709.068369 92.871877
v 89.547958 707.812457 68.650778
v 85.595279 707.332732 54.986212
v 129.309364 735.912634 17.578118
v 110.504082 710.670511 16.837434
v 91.799020 694.608017 21.121404
v 65.071404 692.222677 38.657897
v 97.185655 725.449045 22.251867
v 78.854886 712.425075 28.804983
v 110.714710 738.797840 32.301187
v 85.122612 725.209314 42.818152
v 75.134510 715.166294 44.214880
v 28.153150 632.399419 -18.097596
v 63.051808 673.072469 22.071760
v 48.234114 655.045996 8.689162
v 95.092063 739.409742 46.740614
v 62.807952 701.213559 48.019177
v 74.007474 717.208198 52.528088
v 68.416498 678.935725 24.823899
v 94.033046 707.394998 29.185477
v 42.704838 639.450469 -7.853254
v 93.400418 669.584852 0.870731
v 97.269999 740.170269 44.812922
v 37.899221 631.148094 -23.049683
v 93.342462 662.920208 -1.186423
v 89.243095 705.906631 32.213720
v 77.227094 692.791451 31.389576
v 96.022167 628.054897 50.569203
v 91.921772 639.137242 27.086639
v 83.041358 645.686212 9.344125
v 59.434901 644.870642 -3.241092
v 70.101586 643.170699 26.379237
v 77.186141 625.239285 44.634850
v 60.583508 630.050194 25.566751
v 56.647635 634.327125 15.201912
v -7.180682 728.379276 2.536390
v -53.561575 739.939712 -18.970186
v -25.909924 757.804220 5.849488
v -36.911234 772.357838 46.096143
v -84.979430 785.763522 -5.136388
v -44.478771 777.159520 0.057382
v -36.362864 786.108487 24.139980
v -47.410939 790.165722 52.245474
v -80.993846 816.664390 13.997895
v -73.424003 835.645568 38.068804
v -68.699217 824.633819 47.091781
v -79.158378 844.587629 25.061783
v -40.725667 732.004711 -18.484817
v -26.922045 757.756822 0.899198
v -9.913730 729.752443 -6.128698
v -87.505857 807.307400 -1.565709
v -56.224949 805.776276 12.292765
v -38.269151 782.377923 8.194848
v -36.686793 782.232830 -10.637385
v -78.645174 758.603973 -31.338207
v -64.975006 796.997550 -25.107160
v -88.483932 826.499365 -2.094259
v -126.530843 785.826895 -46.963355
v -87.634158 799.434190 -40.391035
v -88.403543 823.242146 -27.801047
v -105.695362 838.234050 -7.684434
v -137.916925 820.256873 -51.632788
v -142.779093 850.800491 -45.273620
v -136.382202 850.433803 -31.711001
v -148.534267 846.955360 -60.574559
v -64.211210 758.611934 -26.908670
v -64.862048 793.615063 -28.859284
v -37.886871 776.931599 -18.046559
v -137.291869 801.873360 -57.450380
v -111.107917 821.776293 -47.901773
v -85.523965 810.414938 -37.749330
v -87.711305 866.688208 -3.688242
v -77.101080 842.549785 -20.896013
v -63.425824 823.410754 -29.435650
v -36.788641 807.138529 -22.138190
v -59.614937 849.433545 -12.413654
v -45.185679 831.696521 -17.490983
v -67.611163 857.814951 5.697982
v -46.006402 836.146277 1.967037
v -39.218440 825.177444 -4.048046
v -107.075857 855.212287 -4.364586
v -100.291401 830.711868 -22.940270
v -88.087785 812.813407 -35.468424
v -58.247121 801.952708 -39.845001
v -82.610552 841.295719 -23.627163
v -68.538742 825.381798 -33.492012
v -83.574247 850.907834 -4.420466
v -61.818897 832.420616 -16.045273
v -56.229787 821.843303 -23.756067
v -92.367432 809.758170 -75.477624
v -75.772516 793.761474 -54.028449
v -59.149724 787.508543 -36.398360
v -35.133960 800.533673 -19.630311
v -62.065284 807.990319 -59.923985
v -45.846982 805.410643 -43.223716
v -75.601009 823.672892 -65.673459
v -52.750434 824.074008 -44.987619
v -43.883477 819.110678 -35.021799
v 3.561508 720.266862 -4.701533
v -32.632722 775.622016 -15.264446
v -17.790327 754.437707 -7.879558
v -61.925081 835.778324 -54.747892
v -33.331471 813.571983 -20.220676
v -43.647568 826.825719 -31.152366
v -37.797730 781.265682 -18.757920
v -61.316119 801.803608 -41.346407
v -11.531003 732.000071 -5.683793
v -60.252725 755.859116 -30.405537
v -63.772332 834.700353 -56.860523
v -5.553062 715.254025 -8.289358
v -60.487803 749.999919 -26.628501
v -57.085360 803.367526 -37.606774
v -46.188164 794.817987 -26.416298
v 222.452718 706.098543 -92.679373
v 198.267727 703.265691 -102.585214
v 177.531629 703.619092 -105.122133
v 155.451164 711.334397 -92.112721
v 186.073629 718.828213 -92.485676
v 208.759273 713.059594 -79.952556
v 183.467353 716.483891 -76.639148
v 171.875073 716.183898 -79.235815
v 191.886350 696.956241 -133.393685
v 190.299274 702.418434 -108.620149
v 175.779424 708.352287 -114.189041
v 173.457444 697.786520 -127.761197
v 187.338925 704.075039 -100.852339
v 168.706244 712.875486 -102.369406
v 164.610311 700.203600 -115.961742
v 160.465648 760.931424 -11.014128
v 164.111526 755.434591 -38.678070
v 146.607853 761.792019 -38.514655
v 141.563251 756.615478 -20.490851
v 162.565441 753.293147 -47.786560
v 141.329570 760.198840 -53.770176
v 134.463722 752.624357 -35.094161
v 174.104590 739.376104 -25.580743
v 156.480446 738.311314 -45.056857
v 139.275263 734.450946 -56.265071
v 115.430322 722.566106 -53.717839
v 136.860293 736.035531 -34.919853
v 157.678810 729.700194 -19.706454
v 134.440419 721.820974 -27.470666
v 125.207512 720.276510 -34.790602
v 82.539719 664.793609 -29.762997
v 105.380119 619.655144 -43.480457
v 107.837545 659.587279 -53.437904
v 145.804963 681.963388 -50.212006
v 151.793700 615.836005 -76.789237
v 123.832171 646.332805 -71.367469
v 136.379684 670.175453 -71.275296
v 163.134941 682.213980 -63.049166
v 171.688671 637.730649 -98.276043
v 188.070771 663.158410 -107.334147
v 186.641467 670.449348 -94.303441
v 186.988858 652.042796 -119.876032
v 93.992653 627.505683 -37.426238
v 105.418765 655.504421 -55.173510
v 79.479039 657.253660 -34.031486
v 163.230883 620.719724 -94.916793
v 149.582239 651.961076 -91.661677
v 126.410121 657.276858 -73.731654
v 115.265813 702.603070 -46.443218
v 140.233883 672.770578 -81.571121
v 139.584984 712.260527 -69.743499
v 176.142817 732.912387 -55.972235
v 185.006465 690.250631 -112.685978
v 155.451216 711.334292 -92.112714
v 166.419061 732.751055 -79.990483
v 192.730918 741.079685 -67.076882
v 202.303056 721.577816 -120.189219
v 216.515320 749.322377 -115.164651
v 215.295709 748.824937 -100.222604
v 215.504979 746.087039 -131.612707
v 128.692203 675.484381 -72.223042
v 137.348453 709.445759 -73.294212
v 112.481638 698.061312 -53.930490
v 195.148248 704.596047 -125.900264
v 179.696008 728.594701 -106.974293
v 157.190174 722.128032 -88.579663
v 177.957828 779.736877 -43.680039
v 164.581129 753.999211 -55.926927
v 148.161859 736.096373 -61.938354
v 117.621299 728.017702 -56.498805
v 148.182764 766.239245 -53.402194
v 130.856820 750.821183 -56.670108
v 155.145898 777.984316 -36.795336
v 129.794032 760.628267 -39.298255
v 121.558524 749.837954 -43.578337
v 199.360172 756.821624 -64.006072
v 180.716419 736.768326 -79.550386
v 160.893929 723.614131 -87.314163
v 129.664769 720.261643 -80.905495
v 167.116518 751.034763 -73.499370
v 147.013898 739.909871 -78.049781
v 176.991536 757.902126 -55.679689
v 148.685832 746.203240 -59.163656
v 138.334951 738.103322 -64.624821
v 150.250554 724.330582 -126.231839
v 138.608728 710.066096 -100.690829
v 128.061229 705.680661 -78.425300
v 115.336725 721.703613 -53.748675
v 127.725200 727.576992 -100.828462
v 118.141054 726.764480 -79.472686
v 141.916731 740.403568 -110.641425
v 128.442864 743.494182 -83.089421
v 122.603148 739.514449 -70.734900
v 4.542931 613.732890 -15.876870
v 65.403261 650.911891 -28.094450
v 32.060112 635.261954 -17.454871
v 108.354973 697.643378 -49.474443
v 92.169457 679.593707 -37.819109
v 136.314374 753.906472 -95.174588
v 116.756816 734.794013 -53.281139
v 125.645666 746.587115 -66.827286
v 113.238316 702.358594 -54.439549
v 131.889476 719.606772 -83.418754
v 81.657033 659.017240 -34.138711
v 123.219465 674.106997 -74.127418
v 136.991256 752.695533 -97.841653
v 71.169442 644.442480 -34.874781
v 33.870140 630.560973 -21.865198
v 6.913008 612.005689 -20.023246
v 123.268207 667.946278 -70.856947
v 129.735721 721.631277 -78.359904
v 121.583923 714.491336 -64.230494
v 158.664517 674.886768 -19.863351
v 141.030104 668.991298 -38.446511
v 123.201869 664.627374 -48.429380
v 97.073606 661.802536 -43.364582
v 121.743686 676.846055 -30.750641
v 140.342216 673.675302 -12.068137
v 115.683312 669.095636 -17.843116
v 106.233742 666.567681 -24.590555
v 56.196347 812.851420 -20.577469
v 93.890766 780.976339 -55.755479
v 77.056568 825.495521 -52.931589
v 108.295390 865.726648 -48.799383
v 133.021567 807.521877 -102.108151
v 93.364909 824.030142 -80.115180
v 96.691721 854.401462 -74.000804
v 122.097918 877.453847 -65.949074
v 137.952104 844.777431 -121.490656
v 141.722948 880.878829 -125.474554
v 141.382464 884.416059 -108.495262
v 141.172100 872.106325 -142.792853
v 80.810752 782.066015 -44.239962
v 75.665212 820.593561 -55.792174
v 54.748472 804.734946 -27.282498
v 137.169486 822.492638 -122.232836
v 111.351629 847.137728 -105.065324
v 90.838640 837.050158 -79.309838
v 69.457517 871.327029 -31.584842
v 96.384347 861.459682 -84.988723
v 83.376457 898.622549 -58.099695
v 117.178981 933.792282 -42.869168
v 125.843561 908.473921 -121.130981
v 93.138411 910.817769 -85.722572
v 99.606346 934.958828 -67.114935
v 127.539023 952.836306 -55.203787
v 128.651897 950.663070 -121.521341
v 133.669742 984.595608 -108.998871
v 137.316477 979.786545 -92.735661
v 128.757237 984.894230 -127.786240
v 86.271681 856.399131 -71.684320
v 81.086387 895.557032 -62.516131
v 66.062376 867.211851 -40.775543
v 126.349173 931.287103 -132.339966
v 106.546573 943.759644 -100.387488
v 91.662488 921.815968 -78.414076
v 110.285256 978.184508 -30.779975
v 91.643824 951.643610 -47.330893
v 75.607639 928.102220 -52.449808
v 58.391832 900.964077 -33.971764
v 80.695606 952.514380 -26.166777
v 66.205255 929.653432 -27.215066
v 99.567120 960.740412 -12.224691
v 79.950526 931.182290 -8.708815
v 70.938713 918.207721 -13.331819
v 128.969605 971.349306 -47.585755
v 112.918974 945.789263 -67.955126
v 95.292773 924.791014 -77.225545
v 66.330630 904.850385 -65.483690
v 94.936999 952.389111 -53.755542
v 77.207672 932.534525 -58.771226
v 107.985801 959.700295 -33.894577
v 82.329698 935.075346 -36.386787
v 73.183125 923.200576 -43.188194
v 71.716375 930.123404 -117.145027
v 73.507687 903.610027 -92.251507
v 71.381901 888.544786 -67.632990
v 59.460419 892.726658 -32.780491
v 55.069554 916.367482 -84.138408
v 52.201747 905.645551 -59.429998
v 61.459143 938.714066 -92.969329
v 54.927308 928.587270 -59.418926
v 54.390167 918.651331 -46.307173
v 0.556964 719.887837 -8.616339
v 44.619778 790.044776 -20.388721
v 19.803075 755.456260 -7.993893
v 63.362016 863.704569 -35.300749
v 57.612167 834.601814 -25.933637
v 55.037499 946.009750 -70.357180
v 55.753897 906.685773 -27.925032
v 55.895827 926.370801 -40.155048
v 64.937692 872.097890 -39.955861
v 68.109394 905.867936 -68.866230
v 56.253182 807.606655 -27.193080
v 80.563904 852.849301 -73.188872
v 55.390742 945.757208 -73.806573
v 51.087080 787.864686 -31.128789
v 22.200225 752.606906 -14.782488
v 2.407642 720.283681 -14.176228
v 84.150640 845.753753 -71.825564
v 66.648970 905.652826 -62.252991
v 65.561825 890.936716 -47.889281
v 39.667362 955.995671 -0.795338
v 67.974634 935.295305 38.160344
v 60.967766 972.420740 21.656890
v 45.561197 1006.003198 45.894854
v 95.531871 966.031467 77.836036
v 81.096194 975.969937 39.965918
v 70.358867 1000.672917 40.592437
v 55.549807 1018.985464 59.926002
v 104.575687 1000.971223 83.692004
v 101.200580 1032.272468 86.108609
v 86.543256 1032.341957 82.921710
v 117.167698 1027.819390 88.801706
v 60.400099 934.148689 25.149924
v 64.401817 968.750912 21.135210
v 46.847477 950.264063 -0.613206
v 109.063351 982.211269 84.031130
v 94.963360 999.966641 58.363112
v 78.663772 986.846874 37.176259
v 18.398169 914.811842 1.581198
v 48.293559 879.920749 26.804500
v 48.541199 920.317795 18.571667
v 50.332247 950.505956 50.790989
v 92.767031 893.698129 60.129749
v 72.777159 914.832087 30.212083
v 70.283632 940.645305 37.518681
v 66.903885 957.317644 62.798079
v 112.835988 923.285671 67.790658
v 119.518241 953.174471 75.471798
v 105.219644 957.467060 76.928518
v 133.613223 944.528238 72.538984
v 37.677601 883.498101 16.682053
v 50.498113 916.133287 16.524069
v 23.381850 907.621498 -1.229181
v 111.556246 904.388427 64.123269
v 97.261181 930.173807 46.697256
v 73.018050 926.313228 29.843221
v 32.707786 922.546602 7.498311
v -6.743728 939.506807 -17.901566
v 18.667530 952.821649 -3.173369
v 29.996038 990.512483 16.918515
v -37.360051 988.005301 -6.996475
v -0.016239 970.368555 -12.970871
v 19.390361 987.932648 -6.583009
v 24.337821 1010.914332 12.802758
v -23.772527 1020.446941 -16.986198
v -4.721332 1045.626641 -17.141942
v 3.825149 1040.976169 -5.725597
v -16.199046 1046.818072 -29.343132
v 5.104311 933.286986 -24.894337
v 15.263426 950.307718 -5.934617
v 25.940701 919.563015 2.044711
v -37.445304 1006.894530 -18.241879
v -3.500376 1002.698740 -19.986221
v 9.545526 976.709850 -13.577751
v 54.949504 970.085644 8.765215
v 15.740041 974.245583 -25.769754
v 40.100322 999.224303 -3.806070
v 23.436207 1029.129975 24.132848
v -11.284695 1023.190955 -38.110508
v 25.841899 1015.499956 -20.681530
v 30.173293 1032.930344 -0.598128
v 14.440949 1048.379934 20.431505
v -7.009082 1058.939163 -31.734298
v -1.845564 1085.576650 -15.585655
v -0.535242 1078.875574 -2.229940
v -3.629178 1088.839246 -31.962430
v 27.029903 966.575672 -19.314539
v 40.089935 997.251730 -8.458144
v 54.195462 968.011316 -0.154887
v -11.522950 1044.461150 -43.659141
v 15.898684 1047.135148 -23.316830
v 30.969144 1023.237668 -13.910320
v 115.414399 1043.334778 40.363079
v 93.325577 1029.648978 22.583007
v 80.133369 1012.949856 9.417080
v 81.244240 982.071554 0.880142
v 109.761191 1017.970443 18.273440
v 99.443802 1000.042140 7.286695
v 120.598427 1020.301743 36.694675
v 110.690168 994.592178 22.872139
v 102.225460 986.233391 15.058637
v 85.783625 1063.787452 30.361948
v 70.282524 1048.586186 7.558810
v 62.411054 1031.054992 -8.470567
v 68.323554 1000.524554 -16.249548
v 88.210458 1038.404453 7.710731
v 82.648460 1019.854864 -5.463617
v 93.689102 1041.335949 28.292484
v 89.918204 1015.114868 12.530049
v 84.502249 1006.203228 2.843726
v 62.504954 1038.537631 -48.123897
v 54.330960 1013.663091 -30.636964
v 55.022842 993.934092 -15.257574
v 76.070545 977.141861 2.137569
v 74.065390 1009.358270 -34.775234
v 77.833123 991.862505 -19.665943
v 81.581033 1029.373976 -37.034013
v 90.708836 1007.029712 -17.860145
v 89.608247 995.652224 -9.379931
v 24.254097 903.135415 1.104267
v 19.349764 865.488183 -4.236222
v 55.325735 962.460021 2.073498
v 43.519821 938.459415 4.937509
v 97.437433 1021.878473 -24.978496
v 88.259543 981.904000 3.668602
v 95.900404 998.639185 -4.277313
v 58.057569 970.104308 -0.124940
v 66.861233 1003.312961 -17.584616
v 27.023682 921.985630 2.951992
v 26.499564 978.937918 -14.666030
v 95.852479 1023.241253 -27.139105
v 15.870424 909.112079 -2.777862
v 13.955741 867.565464 -7.614782
v 20.881152 975.839606 -11.929799
v 69.844819 999.901792 -13.870903
v 66.510467 984.883264 -4.904518
v 85.529428 847.606961 0.157114
v 104.505756 801.214957 -15.173692
v 119.000345 838.231150 -4.241607
v 147.639442 842.968510 29.075972
v 159.947765 786.994073 -13.706467
v 140.661690 823.994185 -13.246724
v 153.255626 840.530025 3.896325
v 168.862594 839.248807 30.035580
v 192.112347 803.555325 -8.413461
v 213.887362 821.987500 5.116490
v 205.163627 826.297963 16.532518
v 219.890914 815.110963 -8.979757
v 93.370781 811.361314 -14.162889
v 117.808281 835.871486 -8.547799
v 85.061052 842.934134 -7.740665
v 181.174990 790.835883 -17.942591
v 173.809105 823.444971 -10.503501
v 145.764683 833.326975 -8.901411
v 47.168487 822.333679 6.778525
v 49.864206 777.218622 -19.767804
v 74.429988 809.091594 -10.801332
v 113.117264 803.434906 9.787946
v 98.300645 754.967678 -40.674368
v 88.292515 793.698523 -28.797437
v 109.097957 804.809233 -15.773836
v 132.145920 796.521252 2.351809
v 132.967896 765.378333 -45.838520
v 161.329235 777.639983 -39.336209
v 158.139792 781.040766 -25.079315
v 160.581124 772.629466 -55.347562
v 42.065652 788.538642 -13.522834
v 71.374962 807.754595 -14.597642
v 43.070405 819.293310 -0.863442
v 117.078728 756.350229 -52.020591
v 119.509226 787.788818 -38.656032
v 96.361406 801.231987 -25.611658
v 62.646086 820.934678 -0.843249
v 42.487263 856.007137 28.359046
v 71.824226 850.036115 16.374718
v 114.304952 857.196722 26.209852
v 67.490078 882.280730 74.107726
v 70.159318 870.978531 34.027175
v 95.331307 874.817177 25.220665
v 123.911980 873.985263 35.751318
v 92.028022 908.778659 68.396417
v 119.092372 922.484283 59.640362
v 125.779687 909.755403 55.367544
v 108.123138 933.984720 65.066388
v 40.295126 855.914133 13.420868
v 66.975055 850.974212 17.441144
v 54.451978 824.049702 1.911889
v 75.111325 902.851661 75.529609
v 87.806212 897.273055 44.214655
v 79.009865 874.267119 27.480314
v 107.842599 847.337548 -4.893525
v 74.074161 881.229700 16.514592
v 114.853375 877.268104 11.915472
v 142.157226 877.008602 46.658360
v 89.304609 925.071077 50.044117
v 110.839901 902.251042 22.535490
v 135.539901 897.443034 32.164582
v 149.530861 893.168053 58.893490
v 119.980871 942.346777 59.913151
v 149.609471 946.276633 70.096307
v 152.301685 931.672401 72.214448
v 142.710381 961.063076 66.123165
v 77.431751 870.027885 6.966061
v 111.079869 879.568244 9.464228
v 101.460128 852.921215 -8.433338
v 101.440897 942.826555 54.599583
v 127.074587 925.571101 39.832648
v 122.275594 901.351696 23.187830
v 205.360890 862.125255 -21.963605
v 175.826941 869.773444 -14.179075
v 150.846771 870.876776 -13.173070
v 125.149465 857.665165 -27.054050
v 173.369476 863.596856 -33.695865
v 150.030252 861.898389 -34.684893
v 189.692051 849.665684 -35.005923
v 159.591595 845.143908 -39.877146
v 145.556638 846.862357 -38.252544
v 200.312386 886.435977 5.961532
v 170.358737 896.130656 5.587516
v 145.925580 898.225125 0.600144
v 123.203068 884.054907 -17.020152
v 171.963067 887.313180 -12.980684
v 149.388733 886.294363 -19.140718
v 187.197865 872.784921 -8.616022
v 158.740279 868.650658 -19.719615
v 144.846567 871.065682 -21.645106
v 131.077017 933.211171 -12.960017
v 118.363189 905.115686 -6.607387
v 112.548306 880.782399 -7.166566
v 119.771496 854.226475 -23.603919
v 122.829553 903.072781 -26.631898
v 119.960665 879.977005 -29.267303
v 139.534765 916.550958 -27.851694
v 137.913669 886.608275 -34.994904
v 133.630701 873.059924 -34.176645
v 41.504206 814.558533 -2.071481
v 9.702225 795.367623 -11.570559
v 99.211314 847.559036 -10.234772
v 77.896661 831.628455 -6.296428
v 148.096483 900.615157 -39.062736
v 129.873090 854.553620 -32.056448
v 141.416681 870.274206 -36.660102
v 104.843328 853.743006 -11.112661
v 123.786473 887.024997 -15.428396
v 57.159877 824.758667 2.084556
v 88.304984 874.388856 13.086868
v 147.188859 903.326272 -38.133337
v 39.674262 822.360304 5.469153
v 6.822687 799.937799 -7.614815
v 84.761718 871.039267 18.074714
v 124.715345 881.654857 -17.579541
v 117.009134 865.705559 -15.760761
v 15.453136 868.424688 -18.223195
v 50.368408 907.443506 -15.810861
v 23.123100 892.233066 -42.757264
v 35.375760 878.967995 -83.087642
v 65.927313 939.585259 -60.566934
v 32.509851 915.517801 -53.833750
v 26.215677 902.277720 -76.439236
v 39.984265 890.309420 -100.844681
v 54.969025 945.388780 -94.963215
v 45.706897 938.856840 -124.434305
v 46.764181 923.967377 -122.957485
v 45.587783 955.431431 -121.733050
v 41.372096 897.214849 -9.299271
v 23.192681 895.871682 -39.251853
v 15.957219 876.093861 -13.186435
v 61.439767 952.101244 -78.073632
v 35.610311 930.273558 -83.485884
v 26.429666 911.177760 -62.563311
v 21.676740 923.025431 -48.626952
v 64.828345 937.074807 -22.399030
v 40.064319 952.719367 -51.412044
v 55.610748 965.246107 -90.832999
v 96.758916 982.883697 -35.058474
v 57.383837 972.880167 -44.589442
v 52.096644 980.209488 -69.971453
v 66.417794 982.956770 -96.725892
v 94.514682 1012.517634 -56.357765
v 89.562510 1029.874632 -82.265389
v 86.204670 1018.238486 -91.115462
v 93.476694 1039.701119 -69.221411
v 52.313724 928.773066 -23.956470
v 40.463358 952.983087 -46.381776
v 23.299418 924.966897 -39.793119
v 99.262119 1004.249530 -39.586089
v 69.951623 1001.064226 -57.011660
v 52.111894 977.451028 -53.717595
v 40.719077 992.048828 -116.874005
v 36.233429 983.923497 -86.787350
v 28.734855 972.130975 -66.028066
v 11.115692 946.845408 -57.208448
v 19.249050 976.245256 -95.600832
v 11.185998 962.777307 -78.217341
v 26.935397 972.593249 -115.344238
v 13.859864 953.018516 -95.442479
v 10.330174 947.395623 -82.852946
v 62.408603 992.256977 -110.819141
v 61.329998 986.228013 -79.934821
v 54.049854 978.438949 -57.294821
v 29.534292 963.235574 -43.315645
v 41.258050 986.974252 -84.589123
v 32.043531 978.004934 -65.012875
v 42.233937 980.779316 -105.153384
v 26.517397 968.461042 -81.670188
v 23.655679 964.664996 -68.254724
v 51.942482 1004.667728 -26.700688
v 45.994243 973.874520 -29.484956
v 35.972689 951.922619 -36.112061
v 12.320476 940.284786 -54.352411
v 27.397790 981.922348 -33.293978
v 16.313613 963.118424 -41.787275
v 33.424817 1000.931048 -41.329021
v 15.907264 978.943085 -53.973387
v 11.224170 965.805602 -56.810410
v 7.075315 863.996917 -6.231486
v 19.405518 920.316741 -40.317164
v 14.367506 896.171569 -29.582427
v 18.579378 996.424192 -55.897521
v 6.046468 948.452717 -62.569223
v 9.026417 968.140487 -64.827185
v 21.592265 928.214203 -42.209605
v 32.146762 965.277530 -42.478670
v 16.749117 877.854172 -15.221063
v 48.997311 927.846725 -19.096536
v 20.278846 997.817447 -53.846147
v 16.569055 866.521815 -1.274641
v 51.910855 921.626271 -17.884385
v 28.372267 962.231414 -45.765643
v 23.276220 945.202458 -46.822374
v 12.726811 839.241109 -12.361164
v 16.005079 812.149151 -4.255059
v -50.440612 984.137973 -44.907648
v -9.615687 944.551963 -40.264458
v -9.573700 923.674554 -36.931210
v 24.527650 890.855629 -12.557526
v -97.155116 1016.165845 -40.727378
v -69.695310 999.606122 -44.442510
v -60.402432 973.779724 -43.911720
v -47.722143 914.453853 -50.496096
v -42.330024 883.455448 -36.576395
v -3.421859 855.593684 -20.842576
v 5.481490 811.352403 -9.971997
v -145.077915 1004.559119 -28.067403
v -101.127236 978.899746 -50.166579
v -83.076807 945.974742 -54.220192
v -153.343963 981.332063 -25.309912
v -95.210281 909.283428 -45.419538
v -73.870394 892.992275 -37.855461
v -91.150825 894.985199 -41.023908
v -118.122957 903.006350 -31.548147
v -129.604915 931.368401 -30.240429
v -105.400865 933.269904 -41.210975
v -121.098978 942.249029 -32.834469
v -26.366524 973.895820 -46.006155
v -26.867609 890.707583 -44.191681
v 12.537087 872.605558 -22.160024
v 12.302497 902.419755 -28.397452
v 10.730460 884.812956 -22.624269
v -25.460238 923.025852 -51.028594
v -70.431849 999.623943 -77.341661
v -53.075852 974.591023 -69.374709
v -45.925578 951.845644 -61.774617
v -58.702693 924.243750 -51.652628
v -70.714760 965.591126 -75.116934
v -66.775756 944.457168 -69.079606
v -84.402484 981.503412 -70.462711
v -83.997757 952.381308 -60.365262
v -78.498861 939.892844 -56.318954
v -21.322199 957.755665 -69.694335
v -11.841515 934.040607 -57.582550
v -10.574861 913.375038 -48.862106
v -27.326054 890.492579 -43.965883
v -26.324458 918.065369 -64.472366
v -37.078050 943.304857 -67.959542
v -42.915208 917.741124 -59.113523
v -40.860855 906.230880 -53.959916
v -130.444026 989.520661 4.660840
v -115.797668 982.759798 -18.550276
v -105.767526 971.296794 -35.064340
v -101.754045 944.144626 -43.715083
v -127.254978 968.288006 -17.168939
v -119.868980 956.287017 -31.426627
v -129.932087 968.249834 1.945338
v -120.417377 948.172653 -14.553206
v -114.360338 942.866624 -24.474080
v -98.104733 948.371629 0.207442
v -84.127732 940.177864 -22.954762
v -73.199107 927.865705 -38.241841
v -64.345034 900.810337 -42.460220
v -87.925933 917.896024 -24.190032
v -93.439116 927.457736 1.167619
v -81.244411 906.753047 -12.559558
v -74.972730 900.884887 -22.019758
v -14.855246 720.337458 -17.814471
v -152.238206 754.135289 59.826448
v -101.328222 729.767680 51.479562
v -85.715033 732.554663 37.499480
v -49.972176 699.533334 15.910111
v -202.952786 779.272494 55.172080
v -174.546843 764.741441 60.072947
v -149.368396 763.440294 49.210262
v -93.440751 771.778783 26.269590
v -70.424454 766.384286 1.271959
v -33.412111 733.902417 -9.343634
v -222.181907 810.279651 19.670223
v -172.201598 796.762617 39.612484
v -135.421183 793.342538 31.750645
v -208.742903 820.225344 1.342532
v -115.148848 805.623010 -0.016459
v -93.700424 788.698761 -5.632802
v -103.080466 803.196441 -9.434812
v -126.273925 815.807643 -23.023252
v -155.182488 817.034820 -12.986415
v -140.839036 805.113549 6.038626
v -158.697798 809.687521 -1.535316
v -131.440804 739.070628 64.944421
v -65.884937 757.733782 17.216693
v -38.432460 718.727144 7.695590
v -60.343264 715.787633 28.650821
v -48.947046 717.526117 14.059569
v -88.764800 753.342548 40.677759
v -164.366006 785.532279 83.460735
v -138.100506 773.399167 71.040468
v -118.744547 768.643724 55.908665
v -106.479219 778.476063 27.971850
v -138.062651 792.314179 62.835368
v -121.127383 790.562620 48.387617
v -159.234266 796.047221 62.629123
v -139.029403 796.322434 39.350339
v -127.559453 792.604734 31.787723
v -108.377097 753.609853 75.130405
v -88.509054 744.549957 57.181553
v -74.171666 743.050940 39.950437
v -66.019538 757.990226 16.743940
v -80.926795 763.421208 47.240816
v -105.431365 767.778067 59.297954
v -90.845705 772.693788 36.299636
v -82.267933 770.660689 27.050093
v -213.236459 782.631678 -6.156307
v -192.917873 787.458931 12.891883
v -173.350904 792.739020 22.585888
v -146.855150 801.371492 15.399935
v -187.650938 798.612452 -0.909212
v -169.727288 804.621012 5.761406
v -195.126355 788.877808 -15.804821
v -168.951933 796.545610 -11.121811
v -158.442342 799.325370 -4.407107
v -162.481124 770.615295 -12.353582
v -141.375729 776.250736 5.584837
v -121.067331 780.297374 14.297655
v -93.605852 782.535090 5.988707
v -125.131064 785.067791 -7.484349
v -143.719813 771.388845 -22.721704
v -116.569135 775.479717 -19.267276
v -105.649506 777.945565 -13.107176
v 25.110105 837.440518 59.684241
v 55.639014 798.090179 76.021276
v 44.909279 835.875176 88.548372
v 26.524027 842.798531 128.129492
v 80.425085 795.794098 127.583389
v 64.757801 827.615666 105.600843
v 51.674782 844.417387 122.107092
v 35.326003 843.549621 147.805505
v 86.079189 818.065605 156.024248
v 79.697193 839.047194 178.740749
v 65.075035 840.123426 175.573212
v 96.044812 835.202749 178.662574
v 48.097430 805.485931 65.232979
v 48.679227 833.812183 85.890600
v 32.815024 833.683223 56.374102
v 92.372928 804.469540 143.869955
v 76.387093 833.758775 136.156047
v 61.254578 837.269696 110.751985
v 7.969060 804.076438 32.350088
v 41.337516 763.785629 29.103177
v 37.582331 798.916873 50.350740
v 36.713036 799.279818 94.529161
v 84.552283 754.708070 65.549765
v 62.338666 788.891938 56.643674
v 57.411029 802.614907 79.300400
v 52.648784 797.402251 108.941337
v 101.715261 772.697110 92.358232
v 105.526385 789.856028 118.588790
v 90.891521 790.898992 121.708178
v 120.369083 786.615576 111.431873
v 30.334994 772.441140 23.447332
v 39.918797 797.397717 46.135837
v 13.603552 801.111515 25.724406
v 102.247287 761.270432 76.823217
v 85.358942 790.826761 80.579497
v 61.458510 797.553460 64.141247
v 21.510189 806.827200 42.774781
v -19.626295 833.390031 33.212779
v 4.498420 835.106055 54.543222
v 12.284163 849.914114 95.442137
v -54.716944 859.078401 72.163254
v -15.889088 853.128310 58.081400
v 1.772964 863.140065 75.794133
v 4.632547 867.180112 105.859765
v -44.437726 890.618270 87.539810
v -27.927879 910.605823 105.565202
v -18.869301 900.128314 111.324173
v -39.574148 918.859797 96.718662
v -7.291624 834.501746 24.576735
v 1.330725 834.876816 50.613207
v 15.017527 807.819445 36.348444
v -56.738074 880.503864 76.650128
v -22.562748 881.248258 74.553524
v -6.995058 858.915804 62.487081
v 39.033264 842.442230 77.137261
v -0.697998 865.859826 52.229558
v 21.310158 871.115557 86.693793
v 2.063625 872.744694 126.437141
v -32.462730 907.912845 74.608791
v 5.388065 893.349842 84.433973
v 8.180637 892.811225 111.226399
v -8.793593 888.629248 136.182962
v -31.628127 930.053282 103.694437
v -28.937574 938.977153 133.862603
v -26.864037 925.125487 139.231688
v -31.174394 952.326898 123.922419
v 11.340793 856.751056 52.465757
v 21.450665 872.826731 81.941433
v 38.405862 846.914869 69.134655
v -34.817544 927.204772 84.882104
v -7.607645 917.491850 103.271916
v 9.798069 894.812585 94.942192
v 92.363702 879.248375 153.432893
v 71.554674 879.587488 129.806264
v 59.933607 875.284565 108.065202
v 63.967011 858.586128 81.000976
v 89.009579 875.244917 119.728500
v 80.388231 868.788792 98.930123
v 99.730772 865.299593 135.488193
v 92.248397 855.109530 107.374269
v 84.568205 853.640882 95.481837
v 60.797102 898.684973 158.132675
v 46.647446 901.831895 130.182178
v 40.377275 899.274204 106.091047
v 49.162274 882.688014 80.104464
v 65.481370 895.674498 124.483628
v 61.633761 890.615634 101.940585
v 70.830209 884.288048 141.917970
v 69.488465 875.514542 112.397769
v 64.879697 875.147591 98.936740
v 39.393255 931.634757 82.003475
v 33.831837 900.962812 77.570484
v 36.574902 876.167778 75.591110
v 59.308577 853.729351 78.287911
v 53.854081 902.149920 72.795177
v 59.438750 879.408652 72.308585
v 59.367311 918.894911 85.100653
v 70.793725 890.268929 84.645932
v 70.879663 876.117375 83.129398
v 14.928372 796.317742 24.461562
v 13.661969 772.038232 -5.182789
v 40.090304 841.433642 67.090472
v 30.700310 821.033059 52.283230
v 75.983131 906.470453 89.842784
v 70.989643 857.116531 83.354815
v 76.896291 875.328852 89.271743
v 42.046164 848.723684 70.800078
v 47.423896 885.518177 80.919440
v 15.867735 809.059170 38.715991
v 9.651605 862.595332 64.200587
v 74.254190 908.808711 89.080781
v 5.969335 802.669370 25.145931
v 8.061852 775.429472 -6.584083
v 4.385540 858.040288 63.784972
v 50.757826 880.738006 81.522774
v 48.979220 863.422238 77.771490
v 16.776137 891.612096 -17.391545
v 13.949810 863.609404 -13.114693
v 17.953564 1051.656765 3.316518
v 25.865729 1002.249119 -24.098275
v 20.208349 982.216541 -20.401150
v 42.839011 935.394424 -31.785624
v 11.021075 1093.388912 41.209518
v 15.016525 1071.284326 18.025643
v 9.749722 1044.817662 12.983386
v -12.653223 988.751540 4.129215
v -11.475025 954.922550 10.288827
v 8.758598 913.663116 -10.349590
v 4.042071 867.565411 -7.614789
v -7.194245 1093.203855 88.746432
v -13.014381 1063.150665 42.471466
v -20.367777 1028.931948 28.283112
v -18.295636 1073.611724 99.155039
v -33.998876 996.459938 46.467991
v -24.129052 973.207892 34.638431
v -34.259126 980.967853 46.877252
v -36.921591 993.502397 73.662014
v -30.293633 1022.407072 81.312727
v -26.217879 1020.170885 55.079295
v -23.837165 1030.599150 71.896147
v 24.826746 1035.576820 -16.173633
v -6.951931 959.182873 -7.348156
v 22.282691 924.922926 -25.716577
v 29.128431 953.998107 -31.684448
v 25.872056 936.738014 -25.578219
v 1.223329 990.236216 -15.225215
v 30.067003 918.358825 -1.191189
v 23.590791 913.994110 -2.256739
v 46.963994 976.044909 2.489442
v 41.395834 949.161312 1.105270
v 22.445018 946.959711 -1.815414
v 68.845121 1016.527630 16.216842
v 61.443517 1000.351307 8.764393
v 21.546607 972.537784 -1.474423
v 89.776657 1054.346159 51.352612
v 91.280879 1028.605171 26.416430
v 17.968820 1017.252991 9.372790
v 12.760646 1006.091245 3.625136
v 73.562387 1066.062443 71.158297
v 48.110453 1071.379755 82.390599
v 17.618385 1044.931859 30.588165
v -6.164660 1038.422273 20.939691
v 28.149947 1082.445228 109.033121
v -19.459322 1086.227039 114.104882
v 94.318711 1039.470931 35.313481
v 70.153947 1021.641431 19.132048
v 56.863436 1046.659271 37.577935
v 71.526145 1043.435585 36.062324
v 49.786242 993.151368 5.181443
v 46.598282 1029.520967 20.884760
v 60.027974 1044.456510 35.605533
v 77.705461 1057.587454 54.738382
v 88.137589 1055.242131 52.428172
v 29.556910 977.050545 -0.090566
v 30.306391 946.974157 -0.620607
v 26.395963 915.884646 -1.795197
v -17.182182 1078.215695 93.611981
v 0.199002 1061.041434 52.019622
v -4.077467 1084.689219 111.649038
v 21.153953 1064.387333 61.692600
v 36.526516 1017.522404 12.140264
v 35.796436 1045.767622 33.861659
v 36.199753 1067.614604 71.475695
v 71.425141 1056.525089 52.316366
v 74.490580 1041.121262 34.190191
v 74.605924 1031.308694 26.023012
v 0.689496 1080.089149 100.224252
v 5.039660 1061.500440 53.494538
v -7.173538 1085.415740 113.221840
v -8.451712 1074.893839 85.884794
v 1.629740 51.393199 -11.445081
v 8.725360 51.511634 -9.511294
v 13.906409 51.566707 -4.287088
v 15.787269 51.547390 2.828440
v 13.861898 51.458233 9.931077
v 8.646869 51.320593 15.114229
v 1.538657 51.176225 16.990790
v -5.557719 51.060870 15.057996
v -10.741075 51.008381 9.833682
v -12.620357 51.027793 2.715946
v -10.695326 51.116720 -4.384507
v -5.478429 51.251543 -9.567606
vt 0.413635 0.682523
vt 0.425058 0.645924
vt 0.428751 0.687097
vt 0.446032 0.660224
vt 0.424587 0.640673
vt 0.443419 0.596451
vt 0.455390 0.620574
vt 0.464904 0.590020
vt 0.502158 0.664597
vt 0.510311 0.644628
vt 0.531166 0.621520
vt 0.519838 0.605226
vt 0.507636 0.595746
vt 0.486091 0.642013
vt 0.390873 0.653034
vt 0.388300 0.643819
vt 0.487453 0.675249
vt 0.449572 0.645225
vt 0.699081 0.797994
vt 0.710503 0.761395
vt 0.714197 0.802568
vt 0.731478 0.775695
vt 0.710032 0.756143
vt 0.728864 0.711921
vt 0.740835 0.736044
vt 0.750349 0.705490
vt 0.787603 0.780068
vt 0.795756 0.760098
vt 0.816612 0.736991
vt 0.805283 0.720696
vt 0.793081 0.711217
vt 0.771536 0.757483
vt 0.676319 0.768505
vt 0.673746 0.759289
vt 0.772898 0.790719
vt 0.735018 0.760695
vt 0.815734 0.036223
vt 0.811310 0.050843
vt 0.851132 0.047271
vt 0.837301 0.067557
vt 0.856211 0.046815
vt 0.875651 0.076608
vt 0.898983 0.065030
vt 0.905203 0.085810
vt 0.833072 0.121842
vt 0.852386 0.129728
vt 0.874736 0.149899
vt 0.890496 0.138942
vt 0.899665 0.127140
vt 0.854915 0.106302
vt 0.853169 0.011719
vt 0.844256 0.014208
vt 0.822770 0.107619
vt 0.851809 0.070981
vt 0.709504 0.506799
vt 0.714078 0.491683
vt 0.672905 0.495376
vt 0.687205 0.474402
vt 0.667654 0.495847
vt 0.647555 0.465044
vt 0.623431 0.477015
vt 0.617000 0.455530
vt 0.691578 0.418276
vt 0.671608 0.410123
vt 0.648501 0.389268
vt 0.632206 0.400596
vt 0.622727 0.412798
vt 0.668994 0.434343
vt 0.670799 0.532134
vt 0.680015 0.529560
vt 0.702229 0.432981
vt 0.672205 0.470862
vt 0.887894 0.470074
vt 0.883446 0.501795
vt 0.905638 0.497736
vt 0.883356 0.525404
vt 0.910191 0.521914
vt 0.888363 0.548580
vt 0.867771 0.486745
vt 0.862896 0.516739
vt 0.867474 0.531990
vt 0.027195 0.923342
vt 0.058915 0.927791
vt 0.054857 0.905599
vt 0.082524 0.927880
vt 0.079034 0.901045
vt 0.105700 0.922873
vt 0.043865 0.943465
vt 0.073860 0.948340
vt 0.089111 0.943762
vt 0.528508 0.876935
vt 0.524060 0.908655
vt 0.546251 0.904596
vt 0.523970 0.932264
vt 0.550805 0.928774
vt 0.528977 0.955440
vt 0.508385 0.893605
vt 0.503510 0.923599
vt 0.508088 0.938851
vt 0.046578 0.485660
vt 0.081749 0.458719
vt 0.057734 0.468391
vt 0.108970 0.431305
vt 0.144501 0.431577
vt 0.157735 0.414330
vt 0.103243 0.438474
vt 0.130185 0.395407
vt 0.122854 0.417964
vt 0.131771 0.401010
vt 0.018597 0.516510
vt 0.023702 0.520694
vt 0.040119 0.475485
vt 0.078842 0.406086
vt 0.072490 0.407983
vt 0.166867 0.381582
vt 0.165179 0.378444
vt 0.541230 0.011719
vt 0.541230 0.022414
vt 0.519588 0.022414
vt 0.519588 0.011719
vt 0.541230 0.033110
vt 0.519588 0.033110
vt 0.541230 0.043806
vt 0.519588 0.043806
vt 0.541230 0.054502
vt 0.519588 0.054502
vt 0.541230 0.065197
vt 0.519588 0.065197
vt 0.541230 0.075893
vt 0.519588 0.075893
vt 0.541230 0.086589
vt 0.519588 0.086589
vt 0.541230 0.097284
vt 0.519588 0.097284
vt 0.541230 0.107980
vt 0.519588 0.107980
vt 0.541230 0.118676
vt 0.519588 0.118676
vt 0.541230 0.129371
vt 0.519588 0.129371
vt 0.541230 0.140495
vt 0.519588 0.140495
vt 0.373916 0.129371
vt 0.373916 0.140495
vt 0.352819 0.140495
vt 0.352819 0.129371
vt 0.373916 0.118676
vt 0.352819 0.118676
vt 0.373916 0.107980
vt 0.352819 0.107980
vt 0.373916 0.097284
vt 0.352819 0.097284
vt 0.373916 0.086589
vt 0.352819 0.086589
vt 0.373916 0.075893
vt 0.352819 0.075893
vt 0.373916 0.065197
vt 0.352819 0.065197
vt 0.373916 0.054502
vt 0.352819 0.054502
vt 0.373916 0.043806
vt 0.352819 0.043806
vt 0.373916 0.033110
vt 0.352819 0.033110
vt 0.373916 0.022414
vt 0.352819 0.022414
vt 0.373916 0.011719
vt 0.352819 0.011719
vt 0.338208 0.129371
vt 0.338208 0.140495
vt 0.315365 0.140495
vt 0.315365 0.129371
vt 0.338208 0.118676
vt 0.315365 0.118676
vt 0.338208 0.107980
vt 0.315365 0.107980
vt 0.338208 0.097284
vt 0.315365 0.097284
vt 0.338208 0.086589
vt 0.315365 0.086589
vt 0.338208 0.075893
vt 0.315365 0.075893
vt 0.338208 0.065197
vt 0.315365 0.065197
vt 0.338208 0.054502
vt 0.315365 0.054502
vt 0.338208 0.043806
vt 0.315365 0.043806
vt 0.338208 0.033110
vt 0.315365 0.033110
vt 0.338208 0.022414
vt 0.315365 0.022414
vt 0.338208 0.011719
vt 0.315365 0.011719
vt 0.414076 0.118676
vt 0.414076 0.129371
vt 0.388774 0.129371
vt 0.388774 0.118676
vt 0.414076 0.107980
vt 0.388774 0.107980
vt 0.414076 0.097284
vt 0.388774 0.097284
vt 0.414076 0.086589
vt 0.388774 0.086589
vt 0.414076 0.075893
vt 0.388774 0.075893
vt 0.414076 0.065197
vt 0.388774 0.065197
vt 0.414076 0.054502
vt 0.388774 0.054502
vt 0.414076 0.043806
vt 0.388774 0.043806
vt 0.414076 0.033110
vt 0.388774 0.033110
vt 0.414076 0.022414
vt 0.388774 0.022414
vt 0.414076 0.011719
vt 0.388774 0.011719
vt 0.414076 0.140495
vt 0.388774 0.140495
vt 0.219123 0.129371
vt 0.219123 0.140495
vt 0.168602 0.140495
vt 0.168602 0.129371
vt 0.219123 0.118676
vt 0.168602 0.118676
vt 0.219123 0.107980
vt 0.168602 0.107980
vt 0.219123 0.097284
vt 0.168602 0.097284
vt 0.219123 0.086589
vt 0.168602 0.086589
vt 0.219123 0.075893
vt 0.168602 0.075893
vt 0.219123 0.065197
vt 0.168602 0.065197
vt 0.219123 0.054502
vt 0.168602 0.054502
vt 0.219123 0.043806
vt 0.168602 0.043806
vt 0.219123 0.033110
vt 0.168602 0.033110
vt 0.219123 0.022414
vt 0.168602 0.022414
vt 0.219123 0.011719
vt 0.168602 0.011719
vt 0.102579 0.140495
vt 0.102579 0.129371
vt 0.102579 0.118676
vt 0.102579 0.107980
vt 0.102579 0.097284
vt 0.102579 0.086589
vt 0.102579 0.075893
vt 0.102579 0.065197
vt 0.102579 0.054502
vt 0.102579 0.043806
vt 0.102579 0.033110
vt 0.102579 0.022414
vt 0.102579 0.011719
vt 0.258220 0.022414
vt 0.258220 0.011719
vt 0.258220 0.140495
vt 0.258220 0.129371
vt 0.258220 0.118676
vt 0.258220 0.107980
vt 0.258220 0.097284
vt 0.258220 0.086589
vt 0.258220 0.075893
vt 0.258220 0.065197
vt 0.258220 0.054502
vt 0.258220 0.043806
vt 0.258220 0.033110
vt 0.474116 0.118676
vt 0.474116 0.129371
vt 0.474116 0.107980
vt 0.474116 0.097284
vt 0.474116 0.086589
vt 0.474116 0.075893
vt 0.474116 0.065197
vt 0.474116 0.054502
vt 0.474116 0.043806
vt 0.474116 0.033110
vt 0.474116 0.022414
vt 0.474116 0.011719
vt 0.474116 0.140495
vt 0.011719 0.065197
vt 0.011719 0.054502
vt 0.011719 0.043806
vt 0.011719 0.033110
vt 0.011719 0.022414
vt 0.011719 0.011719
vt 0.011719 0.140495
vt 0.011719 0.129371
vt 0.011719 0.118676
vt 0.011719 0.107980
vt 0.011719 0.097284
vt 0.011719 0.086589
vt 0.011719 0.075893
vt 0.792589 0.914540
vt 0.807373 0.937589
vt 0.788845 0.950806
vt 0.811168 0.957734
vt 0.792980 0.979953
vt 0.775822 0.928430
vt 0.771760 0.953423
vt 0.775575 0.966130
vt 0.424252 0.939826
vt 0.420632 0.965636
vt 0.438689 0.962334
vt 0.420579 0.979766
vt 0.440244 0.970588
vt 0.407878 0.953390
vt 0.405496 0.968047
vt 0.941996 0.396588
vt 0.967179 0.380435
vt 0.970874 0.400638
vt 0.976414 0.378696
vt 0.986683 0.400698
vt 0.957172 0.414908
vt 0.973571 0.417574
vt 0.134001 0.921219
vt 0.148785 0.944268
vt 0.130257 0.957486
vt 0.152580 0.964413
vt 0.134392 0.986632
vt 0.117234 0.935110
vt 0.113172 0.960102
vt 0.116987 0.972810
vt 0.016293 0.587735
vt 0.052892 0.599158
vt 0.011719 0.602851
vt 0.038592 0.620132
vt 0.058143 0.598686
vt 0.102365 0.617519
vt 0.078242 0.629490
vt 0.108796 0.639003
vt 0.034219 0.676258
vt 0.054188 0.684411
vt 0.077296 0.705266
vt 0.093590 0.693938
vt 0.103070 0.681736
vt 0.056803 0.660190
vt 0.045782 0.564973
vt 0.054997 0.562400
vt 0.023567 0.661553
vt 0.053591 0.623672
vt 0.852226 0.372066
vt 0.815628 0.360644
vt 0.856801 0.356950
vt 0.829928 0.339669
vt 0.810376 0.361115
vt 0.766154 0.342283
vt 0.790277 0.330311
vt 0.759723 0.320798
vt 0.834301 0.283544
vt 0.814331 0.275391
vt 0.791224 0.254535
vt 0.774929 0.265863
vt 0.765449 0.278066
vt 0.811716 0.299611
vt 0.822737 0.394828
vt 0.813522 0.397401
vt 0.844952 0.298249
vt 0.814928 0.336129
vt 0.715015 0.827533
vt 0.742677 0.809790
vt 0.746735 0.831982
vt 0.766854 0.805236
vt 0.770345 0.832071
vt 0.793520 0.827064
vt 0.731685 0.847656
vt 0.761680 0.852531
vt 0.776931 0.847953
vt 0.913688 0.547995
vt 0.931431 0.575657
vt 0.909239 0.579715
vt 0.935985 0.599834
vt 0.909150 0.603325
vt 0.914157 0.626500
vt 0.893565 0.564665
vt 0.888689 0.594660
vt 0.893268 0.609911
vt 0.695305 0.825511
vt 0.713048 0.853173
vt 0.690856 0.857232
vt 0.717602 0.877351
vt 0.690767 0.880841
vt 0.695774 0.904017
vt 0.675182 0.842182
vt 0.670307 0.872176
vt 0.674885 0.887428
vt 0.359260 0.452034
vt 0.348079 0.469342
vt 0.324009 0.479036
vt 0.296727 0.506512
vt 0.247852 0.523525
vt 0.261116 0.506239
vt 0.302467 0.499327
vt 0.275464 0.542491
vt 0.273874 0.536875
vt 0.282812 0.519884
vt 0.387304 0.421115
vt 0.365734 0.462232
vt 0.382188 0.416921
vt 0.411073 0.391859
vt 0.412938 0.395998
vt 0.333289 0.529886
vt 0.326923 0.531788
vt 0.238699 0.556347
vt 0.240391 0.559492
vt 0.077131 0.317157
vt 0.054083 0.331941
vt 0.040865 0.313413
vt 0.033937 0.335735
vt 0.011719 0.317547
vt 0.063241 0.300389
vt 0.038249 0.296327
vt 0.025541 0.300142
vt 0.350540 0.949010
vt 0.327491 0.963794
vt 0.314274 0.945266
vt 0.307346 0.967588
vt 0.285127 0.949400
vt 0.336650 0.932242
vt 0.311657 0.928180
vt 0.298950 0.931995
vt 0.262614 0.943727
vt 0.258994 0.969537
vt 0.277051 0.966235
vt 0.258941 0.983667
vt 0.278606 0.974489
vt 0.246240 0.957291
vt 0.243858 0.971948
vt 0.830575 0.420460
vt 0.846729 0.445643
vt 0.826525 0.449338
vt 0.848468 0.454878
vt 0.826466 0.465147
vt 0.812256 0.435636
vt 0.809590 0.452035
vt 0.580553 0.986353
vt 0.565769 0.963304
vt 0.584297 0.950086
vt 0.561975 0.943159
vt 0.580163 0.920940
vt 0.597320 0.972462
vt 0.601382 0.947470
vt 0.597568 0.934762
vt 0.126344 0.654333
vt 0.162943 0.665755
vt 0.121770 0.669449
vt 0.148643 0.686730
vt 0.168194 0.665284
vt 0.212417 0.684116
vt 0.188293 0.696087
vt 0.218847 0.705601
vt 0.144270 0.742855
vt 0.164240 0.751008
vt 0.187347 0.771864
vt 0.203642 0.760535
vt 0.213121 0.748333
vt 0.166854 0.726788
vt 0.155833 0.631571
vt 0.165049 0.628998
vt 0.133618 0.728150
vt 0.163642 0.690270
vt 0.104222 0.813458
vt 0.067623 0.802036
vt 0.108796 0.798342
vt 0.081923 0.781061
vt 0.062372 0.802507
vt 0.018150 0.783675
vt 0.042273 0.771704
vt 0.011719 0.762190
vt 0.086296 0.724936
vt 0.066327 0.716783
vt 0.043219 0.695927
vt 0.026925 0.707256
vt 0.017445 0.719458
vt 0.063712 0.741003
vt 0.074733 0.836220
vt 0.065518 0.838793
vt 0.096948 0.739641
vt 0.066924 0.777521
vt 0.482818 0.893446
vt 0.465075 0.865784
vt 0.487267 0.861726
vt 0.460521 0.841607
vt 0.487356 0.838117
vt 0.482349 0.814941
vt 0.502941 0.876776
vt 0.507817 0.846781
vt 0.503238 0.831530
vt 0.916145 0.803238
vt 0.898402 0.775577
vt 0.920594 0.771518
vt 0.893848 0.751399
vt 0.920683 0.747909
vt 0.915676 0.724733
vt 0.936268 0.786568
vt 0.941143 0.756573
vt 0.936565 0.741322
vt 0.596366 0.908278
vt 0.624028 0.890535
vt 0.628086 0.912727
vt 0.648205 0.885981
vt 0.651696 0.912816
vt 0.674871 0.907809
vt 0.613036 0.928401
vt 0.643031 0.933276
vt 0.658282 0.928698
vt 0.770040 0.489358
vt 0.787370 0.500554
vt 0.797076 0.524654
vt 0.824586 0.551970
vt 0.841621 0.600907
vt 0.824313 0.587626
vt 0.817393 0.546223
vt 0.860611 0.573260
vt 0.854988 0.574852
vt 0.837975 0.565903
vt 0.780251 0.482876
vt 0.847990 0.515362
vt 0.849894 0.521737
vt 0.874484 0.610071
vt 0.877634 0.608377
vt 0.694575 0.915456
vt 0.709359 0.938505
vt 0.690831 0.951723
vt 0.713153 0.958650
vt 0.694966 0.980869
vt 0.677808 0.929347
vt 0.673746 0.954339
vt 0.677560 0.967047
vt 0.709504 0.344220
vt 0.714078 0.329104
vt 0.672905 0.332798
vt 0.687205 0.311823
vt 0.667654 0.333269
vt 0.647555 0.302465
vt 0.623431 0.314437
vt 0.617000 0.292952
vt 0.691578 0.255698
vt 0.671608 0.247545
vt 0.648501 0.226689
vt 0.632206 0.238017
vt 0.622727 0.250220
vt 0.668994 0.271765
vt 0.670799 0.369555
vt 0.680015 0.366982
vt 0.702229 0.270403
vt 0.672205 0.308283
vt 0.496174 0.738474
vt 0.511290 0.743048
vt 0.507596 0.701875
vt 0.528571 0.716175
vt 0.507125 0.696624
vt 0.537928 0.676525
vt 0.525957 0.652401
vt 0.547442 0.645970
vt 0.584696 0.720548
vt 0.592849 0.700578
vt 0.613705 0.677471
vt 0.602376 0.661176
vt 0.590174 0.651697
vt 0.568629 0.697964
vt 0.470839 0.699769
vt 0.473412 0.708985
vt 0.569991 0.731199
vt 0.532111 0.701175
vt 0.931621 0.500489
vt 0.936070 0.468769
vt 0.913878 0.472828
vt 0.936159 0.445160
vt 0.909324 0.448650
vt 0.931152 0.421984
vt 0.951744 0.483819
vt 0.956619 0.453825
vt 0.952041 0.438573
vt 0.430494 0.828321
vt 0.426045 0.860042
vt 0.448237 0.855983
vt 0.425956 0.883651
vt 0.452791 0.880161
vt 0.430963 0.906827
vt 0.410371 0.844992
vt 0.405496 0.874986
vt 0.410074 0.890237
vt 0.764882 0.873957
vt 0.796602 0.878405
vt 0.792544 0.856214
vt 0.820211 0.878495
vt 0.816721 0.851660
vt 0.843387 0.873488
vt 0.781552 0.894080
vt 0.811547 0.898955
vt 0.826798 0.894377
vt 0.481502 0.744659
vt 0.446206 0.771695
vt 0.470306 0.761988
vt 0.418889 0.799205
vt 0.383233 0.798932
vt 0.369952 0.816240
vt 0.424636 0.792011
vt 0.397599 0.835230
vt 0.404956 0.812594
vt 0.396007 0.829608
vt 0.449123 0.824513
vt 0.455498 0.822609
vt 0.487984 0.754870
vt 0.360787 0.849104
vt 0.362481 0.852253
vt 0.964544 0.915091
vt 0.979328 0.938140
vt 0.960800 0.951357
vt 0.983123 0.958285
vt 0.964935 0.980504
vt 0.947777 0.928981
vt 0.943715 0.953974
vt 0.947530 0.966681
vt 0.892644 0.982925
vt 0.896264 0.957115
vt 0.878207 0.960417
vt 0.896318 0.942985
vt 0.876653 0.952163
vt 0.909018 0.969361
vt 0.911400 0.954704
vt 0.056406 0.172044
vt 0.031223 0.188197
vt 0.027528 0.167994
vt 0.021988 0.189937
vt 0.011719 0.167934
vt 0.041230 0.153724
vt 0.024831 0.151059
vt 0.969703 0.579726
vt 0.984487 0.602774
vt 0.965959 0.615992
vt 0.988281 0.622919
vt 0.970094 0.645138
vt 0.952936 0.593616
vt 0.948874 0.618608
vt 0.952688 0.631316
vt 0.705833 0.037054
vt 0.742432 0.048476
vt 0.701258 0.052170
vt 0.728131 0.069451
vt 0.747683 0.048005
vt 0.791905 0.066837
vt 0.767782 0.078808
vt 0.798336 0.088322
vt 0.723758 0.125576
vt 0.743728 0.133729
vt 0.766835 0.154585
vt 0.783130 0.143256
vt 0.792610 0.131054
vt 0.746343 0.109509
vt 0.735322 0.014292
vt 0.744537 0.011719
vt 0.713107 0.110871
vt 0.743131 0.072991
vt 0.575147 0.743034
vt 0.611746 0.754456
vt 0.570573 0.758150
vt 0.597445 0.775431
vt 0.616997 0.753985
vt 0.661219 0.772817
vt 0.637096 0.784789
vt 0.667650 0.794302
vt 0.593072 0.831556
vt 0.613042 0.839709
vt 0.636149 0.860565
vt 0.652444 0.849237
vt 0.661924 0.837034
vt 0.615657 0.815489
vt 0.604636 0.720272
vt 0.613851 0.717699
vt 0.582421 0.816851
vt 0.612445 0.778971
vt 0.036717 0.820344
vt 0.054460 0.848006
vt 0.032268 0.852065
vt 0.059014 0.872184
vt 0.032179 0.875674
vt 0.037186 0.898849
vt 0.016594 0.837014
vt 0.011719 0.867009
vt 0.016297 0.882260
vt 0.929901 0.711597
vt 0.912158 0.683935
vt 0.934350 0.679877
vt 0.907604 0.659758
vt 0.934439 0.656267
vt 0.929433 0.633092
vt 0.950024 0.694927
vt 0.954900 0.664932
vt 0.950321 0.649681
vt 0.916145 0.937724
vt 0.898402 0.910063
vt 0.920594 0.906004
vt 0.893848 0.885885
vt 0.920683 0.882395
vt 0.915676 0.859219
vt 0.936268 0.921054
vt 0.941143 0.891060
vt 0.936565 0.875808
vt 0.486507 0.416458
vt 0.475326 0.433766
vt 0.451256 0.443460
vt 0.423974 0.470935
vt 0.375099 0.487949
vt 0.388363 0.470662
vt 0.429714 0.463751
vt 0.402711 0.506915
vt 0.401121 0.501299
vt 0.410059 0.484307
vt 0.514551 0.385538
vt 0.492981 0.426656
vt 0.509435 0.381345
vt 0.538319 0.356283
vt 0.540184 0.360422
vt 0.460536 0.494310
vt 0.454170 0.496211
vt 0.365946 0.520770
vt 0.367638 0.523916
vt 0.570236 0.077131
vt 0.555452 0.054083
vt 0.573980 0.040865
vt 0.551658 0.033937
vt 0.569845 0.011719
vt 0.587003 0.063241
vt 0.591065 0.038249
vt 0.587250 0.025541
vt 0.488101 0.578065
vt 0.501311 0.535740
vt 0.505582 0.583355
vt 0.525567 0.552278
vt 0.500766 0.529667
vt 0.522545 0.478525
vt 0.536389 0.506423
vt 0.547391 0.471088
vt 0.590475 0.557335
vt 0.599903 0.534240
vt 0.624022 0.507517
vt 0.610921 0.488673
vt 0.596810 0.477710
vt 0.571894 0.531217
vt 0.461778 0.543962
vt 0.458802 0.533305
vt 0.573469 0.569653
vt 0.529661 0.534931
vt 0.065156 0.490853
vt 0.107482 0.504063
vt 0.059866 0.508335
vt 0.090944 0.528320
vt 0.113555 0.503518
vt 0.164696 0.525297
vt 0.136799 0.539142
vt 0.172133 0.550144
vt 0.085887 0.593227
vt 0.108981 0.602656
vt 0.135704 0.626775
vt 0.154548 0.613674
vt 0.165511 0.599562
vt 0.112005 0.574646
vt 0.099259 0.464530
vt 0.109917 0.461554
vt 0.073569 0.576221
vt 0.108290 0.532414
vt 0.874925 0.460293
vt 0.854406 0.428303
vt 0.880070 0.423609
vt 0.849140 0.400342
vt 0.880174 0.396306
vt 0.874383 0.369504
vt 0.898197 0.441014
vt 0.903835 0.406326
vt 0.898541 0.388689
vt 0.539298 0.750317
vt 0.559817 0.782307
vt 0.534153 0.787001
vt 0.565084 0.810268
vt 0.534050 0.814304
vt 0.539840 0.841106
vt 0.516026 0.769596
vt 0.510388 0.804284
vt 0.515683 0.821921
vt 0.293402 0.752361
vt 0.313922 0.784351
vt 0.288258 0.789045
vt 0.319188 0.812312
vt 0.288154 0.816348
vt 0.293945 0.843150
vt 0.270131 0.771640
vt 0.264493 0.806328
vt 0.269787 0.823965
vt 0.180377 0.279406
vt 0.167445 0.299421
vt 0.139610 0.310633
vt 0.108059 0.342407
vt 0.051536 0.362082
vt 0.066875 0.342092
vt 0.114696 0.334098
vt 0.083468 0.384016
vt 0.081630 0.377522
vt 0.091966 0.357871
vt 0.212808 0.243648
vt 0.187863 0.291199
vt 0.206892 0.238798
vt 0.240296 0.209815
vt 0.242453 0.214601
vt 0.150342 0.369439
vt 0.142979 0.371638
vt 0.040951 0.400040
vt 0.042907 0.403678
vt 0.294327 0.569213
vt 0.282904 0.605812
vt 0.279211 0.564639
vt 0.261930 0.591512
vt 0.283375 0.611063
vt 0.264543 0.655285
vt 0.252572 0.631162
vt 0.243058 0.661716
vt 0.205804 0.587139
vt 0.197651 0.607108
vt 0.176796 0.630216
vt 0.188124 0.646510
vt 0.200326 0.655990
vt 0.221871 0.609723
vt 0.317089 0.598702
vt 0.319662 0.607917
vt 0.220509 0.576487
vt 0.258390 0.606511
vt 0.709272 0.517362
vt 0.745871 0.528785
vt 0.704698 0.532479
vt 0.731570 0.549760
vt 0.751122 0.528314
vt 0.795344 0.547146
vt 0.771221 0.559117
vt 0.801775 0.568631
vt 0.727197 0.605885
vt 0.747167 0.614038
vt 0.770274 0.634894
vt 0.786569 0.623565
vt 0.796049 0.611363
vt 0.749782 0.589818
vt 0.738761 0.494601
vt 0.747976 0.492028
vt 0.716546 0.591180
vt 0.746570 0.553300
vt 0.878425 0.245588
vt 0.882849 0.230968
vt 0.843026 0.234540
vt 0.856858 0.214253
vt 0.837947 0.234996
vt 0.818508 0.205203
vt 0.795175 0.216781
vt 0.788956 0.196001
vt 0.861087 0.159968
vt 0.841773 0.152083
vt 0.819423 0.131911
vt 0.803663 0.142868
vt 0.794494 0.154670
vt 0.839244 0.175509
vt 0.840990 0.270092
vt 0.849903 0.267603
vt 0.871389 0.174191
vt 0.842350 0.210829
vt 0.260595 0.721717
vt 0.275711 0.726291
vt 0.272018 0.685118
vt 0.292992 0.699418
vt 0.271547 0.679867
vt 0.302350 0.659768
vt 0.290379 0.635645
vt 0.311864 0.629214
vt 0.349118 0.703791
vt 0.357271 0.683822
vt 0.378126 0.660714
vt 0.366798 0.644419
vt 0.354596 0.634940
vt 0.333051 0.681207
vt 0.235260 0.683013
vt 0.237833 0.692228
vt 0.334413 0.714443
vt 0.296532 0.684419
vt 0.330760 0.831232
vt 0.326311 0.862953
vt 0.348503 0.858894
vt 0.326222 0.886562
vt 0.353057 0.883072
vt 0.331229 0.909738
vt 0.310637 0.847903
vt 0.305762 0.877897
vt 0.310340 0.893148
vt 0.384066 0.878561
vt 0.379617 0.910282
vt 0.401809 0.906223
vt 0.379528 0.933891
vt 0.406363 0.930401
vt 0.384535 0.957067
vt 0.363943 0.895232
vt 0.359068 0.925226
vt 0.363646 0.940477
vt 0.929901 0.386402
vt 0.934350 0.354682
vt 0.912158 0.358740
vt 0.934439 0.331073
vt 0.907604 0.334563
vt 0.929433 0.307897
vt 0.950024 0.369732
vt 0.954900 0.339737
vt 0.950321 0.324486
vt 0.500539 0.475806
vt 0.535710 0.448865
vt 0.511695 0.458538
vt 0.562931 0.421452
vt 0.598462 0.421724
vt 0.611696 0.404477
vt 0.557204 0.428620
vt 0.584146 0.385553
vt 0.576815 0.408110
vt 0.585732 0.391157
vt 0.472558 0.506656
vt 0.477663 0.510841
vt 0.494080 0.465631
vt 0.532804 0.396233
vt 0.526451 0.398130
vt 0.620828 0.371729
vt 0.619140 0.368591
vt 0.642442 0.215111
vt 0.605843 0.203688
vt 0.647016 0.199994
vt 0.620143 0.182713
vt 0.600591 0.204159
vt 0.556369 0.185327
vt 0.580492 0.173355
vt 0.549938 0.163842
vt 0.624516 0.126587
vt 0.604546 0.118434
vt 0.581439 0.097579
vt 0.565144 0.108907
vt 0.555664 0.121109
vt 0.601931 0.142655
vt 0.612953 0.237872
vt 0.603737 0.240446
vt 0.635167 0.141293
vt 0.605143 0.179173
vt 0.337975 0.786373
vt 0.349397 0.749774
vt 0.353091 0.790947
vt 0.370372 0.764074
vt 0.348926 0.744522
vt 0.367759 0.700300
vt 0.379730 0.724423
vt 0.389243 0.693869
vt 0.426498 0.768447
vt 0.434650 0.748477
vt 0.455506 0.725370
vt 0.444178 0.709075
vt 0.431975 0.699596
vt 0.410430 0.745862
vt 0.315213 0.756884
vt 0.312640 0.747668
vt 0.411792 0.779098
vt 0.373912 0.749074
vt 0.808856 0.635966
vt 0.804431 0.650586
vt 0.844254 0.647014
vt 0.830423 0.667301
vt 0.849333 0.646558
vt 0.868773 0.676351
vt 0.892105 0.664773
vt 0.898325 0.685553
vt 0.826193 0.721585
vt 0.845508 0.729471
vt 0.867858 0.749643
vt 0.883618 0.738686
vt 0.892787 0.726884
vt 0.848037 0.706045
vt 0.846291 0.611462
vt 0.837377 0.613951
vt 0.815891 0.707363
vt 0.844931 0.670724
vt 0.447367 0.528430
vt 0.432251 0.523856
vt 0.435944 0.565029
vt 0.414970 0.550729
vt 0.436416 0.570281
vt 0.405612 0.590380
vt 0.417583 0.614503
vt 0.396098 0.620934
vt 0.358844 0.546356
vt 0.350691 0.566326
vt 0.329836 0.589433
vt 0.341164 0.605728
vt 0.353366 0.615207
vt 0.374911 0.568941
vt 0.472702 0.567135
vt 0.470129 0.557919
vt 0.373549 0.535705
vt 0.411430 0.565729
vt 0.275735 0.856027
vt 0.271286 0.887748
vt 0.293478 0.883689
vt 0.271197 0.911357
vt 0.298031 0.907867
vt 0.276203 0.934532
vt 0.255611 0.872698
vt 0.250736 0.902692
vt 0.255314 0.917943
vt 0.220709 0.882625
vt 0.216260 0.914346
vt 0.238452 0.910287
vt 0.216171 0.937955
vt 0.243006 0.934464
vt 0.221178 0.961130
vt 0.200586 0.899295
vt 0.195711 0.929290
vt 0.200289 0.944541
vt 0.913688 0.140245
vt 0.909239 0.171965
vt 0.931431 0.167907
vt 0.909150 0.195575
vt 0.935985 0.192084
vt 0.914157 0.218750
vt 0.893565 0.156915
vt 0.888689 0.186910
vt 0.893268 0.202161
vt 0.517910 0.237744
vt 0.544851 0.272915
vt 0.535178 0.248900
vt 0.572264 0.300136
vt 0.571992 0.335667
vt 0.589239 0.348901
vt 0.565096 0.294409
vt 0.608163 0.321351
vt 0.585606 0.314020
vt 0.602560 0.322937
vt 0.487060 0.209763
vt 0.482876 0.214868
vt 0.528085 0.231285
vt 0.597483 0.270008
vt 0.595586 0.263656
vt 0.621987 0.358033
vt 0.625126 0.356345
vt 0.580432 0.635776
vt 0.595548 0.640351
vt 0.591854 0.599177
vt 0.612829 0.613478
vt 0.591383 0.593926
vt 0.622186 0.573827
vt 0.610215 0.549704
vt 0.631700 0.543273
vt 0.668954 0.617851
vt 0.677107 0.597881
vt 0.697963 0.574774
vt 0.686634 0.558479
vt 0.674432 0.548999
vt 0.652887 0.595266
vt 0.555097 0.597072
vt 0.557670 0.606287
vt 0.654249 0.628502
vt 0.616369 0.598478
vt 0.761090 0.258359
vt 0.765664 0.243243
vt 0.724491 0.246937
vt 0.738792 0.225962
vt 0.719240 0.247408
vt 0.699141 0.216605
vt 0.675018 0.228576
vt 0.668587 0.207091
vt 0.743165 0.169837
vt 0.723195 0.161684
vt 0.700088 0.140828
vt 0.683793 0.152157
vt 0.674313 0.164359
vt 0.720580 0.185904
vt 0.722386 0.283694
vt 0.731601 0.281121
vt 0.753816 0.184542
vt 0.723792 0.222422
vt 0.931621 0.090224
vt 0.936070 0.058504
vt 0.913878 0.062562
vt 0.936159 0.034894
vt 0.909324 0.038385
vt 0.931152 0.011719
vt 0.951744 0.073554
vt 0.956619 0.043559
vt 0.952041 0.028308
vt 0.568796 0.910434
vt 0.573244 0.878713
vt 0.551053 0.882772
vt 0.573334 0.855104
vt 0.546499 0.858594
vt 0.568327 0.831929
vt 0.588919 0.893763
vt 0.593794 0.863769
vt 0.589216 0.848518
vt 0.936779 0.295444
vt 0.941228 0.263724
vt 0.919036 0.267782
vt 0.941317 0.240115
vt 0.914483 0.243605
vt 0.936311 0.216939
vt 0.956903 0.278774
vt 0.961778 0.248779
vt 0.957200 0.233528
vt 0.259680 0.735619
vt 0.224384 0.762655
vt 0.248484 0.752949
vt 0.197067 0.790166
vt 0.161411 0.789893
vt 0.148130 0.807201
vt 0.202814 0.782972
vt 0.175777 0.826191
vt 0.183134 0.803555
vt 0.174185 0.820568
vt 0.227301 0.815474
vt 0.233676 0.813570
vt 0.266162 0.745830
vt 0.138965 0.840064
vt 0.140659 0.843214
vt 0.070344 0.191581
vt 0.138899 0.225383
vt 0.077099 0.206746
vt 0.175198 0.233717
vt 0.154401 0.261999
vt 0.169499 0.215029
vt 0.218562 0.199571
vt 0.240903 0.184421
vt 0.266636 0.198019
vt 0.023421 0.213348
vt 0.058267 0.239439
vt 0.011719 0.261752
vt 0.028236 0.285764
vt 0.095650 0.242002
vt 0.082532 0.282479
vt 0.098890 0.271979
vt 0.127166 0.273858
vt 0.144157 0.278185
vt 0.088729 0.298211
vt 0.122882 0.303981
vt 0.086971 0.176527
vt 0.142202 0.182815
vt 0.120531 0.173584
vt 0.137086 0.199907
vt 0.202041 0.177520
vt 0.190145 0.168806
vt 0.195577 0.151056
vt 0.276257 0.187951
vt 0.048980 0.200068
vt 0.169148 0.167193
vt 0.257726 0.850330
vt 0.229816 0.868232
vt 0.225721 0.845841
vt 0.205421 0.872827
vt 0.201899 0.845751
vt 0.178515 0.850803
vt 0.240906 0.830026
vt 0.210642 0.825107
vt 0.195253 0.829726
vt 0.949715 0.165495
vt 0.933994 0.140985
vt 0.953697 0.126929
vt 0.929959 0.119561
vt 0.949300 0.095933
vt 0.967546 0.150724
vt 0.971866 0.124146
vt 0.967809 0.110633
vt 0.461803 0.967600
vt 0.445731 0.942543
vt 0.465833 0.938867
vt 0.441606 0.920643
vt 0.465914 0.917481
vt 0.461379 0.896488
vt 0.480031 0.952500
vt 0.484447 0.925330
vt 0.480300 0.911515
vt 0.952109 0.793971
vt 0.967831 0.818481
vt 0.948128 0.832537
vt 0.971866 0.839904
vt 0.952525 0.863532
vt 0.934278 0.808742
vt 0.929959 0.835319
vt 0.934015 0.848833
vt 0.481598 0.366475
vt 0.412994 0.332649
vt 0.474837 0.351300
vt 0.376671 0.324310
vt 0.397482 0.296009
vt 0.382373 0.343011
vt 0.333277 0.358480
vt 0.528553 0.344693
vt 0.493683 0.318584
vt 0.540263 0.296256
vt 0.523735 0.272227
vt 0.456274 0.316020
vt 0.469401 0.275514
vt 0.453032 0.286021
vt 0.424736 0.284141
vt 0.407733 0.279811
vt 0.463199 0.259771
vt 0.429023 0.253997
vt 0.464959 0.381540
vt 0.409690 0.375248
vt 0.431376 0.384485
vt 0.414810 0.358144
vt 0.349809 0.380546
vt 0.361713 0.389267
vt 0.356277 0.407029
vt 0.310921 0.373640
vt 0.502977 0.357983
vt 0.382725 0.390881
vt 0.880235 0.335361
vt 0.862332 0.307451
vt 0.884724 0.303356
vt 0.857737 0.283056
vt 0.884814 0.279534
vt 0.879762 0.256150
vt 0.900539 0.318541
vt 0.905458 0.288277
vt 0.900838 0.272889
vt 0.346091 0.328070
vt 0.321581 0.343792
vt 0.307525 0.324089
vt 0.300158 0.347827
vt 0.276529 0.328486
vt 0.331320 0.310240
vt 0.304742 0.305920
vt 0.291229 0.309977
vt 0.814749 0.920381
vt 0.839805 0.904308
vt 0.843482 0.924410
vt 0.861706 0.900184
vt 0.864868 0.924491
vt 0.885860 0.919956
vt 0.829849 0.938608
vt 0.857019 0.943025
vt 0.870834 0.938877
vt 0.955548 0.501193
vt 0.971270 0.525704
vt 0.951567 0.539760
vt 0.975305 0.547127
vt 0.955964 0.570755
vt 0.937717 0.515964
vt 0.933398 0.542542
vt 0.937454 0.556055
vt 0.694028 0.129250
vt 0.657429 0.117828
vt 0.698602 0.114134
vt 0.671729 0.096853
vt 0.652178 0.118299
vt 0.607955 0.099466
vt 0.632079 0.087495
vt 0.601525 0.077982
vt 0.676102 0.040727
vt 0.656132 0.032574
vt 0.633025 0.011719
vt 0.616730 0.023047
vt 0.607251 0.035249
vt 0.653518 0.056795
vt 0.664539 0.152012
vt 0.655323 0.154585
vt 0.686754 0.055432
vt 0.656730 0.093313
vt 0.709272 0.354784
vt 0.745871 0.366206
vt 0.704698 0.369900
vt 0.731570 0.387181
vt 0.751122 0.365735
vt 0.795344 0.384568
vt 0.771221 0.396539
vt 0.801775 0.406052
vt 0.727197 0.443307
vt 0.747167 0.451459
vt 0.770274 0.472315
vt 0.786569 0.460987
vt 0.796049 0.448784
vt 0.749782 0.427239
vt 0.738761 0.332022
vt 0.747976 0.329449
vt 0.716546 0.428601
vt 0.746570 0.390721
vt 0.893901 0.860626
vt 0.898325 0.846005
vt 0.858502 0.849578
vt 0.872334 0.829291
vt 0.853423 0.850033
vt 0.833984 0.820240
vt 0.810651 0.831819
vt 0.804431 0.811039
vt 0.876563 0.775006
vt 0.857248 0.767121
vt 0.834899 0.746949
vt 0.819139 0.757906
vt 0.809970 0.769708
vt 0.854719 0.790546
vt 0.856466 0.885130
vt 0.865379 0.882641
vt 0.886865 0.789229
vt 0.857826 0.825867
vt 0.739690 0.631566
vt 0.724574 0.626992
vt 0.728268 0.668165
vt 0.707293 0.653865
vt 0.728739 0.673416
vt 0.697935 0.693515
vt 0.709907 0.717639
vt 0.688422 0.724069
vt 0.651168 0.649492
vt 0.643015 0.669461
vt 0.622159 0.692569
vt 0.633488 0.708864
vt 0.645690 0.718343
vt 0.667235 0.672076
vt 0.765025 0.670270
vt 0.762452 0.661055
vt 0.665873 0.638840
vt 0.703753 0.668864
vt 0.739031 0.955503
vt 0.743480 0.923782
vt 0.721288 0.927841
vt 0.743569 0.900173
vt 0.716734 0.903663
vt 0.738562 0.876998
vt 0.759154 0.938833
vt 0.764030 0.908838
vt 0.759451 0.893587
vt 0.107219 0.824019
vt 0.102770 0.855739
vt 0.124962 0.851680
vt 0.102681 0.879348
vt 0.129515 0.875858
vt 0.107687 0.902524
vt 0.087095 0.840689
vt 0.082220 0.870683
vt 0.086799 0.885935
vt 0.162982 0.937091
vt 0.167431 0.905371
vt 0.145239 0.909429
vt 0.167520 0.881761
vt 0.140685 0.885252
vt 0.162513 0.858586
vt 0.183105 0.920421
vt 0.187980 0.890426
vt 0.183402 0.875175
vt 0.216813 0.520168
vt 0.251985 0.493227
vt 0.227969 0.502899
vt 0.279205 0.465813
vt 0.314736 0.466085
vt 0.327970 0.448838
vt 0.273479 0.472982
vt 0.300421 0.429915
vt 0.293089 0.452471
vt 0.302007 0.435518
vt 0.188832 0.551018
vt 0.193937 0.555202
vt 0.210354 0.509993
vt 0.249078 0.440594
vt 0.242726 0.442491
vt 0.337102 0.416090
vt 0.335415 0.412952
vt 0.316240 0.191581
vt 0.384795 0.225383
vt 0.322995 0.206746
vt 0.421093 0.233717
vt 0.400297 0.261999
vt 0.415395 0.215029
vt 0.464458 0.199571
vt 0.486798 0.184421
vt 0.512532 0.198019
vt 0.269316 0.213348
vt 0.304163 0.239439
vt 0.257614 0.261752
vt 0.274132 0.285764
vt 0.341546 0.242002
vt 0.328427 0.282479
vt 0.344786 0.271979
vt 0.373062 0.273858
vt 0.390053 0.278185
vt 0.334625 0.298211
vt 0.368777 0.303981
vt 0.332867 0.176527
vt 0.388098 0.182815
vt 0.366427 0.173584
vt 0.382981 0.199907
vt 0.447937 0.177520
vt 0.436041 0.168806
vt 0.441473 0.151056
vt 0.522152 0.187951
vt 0.294875 0.200068
vt 0.415043 0.167193
vt 0.175224 0.476719
vt 0.159651 0.505594
vt 0.156161 0.506331
vt 0.167413 0.473820
vt 0.202746 0.454677
vt 0.212335 0.438759
vt 0.226967 0.436124
vt 0.176210 0.448413
vt 0.247430 0.381599
vt 0.226019 0.374683
vt 0.264483 0.329440
vt 0.191806 0.402053
vt 0.185895 0.447020
vt 0.181364 0.411775
vt 0.179843 0.368238
vt 0.207547 0.368792
vt 0.209620 0.336285
vt 0.204392 0.335311
vt 0.245712 0.417246
vt 0.279294 0.405556
vt 0.270180 0.417433
vt 0.241768 0.422182
vt 0.260322 0.392525
vt 0.226531 0.399354
vt 0.269461 0.372308
vt 0.276561 0.372955
vt 0.249001 0.385851
vt 0.261414 0.396383
vt 0.255273 0.408058
vt 0.210303 0.408855
vt 0.186993 0.478803
vt 0.164219 0.504629
vt 0.210770 0.285263
vt 0.214580 0.297300
vt 0.247762 0.334190
vt 0.228783 0.336234
vt 0.260378 0.292784
vt 0.281744 0.354024
vt 0.285582 0.383005
vt 0.284420 0.380843
vt 0.232284 0.273998
vt 0.230566 0.287722
vt 0.230287 0.270891
vt 0.219539 0.263840
vn -0.928717 -0.065775 0.364908
vn -0.889208 0.154434 0.430650
vn -0.906501 -0.129214 0.401945
vn -0.908027 -0.089921 0.409147
vn -0.542597 0.795917 0.268522
vn -0.273294 0.948839 0.158162
vn -0.468428 0.870549 0.150728
vn -0.381666 0.924020 -0.022759
vn -0.945084 0.057424 0.321744
vn -0.950130 -0.084254 0.300258
vn -0.814667 0.545866 0.195827
vn -0.525510 0.850610 0.017405
vn -0.406926 0.912649 -0.038518
vn -0.922826 0.225456 0.312348
vn -0.671702 0.712678 0.202251
vn -0.671703 0.712678 0.202250
vn -0.846134 -0.268741 0.460257
vn -0.803480 0.499277 0.324256
vn -0.759503 0.082953 0.645193
vn -0.711607 0.310668 0.630159
vn -0.723634 0.031534 0.689463
vn -0.724653 0.071295 0.685416
vn -0.465798 0.863721 0.192403
vn -0.253384 0.966679 -0.036448
vn -0.436731 0.898651 0.041133
vn -0.412506 0.897041 -0.158606
vn -0.794631 0.189655 0.576708
vn -0.799519 0.048050 0.598715
vn -0.734612 0.616293 0.283776
vn -0.532350 0.844690 -0.055692
vn -0.440902 0.882887 -0.161607
vn -0.784561 0.347025 0.513846
vn -0.605170 0.771332 0.197020
vn -0.605170 0.771333 0.197018
vn -0.641249 -0.088606 0.762200
vn -0.680828 0.607257 0.409526
vn -0.280872 0.959462 0.023295
vn -0.398668 0.760410 0.512679
vn -0.698718 0.508968 0.502738
vn -0.284198 0.590378 0.755437
vn -0.875427 0.159442 0.456296
vn -0.932939 0.181603 0.310879
vn -0.984224 0.029950 0.174375
vn -0.964862 0.234115 0.119294
vn -0.202436 0.461774 0.863588
vn -0.061826 0.489115 0.870025
vn -0.661241 0.422500 0.619883
vn -0.913939 0.315625 0.255141
vn -0.956218 0.263964 0.126374
vn -0.365142 0.441430 0.819641
vn -0.807152 0.303796 0.506175
vn -0.807153 0.303796 0.506175
vn 0.067653 0.401813 0.913219
vn -0.620416 0.329344 0.711770
vn -0.744350 0.410758 0.526517
vn -0.708528 0.387008 0.590096
vn -0.878420 0.281532 0.386157
vn -0.736130 0.372922 0.564838
vn -0.955425 -0.015542 -0.294825
vn -0.897283 -0.006584 -0.441407
vn -0.817047 -0.166575 -0.551984
vn -0.793102 0.036855 -0.607973
vn -0.809011 0.419001 0.412236
vn -0.718540 0.474039 0.508908
vn -0.955536 0.286484 -0.069846
vn -0.863474 0.128058 -0.487867
vn -0.796091 0.067886 -0.601357
vn -0.889763 0.366076 0.272600
vn -0.962211 0.139973 -0.233578
vn -0.962211 0.139973 -0.233577
vn -0.611651 0.342484 0.713153
vn -0.978220 0.204174 0.037387
vn -0.765452 0.626646 0.146282
vn -0.794458 0.506657 0.334866
vn -0.483795 0.835779 0.259644
vn -0.688851 0.541797 0.481602
vn -0.442900 0.812811 0.378388
vn -0.520647 0.559564 0.644838
vn -0.956517 0.164390 0.240937
vn -0.925489 0.036254 0.377034
vn -0.775351 0.041144 0.630189
vn -0.841426 0.539865 -0.023390
vn -0.902253 0.405389 0.146964
vn -0.620268 0.766843 0.164985
vn -0.839995 0.440591 0.316683
vn -0.607257 0.740029 0.289130
vn -0.719535 0.463390 0.517242
vn -0.998415 0.056262 0.001721
vn -0.987718 -0.077106 0.135899
vn -0.905160 -0.074789 0.418440
vn -0.221521 0.233014 0.946907
vn -0.335354 0.038555 0.941303
vn 0.117561 0.094448 0.988564
vn -0.244341 -0.120184 0.962213
vn 0.124604 -0.032989 0.991658
vn -0.116768 -0.316510 0.941375
vn -0.665439 0.093282 0.740601
vn -0.732818 -0.071859 0.676619
vn -0.635341 -0.349352 0.688691
vn 0.689050 -0.447564 -0.569997
vn 0.709478 0.119755 -0.694478
vn 0.565993 -0.294089 -0.770171
vn 0.681083 0.095637 -0.725933
vn 0.432856 -0.011297 -0.901392
vn 0.432544 -0.004655 -0.901601
vn 0.704396 0.121441 -0.699341
vn 0.513134 0.130227 -0.848372
vn 0.574526 0.079869 -0.814580
vn 0.359377 0.107342 -0.926998
vn 0.715867 -0.430735 -0.549547
vn 0.715867 -0.430735 -0.549547
vn 0.642799 -0.367556 -0.672095
vn 0.560817 -0.284741 -0.777436
vn 0.560817 -0.284741 -0.777436
vn 0.318828 0.132814 -0.938461
vn 0.318828 0.132814 -0.938461
vn 0.865086 -0.017739 -0.501309
vn 0.497726 -0.004356 -0.867323
vn 0.504548 -0.010033 -0.863326
vn 0.868645 -0.021012 -0.494990
vn -0.002955 0.011554 -0.999929
vn 0.003671 0.005063 -0.999980
vn -0.501738 0.025832 -0.864634
vn -0.498081 0.020293 -0.866893
vn -0.865622 0.034669 -0.499497
vn -0.864641 0.031508 -0.501401
vn -0.999361 0.035641 -0.002512
vn -0.999359 0.035617 -0.003569
vn -0.868271 0.028379 0.495279
vn -0.868785 0.031489 0.494188
vn -0.505714 0.014763 0.862575
vn -0.507125 0.020217 0.861635
vn -0.006481 -0.001496 0.999978
vn -0.008755 0.004874 0.999950
vn 0.495815 -0.015901 0.868283
vn 0.493451 -0.010336 0.869712
vn 0.864613 -0.024511 0.501840
vn 0.862829 -0.021271 0.505049
vn 0.999684 -0.025125 0.000069
vn 0.999669 -0.025117 0.005505
vn 0.993085 0.114408 0.026341
vn 0.874677 0.046870 -0.482436
vn 0.868778 -0.011039 -0.495079
vn 0.997708 0.067187 0.008016
vn 0.835729 0.154927 0.526834
vn 0.850232 0.130449 0.509988
vn 0.452952 0.156431 0.877704
vn 0.471244 0.160146 0.867342
vn -0.042487 0.120411 0.991814
vn -0.027942 0.151058 0.988130
vn -0.525805 0.058253 0.848608
vn -0.518132 0.109047 0.848321
vn -0.876218 -0.013632 0.481721
vn -0.874847 0.044665 0.482336
vn -0.996974 -0.076343 -0.014666
vn -0.999548 -0.026367 -0.014433
vn -0.851963 -0.114326 -0.510969
vn -0.856128 -0.086975 -0.509391
vn -0.478135 -0.118154 -0.870302
vn -0.484542 -0.121409 -0.866302
vn 0.021275 -0.086792 -0.995999
vn 0.011326 -0.119544 -0.992764
vn 0.516291 -0.027036 -0.855986
vn 0.505113 -0.079770 -0.859359
vn 0.999987 -0.003195 -0.003927
vn 0.859405 -0.103038 -0.500805
vn 0.863521 -0.056475 -0.501141
vn 0.999299 -0.037429 0.000253
vn 0.862090 0.102923 0.496193
vn 0.865108 -0.004516 0.501565
vn 0.488640 0.182725 0.853137
vn 0.496396 0.033364 0.867455
vn -0.006065 0.215124 0.976568
vn -0.004390 0.065488 0.997844
vn -0.495736 0.194696 0.846368
vn -0.500342 0.082946 0.861845
vn -0.862290 0.127210 0.490178
vn -0.863057 0.081793 0.498440
vn -0.999553 0.029175 -0.006533
vn -0.998035 0.062570 0.003332
vn -0.861773 -0.072310 -0.502113
vn -0.870126 0.030554 -0.491882
vn -0.493218 -0.149916 -0.856890
vn -0.510475 -0.006246 -0.859870
vn -0.000983 -0.184450 -0.982841
vn -0.010289 -0.038233 -0.999216
vn 0.490504 -0.168226 -0.855047
vn 0.494112 -0.056741 -0.867545
vn 0.866873 0.006676 0.498484
vn 0.999962 -0.005226 0.006925
vn 0.991486 0.124944 0.036674
vn 0.837687 0.136410 0.528841
vn 0.501174 0.018997 0.865138
vn 0.462586 0.115613 0.879004
vn -0.004349 0.028833 0.999575
vn -0.031332 0.069567 0.997085
vn -0.509552 0.033090 0.859804
vn -0.518278 0.010254 0.855151
vn -0.874615 0.029906 0.483895
vn -0.873196 -0.048206 0.484979
vn -0.999510 0.019862 -0.024182
vn -0.995694 -0.090828 -0.018516
vn -0.849644 0.005774 -0.527325
vn -0.846691 -0.105808 -0.521458
vn -0.466516 -0.007769 -0.884479
vn -0.464952 -0.087492 -0.881002
vn 0.040103 -0.016610 -0.999057
vn 0.040856 -0.040282 -0.998353
vn 0.529242 -0.018647 -0.848266
vn 0.533025 0.022387 -0.845803
vn 0.876175 -0.014338 -0.481779
vn 0.880513 0.083248 -0.466655
vn 0.998848 0.046666 -0.011224
vn 0.860455 0.090500 -0.501425
vn 0.868442 0.018262 -0.495454
vn 0.999846 -0.015099 0.008922
vn 0.873484 -0.007363 0.486797
vn 0.859820 -0.041805 0.508882
vn 0.510279 -0.057342 0.858095
vn 0.489390 -0.054830 0.870340
vn 0.005096 -0.089127 0.996007
vn -0.010043 -0.051468 0.998624
vn -0.501435 -0.093705 0.860106
vn -0.504801 -0.033070 0.862602
vn -0.869375 -0.069726 0.489208
vn -0.865534 -0.004615 0.500829
vn -0.999627 -0.024053 -0.012945
vn -0.999601 0.026897 0.008649
vn -0.860556 0.030447 -0.508445
vn -0.872104 0.053776 -0.486356
vn -0.493043 0.079159 -0.866396
vn -0.512482 0.068908 -0.855929
vn 0.004110 0.109412 -0.993988
vn -0.010183 0.067362 -0.997677
vn 0.498135 0.113325 -0.859662
vn 0.497904 0.048777 -0.865859
vn 0.864090 -0.084831 -0.496137
vn 0.996008 -0.089212 0.002906
vn 0.862662 -0.066423 0.501401
vn 0.497546 -0.022813 0.867138
vn -0.001741 0.029605 0.999560
vn -0.498601 0.076756 0.863427
vn -0.860130 0.106556 0.498822
vn -0.993735 0.111700 0.003799
vn -0.865095 0.090723 -0.493335
vn -0.503519 0.048200 -0.862639
vn -0.001919 -0.005093 -0.999985
vn 0.500006 -0.054072 -0.864332
vn 0.501301 -0.030834 -0.864723
vn 0.863513 -0.037035 -0.502965
vn 0.999479 -0.030468 -0.010683
vn 0.873767 -0.012633 0.486180
vn 0.513412 0.012228 0.858055
vn 0.010228 0.037535 0.999243
vn -0.496376 0.055923 0.866305
vn -0.865935 0.062250 0.496267
vn -0.998463 0.054889 -0.007720
vn -0.861840 0.036181 -0.505889
vn -0.495079 0.011264 -0.868775
vn 0.004439 -0.013224 -0.999903
vn 0.860145 -0.013014 0.509884
vn 0.999616 -0.024821 0.012326
vn 0.488122 0.003625 0.872768
vn -0.015679 0.020740 0.999662
vn -0.512530 0.033728 0.858006
vn -0.871171 0.039172 0.489415
vn -0.999338 0.035532 -0.007839
vn -0.862224 0.023591 -0.505977
vn -0.491445 0.006459 -0.870885
vn 0.014090 -0.011007 -0.999840
vn 0.514127 -0.023897 -0.857381
vn 0.873081 -0.028820 -0.486722
vn -0.988795 0.149119 -0.006906
vn -0.852832 0.108708 -0.510744
vn -0.481008 0.043900 -0.875616
vn 0.021448 -0.027098 -0.999403
vn 0.511357 -0.084433 -0.855211
vn 0.862579 -0.113823 -0.492953
vn 0.994018 -0.108943 -0.007743
vn 0.872581 -0.070796 0.483311
vn 0.519398 -0.007929 0.854496
vn 0.021356 0.063368 0.997762
vn -0.483527 0.123032 0.866640
vn -0.853520 0.154372 0.497667
vn -0.423823 0.783302 -0.454766
vn -0.217635 0.653784 -0.724708
vn -0.597487 0.613161 -0.516762
vn -0.365723 0.449861 -0.814783
vn -0.663568 0.381476 -0.643547
vn -0.629092 0.767358 -0.124120
vn -0.830194 0.556524 0.032553
vn -0.903729 0.362210 -0.228205
vn -0.555684 0.709555 -0.433297
vn -0.658908 0.586366 -0.471184
vn -0.515650 0.851192 -0.097868
vn -0.681901 0.604514 -0.411794
vn -0.538407 0.840780 -0.056635
vn -0.601974 0.319233 -0.731927
vn -0.662768 0.131403 -0.737205
vn -0.814164 0.567961 -0.120651
vn -0.550806 0.811760 -0.194058
vn -0.864239 0.450048 -0.224828
vn -0.524699 0.818476 -0.234069
vn -0.830423 0.489699 -0.265691
vn -0.985859 0.105259 -0.130396
vn -0.971482 -0.065960 -0.227753
vn -0.950970 0.277831 0.135891
vn -0.881095 0.435650 -0.184067
vn -0.997815 0.065065 0.011447
vn -0.906440 0.230409 -0.353946
vn -0.973002 -0.084153 -0.214907
vn -0.906576 0.016943 0.421702
vn -0.836900 -0.304764 0.454661
vn -0.906243 -0.398125 0.142195
vn 0.166747 -0.447243 -0.878731
vn -0.062247 -0.414375 -0.907975
vn 0.200122 -0.504442 -0.839934
vn 0.163542 -0.495274 -0.853204
vn -0.648000 0.025257 -0.761222
vn -0.810381 0.213131 -0.545763
vn -0.684716 0.169649 -0.708790
vn -0.683601 0.357369 -0.636378
vn 0.082518 -0.359791 -0.929377
vn 0.215517 -0.397933 -0.891741
vn -0.324987 -0.035552 -0.945050
vn -0.596258 0.277447 -0.753326
vn -0.660140 0.364707 -0.656662
vn -0.065359 -0.281268 -0.957401
vn -0.512253 0.039612 -0.857920
vn -0.512254 0.039612 -0.857920
vn 0.279871 -0.608071 -0.742915
vn -0.340925 -0.170137 -0.924567
vn -0.156783 -0.258974 -0.953075
vn -0.376612 -0.287365 -0.880673
vn -0.099378 -0.309378 -0.945732
vn -0.139053 -0.309014 -0.940837
vn -0.909298 -0.052168 -0.412864
vn -0.992321 0.051933 -0.112258
vn -0.946042 0.067769 -0.316880
vn -0.949144 0.236689 -0.207615
vn -0.269804 -0.192310 -0.943516
vn -0.129321 -0.196754 -0.971887
vn -0.696047 0.004880 -0.717980
vn -0.909023 0.200934 -0.365107
vn -0.938986 0.252957 -0.233063
vn -0.426834 -0.154918 -0.890962
vn -0.835969 0.012411 -0.548636
vn -0.835970 0.012412 -0.548635
vn 0.033350 -0.398991 -0.916348
vn -0.675036 -0.130318 -0.726184
vn -0.303187 0.476333 -0.825339
vn 0.047165 0.403297 -0.913853
vn -0.392092 0.275910 -0.877575
vn 0.069402 0.284871 -0.956050
vn -0.283899 0.144506 -0.947903
vn -0.132474 -0.030110 -0.990729
vn -0.714053 0.222983 -0.663631
vn -0.757065 0.038803 -0.652186
vn -0.627559 -0.206505 -0.750684
vn -0.414525 0.588278 -0.694333
vn -0.105137 0.486742 -0.867196
vn -0.538076 0.405159 -0.739135
vn -0.108406 0.371516 -0.922076
vn -0.466219 0.270562 -0.842280
vn -0.352091 0.085704 -0.932034
vn -0.808518 0.366258 -0.460603
vn -0.871455 0.187685 -0.453146
vn -0.800054 -0.058995 -0.597021
vn -0.057296 -0.539101 -0.840290
vn 0.152660 -0.759517 -0.632320
vn -0.258375 -0.598996 -0.757922
vn 0.089511 -0.831663 -0.548018
vn -0.267875 -0.729972 -0.628796
vn -0.267139 -0.860680 -0.433436
vn -0.506644 -0.302112 -0.807490
vn -0.652948 -0.316780 -0.687975
vn -0.721404 -0.505827 -0.472986
vn 0.334906 -0.025945 0.941894
vn 0.314144 0.252659 0.915138
vn 0.659243 0.363898 0.658010
vn 0.622224 0.385249 0.681484
vn 0.358528 0.553111 0.752014
vn 0.355192 0.549333 0.756355
vn 0.655874 0.370294 0.657808
vn 0.499503 0.555687 0.664612
vn 0.357678 0.656835 0.663803
vn 0.523885 0.481993 0.702302
vn 0.417499 -0.051546 0.907214
vn 0.339130 0.111480 0.934111
vn 0.417542 -0.051554 0.907194
vn 0.504657 -0.068025 0.860636
vn 0.504657 -0.068025 0.860636
vn 0.314841 0.265007 0.911398
vn 0.314841 0.265007 0.911398
vn 0.337377 0.692945 0.637185
vn 0.337377 0.692945 0.637185
vn -0.733448 0.634319 -0.244323
vn -0.501231 0.693346 -0.517724
vn -0.819801 0.435927 -0.371341
vn -0.551024 0.485456 -0.678753
vn -0.784923 0.249848 -0.566984
vn -0.900562 0.432508 0.043878
vn -0.986697 0.119963 0.109717
vn -0.979187 0.004355 -0.202915
vn 0.265468 0.866208 0.423331
vn 0.371731 0.924830 0.080654
vn 0.034011 0.934408 0.354577
vn 0.141052 0.989242 -0.038782
vn -0.148916 0.976253 0.157337
vn 0.055695 0.703598 0.708412
vn -0.254074 0.599186 0.759225
vn -0.398823 0.763560 0.507854
vn 0.116323 0.886003 0.448852
vn -0.035588 0.918823 0.393063
vn 0.190996 0.659598 0.726946
vn -0.049196 0.890891 0.451545
vn 0.161406 0.634652 0.755755
vn -0.131530 0.990694 0.035003
vn -0.299118 0.952191 -0.062140
vn -0.212781 0.715099 0.665851
vn 0.152823 0.736656 0.658774
vn -0.312387 0.775406 0.548780
vn 0.182288 0.757557 0.626800
vn -0.255466 0.805900 0.534100
vn -0.642340 0.628523 0.438586
vn -0.730189 0.631126 0.261733
vn -0.541281 0.470494 0.696886
vn -0.340153 0.746387 0.572016
vn -0.697873 0.508342 0.504542
vn -0.469383 0.811948 0.347016
vn -0.745098 0.614831 0.258481
vn -0.720574 0.125020 0.682014
vn -0.884914 -0.059382 0.461954
vn -0.952878 0.182245 0.242510
vn -0.044489 0.429712 -0.901869
vn -0.188314 0.578148 -0.793903
vn -0.062877 0.360910 -0.930479
vn -0.082049 0.392836 -0.915941
vn -0.354442 0.922595 -0.152280
vn -0.382157 0.907383 0.174960
vn -0.294325 0.955653 -0.010019
vn -0.180602 0.971229 0.155230
vn -0.042205 0.544528 -0.837680
vn 0.025865 0.434861 -0.900126
vn -0.128861 0.883048 -0.451245
vn -0.151668 0.988401 -0.007740
vn -0.155510 0.978302 0.136898
vn -0.096153 0.669653 -0.736424
vn -0.230659 0.936556 -0.263931
vn -0.230659 0.936556 -0.263931
vn -0.085734 0.205910 -0.974808
vn -0.231960 0.822923 -0.518645
vn -0.149842 0.719985 -0.677620
vn -0.341637 0.761005 -0.551503
vn -0.141472 0.666469 -0.731986
vn -0.171315 0.682363 -0.710656
vn -0.648609 0.750048 0.129357
vn -0.684734 0.596962 0.418062
vn -0.610798 0.739728 0.282362
vn -0.517814 0.721396 0.459844
vn -0.191138 0.794045 -0.577026
vn -0.085960 0.745154 -0.661330
vn -0.409586 0.904715 -0.117175
vn -0.489053 0.810529 0.322288
vn -0.495968 0.742504 0.450226
vn -0.290394 0.844987 -0.449075
vn -0.532485 0.844658 0.054886
vn -0.532485 0.844658 0.054887
vn -0.106219 0.543471 -0.832681
vn -0.481622 0.848489 -0.219335
vn 0.206257 0.976858 -0.056625
vn 0.430422 0.844819 -0.317834
vn 0.016292 0.983945 -0.177725
vn 0.375169 0.820963 -0.430428
vn 0.020198 0.934603 -0.355118
vn 0.023813 0.825805 -0.563452
vn -0.287492 0.955543 0.065461
vn -0.441912 0.896646 -0.027212
vn -0.492979 0.814719 -0.305293
vn 0.178566 0.972942 0.146623
vn 0.365747 0.915826 -0.165808
vn -0.026756 0.998011 0.057076
vn 0.295520 0.915670 -0.272426
vn -0.047164 0.990931 -0.125821
vn -0.071182 0.933140 -0.352395
vn -0.292416 0.899285 0.325236
vn -0.457340 0.855490 0.242852
vn -0.545852 0.837052 -0.037280
vn -0.276219 0.474744 -0.835656
vn -0.295196 0.123923 -0.947366
vn -0.476238 0.486573 -0.732423
vn -0.401388 0.061483 -0.913842
vn -0.587737 0.340000 -0.734143
vn -0.700953 0.136864 -0.699952
vn -0.458081 0.762401 -0.457063
vn -0.593154 0.735746 -0.326873
vn -0.798722 0.528887 -0.286918
vn 0.033939 -0.845131 0.533482
vn 0.267657 -0.770471 0.578562
vn 0.633042 -0.697284 0.336233
vn 0.616289 -0.689067 0.381280
vn 0.521138 -0.549094 0.653384
vn 0.515565 -0.552292 0.655108
vn 0.634775 -0.692993 0.341791
vn 0.639727 -0.549514 0.537386
vn 0.601227 -0.439841 0.667133
vn 0.604002 -0.619399 0.501523
vn 0.239632 -0.796639 0.554926
vn 0.276814 -0.763127 0.583961
vn 0.276814 -0.763127 0.583961
vn 0.613706 -0.395124 0.683551
vn 0.613706 -0.395124 0.683551
vn -0.091748 0.797323 0.596538
vn 0.158083 0.918682 0.361985
vn -0.267794 0.862214 0.429968
vn 0.007741 0.988376 0.151835
vn -0.336159 0.925559 0.174176
vn -0.389232 0.577127 0.717929
vn -0.667649 0.447492 0.594975
vn -0.693281 0.642745 0.325946
vn 0.314326 0.457587 -0.831753
vn 0.277535 0.403490 -0.871877
vn 0.523663 0.437487 -0.731014
vn 0.314085 0.409153 -0.856705
vn 0.901669 0.423599 -0.086931
vn 0.886599 0.457726 0.066550
vn 0.918560 0.324279 0.226030
vn 0.822038 0.511996 0.249226
vn 0.396078 0.524714 -0.753523
vn 0.268654 0.509452 -0.817486
vn 0.707627 0.616041 -0.346061
vn 0.809835 0.578552 0.097181
vn 0.808996 0.538140 0.236497
vn 0.525564 0.552152 -0.647233
vn 0.821898 0.542651 -0.173242
vn 0.821898 0.542651 -0.173243
vn 0.182124 0.290181 -0.939482
vn 0.735493 0.517564 -0.437238
vn 0.293068 -0.047764 -0.954898
vn 0.287213 -0.124116 -0.949792
vn 0.470181 0.083333 -0.878627
vn 0.315343 -0.096291 -0.944080
vn 0.686975 0.609833 -0.395183
vn 0.629467 0.718451 -0.295973
vn 0.673651 0.733447 -0.090828
vn 0.513670 0.838215 -0.183138
vn 0.327346 0.078560 -0.941633
vn 0.229942 -0.021895 -0.972958
vn 0.494533 0.510646 -0.703333
vn 0.509940 0.789244 -0.342133
vn 0.495035 0.843498 -0.208448
vn 0.413565 0.213426 -0.885106
vn 0.589387 0.608786 -0.531039
vn 0.589387 0.608786 -0.531040
vn 0.254866 -0.281757 -0.925017
vn 0.573964 0.399530 -0.714801
vn 0.309859 0.779701 -0.544109
vn 0.514708 0.697244 -0.498925
vn 0.215707 0.543609 -0.811147
vn 0.578789 0.555286 -0.597211
vn 0.302546 0.453978 -0.838075
vn 0.632149 0.347230 -0.692690
vn 0.605615 0.785099 -0.129810
vn 0.740481 0.668944 -0.064818
vn 0.881342 0.437170 -0.179217
vn -0.114481 0.730548 -0.673197
vn 0.101845 0.687189 -0.719304
vn -0.264899 0.446928 -0.854450
vn 0.144473 0.543775 -0.826702
vn -0.182059 0.368417 -0.911660
vn 0.191975 0.334507 -0.922633
vn 0.322524 0.840076 -0.436177
vn 0.492315 0.756111 -0.431188
vn 0.613582 0.534058 -0.581635
vn 0.417611 -0.320882 -0.850080
vn 0.603320 -0.225697 -0.764896
vn 0.421413 -0.631226 -0.651126
vn 0.701635 -0.316510 -0.638381
vn 0.517003 -0.641189 -0.567084
vn 0.792443 -0.416224 -0.445860
vn 0.573511 0.161447 -0.803131
vn 0.688436 0.249634 -0.680984
vn 0.869508 0.155952 -0.468652
vn -0.170683 -0.137874 0.975632
vn -0.725863 -0.219459 0.651890
vn -0.401235 -0.065538 0.913627
vn -0.714295 -0.179025 0.676560
vn -0.637890 0.122611 0.760305
vn -0.642918 0.123110 0.755977
vn -0.727922 -0.212526 0.651892
vn -0.745578 0.029062 0.665784
vn -0.711524 -0.041772 0.701419
vn -0.714777 0.200473 0.670003
vn -0.410362 -0.057087 0.910134
vn -0.410362 -0.057087 0.910134
vn -0.372718 -0.099225 0.922624
vn -0.725488 0.241248 0.644566
vn -0.725488 0.241248 0.644566
vn 0.290358 0.836853 -0.464078
vn 0.189746 0.634777 -0.749036
vn 0.049319 0.899618 -0.433884
vn -0.076448 0.662238 -0.745384
vn -0.213698 0.849217 -0.482871
vn 0.292792 0.951749 -0.091907
vn 0.079198 0.984158 0.158624
vn -0.201774 0.979211 -0.020793
vn 0.175751 0.904242 -0.389176
vn 0.014081 0.929919 -0.367494
vn 0.423108 0.898221 -0.119076
vn 0.038180 0.950216 -0.309245
vn 0.417848 0.905683 -0.071700
vn -0.265627 0.777391 -0.570180
vn -0.449437 0.728499 -0.517007
vn 0.044509 0.998970 0.008831
vn 0.342104 0.920306 -0.189742
vn -0.110354 0.992727 -0.048113
vn 0.346317 0.907902 -0.236176
vn -0.075882 0.991610 -0.104648
vn -0.417421 0.896349 0.149393
vn -0.583552 0.806962 0.090986
vn -0.170401 0.921087 0.350089
vn -0.116285 0.993214 -0.002090
vn -0.408183 0.864425 0.293525
vn -0.353165 0.929197 -0.108939
vn -0.594827 0.796664 0.107272
vn -0.267052 0.703642 0.658461
vn -0.486705 0.469061 0.736953
vn -0.700508 0.521972 0.486656
vn -0.583698 -0.251218 -0.772131
vn -0.673416 -0.038666 -0.738252
vn -0.601889 -0.315150 -0.733764
vn -0.615907 -0.277868 -0.737189
vn -0.537478 0.662978 -0.521132
vn -0.387016 0.867560 -0.312345
vn -0.418821 0.763117 -0.492181
vn -0.240354 0.851998 -0.465113
vn -0.568448 -0.127048 -0.812850
vn -0.524985 -0.263642 -0.809249
vn -0.498435 0.387854 -0.775327
vn -0.304348 0.753392 -0.582901
vn -0.230232 0.839291 -0.492529
vn -0.582577 0.042119 -0.811684
vn -0.494953 0.571469 -0.654557
vn -0.494953 0.571468 -0.654557
vn -0.616869 -0.450899 -0.645107
vn -0.609100 0.326320 -0.722850
vn -0.605513 0.129570 -0.785217
vn -0.706898 0.287136 -0.646412
vn -0.617517 0.053772 -0.784718
vn -0.634072 0.086317 -0.768441
vn -0.605520 0.789174 -0.102715
vn -0.457966 0.870646 0.179562
vn -0.492240 0.870008 -0.028013
vn -0.318728 0.947059 0.038616
vn -0.600452 0.257955 -0.756913
vn -0.548122 0.142623 -0.824149
vn -0.562012 0.685898 -0.462262
vn -0.382241 0.917216 -0.112283
vn -0.309239 0.950947 0.008440
vn -0.625403 0.401183 -0.669271
vn -0.564145 0.782112 -0.264651
vn -0.564145 0.782112 -0.264651
vn -0.619068 -0.108893 -0.777751
vn -0.665597 0.597383 -0.447341
vn -0.029178 0.625788 -0.779447
vn 0.044660 0.307638 -0.950455
vn -0.252190 0.600360 -0.758926
vn -0.056059 0.231951 -0.971111
vn -0.332908 0.450180 -0.828559
vn -0.419578 0.236947 -0.876248
vn -0.373676 0.809536 -0.452788
vn -0.540583 0.745375 -0.390110
vn -0.714036 0.520672 -0.468032
vn 0.054559 0.759463 -0.648258
vn 0.057612 0.472369 -0.879516
vn -0.167950 0.771069 -0.614203
vn -0.056648 0.421466 -0.905073
vn -0.279261 0.654183 -0.702893
vn -0.407483 0.473311 -0.780983
vn -0.232218 0.935510 -0.266264
vn -0.405169 0.891519 -0.202562
vn -0.622098 0.721028 -0.305145
vn -0.750399 -0.119138 -0.650159
vn -0.762910 -0.441704 -0.472088
vn -0.865467 0.004549 -0.500945
vn -0.823038 -0.439754 -0.359480
vn -0.933641 -0.076069 -0.350040
vn -0.974550 -0.174606 -0.140591
vn -0.754985 0.377059 -0.536492
vn -0.795016 0.473910 -0.378628
vn -0.909321 0.399041 -0.117909
vn 0.451680 -0.428502 0.782542
vn 0.660961 -0.258585 0.704460
vn 0.826426 -0.449681 0.338831
vn 0.834529 -0.410818 0.367137
vn 0.872643 -0.111641 0.475427
vn 0.869454 -0.111503 0.481265
vn 0.830021 -0.443430 0.338283
vn 0.911089 -0.215135 0.351616
vn 0.927448 -0.042846 0.371489
vn 0.874837 -0.280229 0.395136
vn 0.457582 -0.505991 0.731158
vn 0.563477 -0.357519 0.744765
vn 0.457589 -0.506028 0.731128
vn 0.469074 -0.580697 0.665402
vn 0.469074 -0.580697 0.665402
vn 0.670133 -0.252034 0.698141
vn 0.670133 -0.252034 0.698141
vn 0.938577 -0.002819 0.345059
vn 0.938577 -0.002819 0.345059
vn 0.094853 0.984961 -0.144412
vn 0.159486 0.862374 -0.480495
vn -0.150457 0.969260 -0.194675
vn -0.087982 0.816039 -0.571262
vn -0.352240 0.869012 -0.347485
vn -0.051277 0.974934 0.216507
vn -0.325032 0.870325 0.369984
vn -0.521257 0.847352 0.101421
vn -0.644753 -0.297265 -0.704221
vn -0.790629 -0.153503 -0.592742
vn -0.628106 -0.369609 -0.684742
vn -0.654706 -0.341667 -0.674258
vn -0.856509 0.476857 -0.197485
vn -0.736830 0.675126 0.035870
vn -0.777575 0.608251 -0.159399
vn -0.641627 0.754789 -0.136412
vn -0.685858 -0.172322 -0.707039
vn -0.597909 -0.276029 -0.752538
vn -0.794028 0.304190 -0.526297
vn -0.696347 0.666437 -0.266388
vn -0.635561 0.753622 -0.167679
vn -0.757691 -0.028700 -0.651982
vn -0.822590 0.442134 -0.357579
vn -0.822590 0.442134 -0.357580
vn -0.569624 -0.515000 -0.640549
vn -0.857201 0.192742 -0.477553
vn -0.801780 0.033531 -0.596678
vn -0.910183 0.101228 -0.401645
vn -0.785735 -0.038618 -0.617357
vn -0.807575 -0.020156 -0.589421
vn -0.847845 0.470417 0.244677
vn -0.667448 0.542730 0.509860
vn -0.754469 0.572667 0.320669
vn -0.608021 0.698178 0.377965
vn -0.834690 0.143144 -0.531792
vn -0.765577 0.077158 -0.638701
vn -0.870507 0.474338 -0.131228
vn -0.695514 0.678001 0.237855
vn -0.609110 0.712027 0.349287
vn -0.883536 0.240735 -0.401760
vn -0.852422 0.516093 0.083810
vn -0.852422 0.516093 0.083811
vn -0.728016 -0.184716 -0.660207
vn -0.928078 0.350025 -0.127099
vn -0.657957 0.752281 -0.034154
vn -0.718608 0.594034 -0.361560
vn -0.783692 0.614278 0.092142
vn -0.793699 0.490805 -0.359378
vn -0.878063 0.478414 0.011187
vn -0.955048 0.281788 -0.092078
vn -0.642783 0.615562 0.455975
vn -0.697574 0.460035 0.549325
vn -0.852549 0.221584 0.473350
vn -0.394858 0.834095 -0.385191
vn -0.354152 0.631036 -0.690195
vn -0.588938 0.745144 -0.312910
vn -0.445541 0.544299 -0.710797
vn -0.671677 0.614815 -0.413343
vn -0.744171 0.418602 -0.520559
vn -0.609540 0.789275 0.074206
vn -0.731607 0.665216 0.149128
vn -0.893867 0.446820 0.036783
vn -0.807271 -0.275466 -0.521950
vn -0.656514 -0.604401 -0.451320
vn -0.913175 -0.245630 -0.325234
vn -0.680372 -0.651730 -0.335173
vn -0.904767 -0.377588 -0.197038
vn -0.849686 -0.526746 -0.023919
vn -0.954930 0.137300 -0.263169
vn -0.981838 0.172519 -0.078943
vn -0.986847 0.002967 0.161631
vn 0.768420 -0.361030 0.528383
vn 0.874815 -0.107429 0.472397
vn 0.990605 -0.129544 0.043817
vn 0.991905 -0.097894 0.080883
vn 0.950315 0.159304 0.267438
vn 0.949002 0.156853 0.273481
vn 0.991477 -0.122408 0.044616
vn 0.987419 0.110230 0.113374
vn 0.946888 0.265184 0.181882
vn 0.989701 0.028287 0.140330
vn 0.786963 -0.416112 0.455566
vn 0.833287 -0.243915 0.496124
vn 0.786974 -0.416136 0.455526
vn 0.805619 -0.463331 0.369193
vn 0.805619 -0.463331 0.369193
vn 0.879003 -0.096486 0.466953
vn 0.879003 -0.096486 0.466952
vn 0.935578 0.310885 0.167467
vn 0.935578 0.310885 0.167467
vn 0.859557 -0.155875 -0.486688
vn 0.752625 -0.038316 -0.657333
vn 0.851648 -0.230518 -0.470699
vn 0.841282 -0.205428 -0.500045
vn 0.262865 0.500130 -0.825089
vn -0.023168 0.648827 -0.760583
vn 0.185487 0.621895 -0.760816
vn 0.108677 0.761943 -0.638460
vn 0.845962 -0.033187 -0.532209
vn 0.892856 -0.125079 -0.432624
vn 0.600546 0.396924 -0.694115
vn 0.261401 0.700845 -0.663691
vn 0.137803 0.767073 -0.626586
vn 0.779017 0.096034 -0.619604
vn 0.417028 0.498267 -0.760143
vn 0.417029 0.498266 -0.760143
vn 0.826060 -0.381350 -0.414966
vn 0.587503 0.277516 -0.760148
vn 0.623287 -0.248443 -0.741478
vn 0.515940 -0.074301 -0.853397
vn 0.598149 -0.320618 -0.734454
vn 0.588514 -0.287991 -0.755455
vn 0.179895 0.589515 -0.787470
vn -0.023812 0.785014 -0.619020
vn 0.160570 0.709312 -0.686363
vn 0.161854 0.833594 -0.528133
vn 0.635198 -0.119213 -0.763094
vn 0.676711 -0.239129 -0.696333
vn 0.494094 0.381986 -0.780998
vn 0.278322 0.744507 -0.606833
vn 0.193215 0.828841 -0.525063
vn 0.589238 0.038184 -0.807057
vn 0.337900 0.536453 -0.773332
vn 0.337899 0.536454 -0.773332
vn 0.544449 -0.469249 -0.695256
vn 0.430312 0.286610 -0.855971
vn -0.002761 0.744861 -0.667215
vn 0.106397 0.295950 -0.949259
vn 0.463607 0.155101 -0.872360
vn 0.015682 -0.004308 -0.999868
vn 0.735022 -0.053015 -0.675968
vn 0.801055 0.065435 -0.595004
vn 0.908561 0.046676 -0.415136
vn 0.839768 0.232922 -0.490447
vn -0.039304 -0.182059 -0.982502
vn -0.181680 -0.185195 -0.965762
vn 0.437988 0.009359 -0.898932
vn 0.752245 0.199453 -0.627970
vn 0.822357 0.249579 -0.511310
vn 0.126659 -0.146401 -0.981083
vn 0.623741 0.013789 -0.781510
vn 0.623741 0.013789 -0.781510
vn -0.285871 -0.296634 -0.911200
vn 0.414070 -0.125581 -0.901541
vn 0.531634 0.072315 -0.843881
vn 0.496512 0.008477 -0.867989
vn 0.712227 0.084383 -0.696859
vn 0.529765 0.018020 -0.847953
vn 0.949990 0.311188 -0.026077
vn 0.909644 0.404409 0.094871
vn 0.891054 0.344395 0.295661
vn 0.818207 0.530038 0.222703
vn 0.604629 0.161209 -0.780022
vn 0.491499 0.127633 -0.861475
vn 0.838923 0.392990 -0.376519
vn 0.845442 0.530850 0.058530
vn 0.811607 0.549501 0.198349
vn 0.713050 0.222739 -0.664791
vn 0.905749 0.389467 -0.167135
vn 0.905749 0.389467 -0.167135
vn 0.401889 -0.117818 -0.908077
vn 0.870655 0.265120 -0.414333
vn 0.537058 0.482747 -0.691755
vn 0.575580 0.274962 -0.770132
vn 0.196786 0.527640 -0.826360
vn 0.447584 0.192037 -0.873379
vn 0.150007 0.428099 -0.891195
vn 0.262811 0.076722 -0.961792
vn 0.836697 0.100898 -0.538292
vn 0.826576 -0.087485 -0.555985
vn 0.651844 -0.267977 -0.709428
vn 0.653965 0.537553 -0.532321
vn 0.729031 0.335064 -0.596863
vn 0.357381 0.555861 -0.750531
vn 0.639572 0.243378 -0.729188
vn 0.337599 0.453820 -0.824666
vn 0.494420 0.114396 -0.861663
vn 0.935418 0.179798 -0.304409
vn 0.946356 -0.008452 -0.323016
vn 0.833216 -0.200450 -0.515335
vn 0.032704 -0.405038 -0.913715
vn 0.196075 -0.531725 -0.823907
vn -0.256724 -0.583110 -0.770763
vn 0.151121 -0.677122 -0.720186
vn -0.228263 -0.681834 -0.694981
vn 0.086816 -0.828902 -0.552616
vn 0.519356 -0.315292 -0.794267
vn 0.637275 -0.388740 -0.665403
vn 0.620340 -0.618557 -0.482250
vn -0.463473 -0.064236 0.883780
vn -0.626249 0.439489 0.643942
vn -0.365054 0.197302 0.909839
vn -0.588702 0.445604 0.674439
vn -0.301357 0.512920 0.803801
vn -0.302887 0.518089 0.799902
vn -0.621296 0.444598 0.645232
vn -0.423666 0.573902 0.700816
vn -0.472171 0.505740 0.721998
vn -0.261365 0.628784 0.732338
vn -0.496167 -0.068508 0.865520
vn -0.496167 -0.068508 0.865520
vn -0.429493 0.068166 0.900494
vn -0.361861 0.209732 0.908333
vn -0.361861 0.209732 0.908333
vn -0.228464 0.660949 0.714808
vn -0.228464 0.660949 0.714808
vn 0.060853 0.164855 -0.984439
vn 0.005147 0.382969 -0.923747
vn 0.012249 0.106307 -0.994258
vn 0.010029 0.145905 -0.989248
vn 0.062479 0.913787 -0.401361
vn 0.061224 0.994694 -0.082674
vn 0.143800 0.951676 -0.271356
vn 0.267953 0.956771 -0.113093
vn 0.118026 0.279164 -0.952962
vn 0.126477 0.138977 -0.982186
vn 0.220768 0.706155 -0.672761
vn 0.286305 0.918159 -0.273886
vn 0.291861 0.947311 -0.131980
vn 0.132434 0.436074 -0.890113
vn 0.169426 0.843765 -0.509269
vn 0.169426 0.843765 -0.509269
vn -0.078816 -0.028701 -0.996476
vn 0.096095 0.682381 -0.724653
vn -0.249802 0.330096 -0.910294
vn -0.235717 0.539367 -0.808407
vn -0.309651 0.282103 -0.908039
vn -0.301918 0.320026 -0.898014
vn 0.104546 0.952170 -0.287128
vn 0.229583 0.973154 0.016224
vn 0.231551 0.953439 -0.193230
vn 0.400886 0.911394 -0.093014
vn -0.163385 0.427060 -0.889340
vn -0.194139 0.294872 -0.935607
vn 0.113984 0.776280 -0.619997
vn 0.354457 0.900351 -0.252446
vn 0.414377 0.902112 -0.120359
vn -0.096617 0.566187 -0.818595
vn 0.151213 0.887956 -0.434359
vn 0.151214 0.887957 -0.434357
vn -0.421249 0.164646 -0.891875
vn -0.022940 0.780963 -0.624156
vn 0.186841 0.981818 -0.033527
vn -0.221837 0.898597 -0.378565
vn -0.108272 0.705889 -0.699999
vn -0.504729 0.758110 -0.412939
vn -0.023379 0.390086 -0.920482
vn 0.134046 0.395187 -0.908768
vn 0.264809 0.232610 -0.935825
vn 0.324925 0.416808 -0.848938
vn -0.648719 0.638997 -0.413336
vn -0.711860 0.642055 -0.284639
vn -0.237626 0.636924 -0.733390
vn 0.188456 0.511450 -0.838393
vn 0.317620 0.445471 -0.837062
vn -0.541760 0.639765 -0.545158
vn -0.084066 0.526907 -0.845755
vn -0.084066 0.526907 -0.845755
vn -0.813896 0.542785 -0.207261
vn -0.346286 0.556319 -0.755377
vn -0.119290 0.623129 -0.772969
vn -0.193957 0.605441 -0.771895
vn 0.052270 0.496039 -0.866726
vn -0.160762 0.592050 -0.789704
vn 0.670726 0.098414 -0.735148
vn 0.778746 0.070303 -0.623388
vn 0.829415 -0.118604 -0.545897
vn 0.888318 0.063892 -0.454763
vn 0.011899 0.621663 -0.783195
vn -0.108580 0.676673 -0.728233
vn 0.496042 0.431523 -0.753479
vn 0.818555 0.186250 -0.543396
vn 0.886480 0.095662 -0.452771
vn 0.167093 0.559219 -0.812006
vn 0.632774 0.261167 -0.728964
vn 0.632773 0.261169 -0.728965
vn -0.350097 0.567741 -0.745052
vn 0.401597 0.375307 -0.835383
vn 0.251829 0.766731 -0.590512
vn 0.083389 0.689912 -0.719074
vn 0.049108 0.940480 -0.336283
vn -0.090425 0.732101 -0.675168
vn -0.077302 0.932660 -0.352376
vn -0.307340 0.749532 -0.586297
vn 0.205459 0.369957 -0.906045
vn 0.057955 0.265234 -0.962441
vn -0.233387 0.289683 -0.928232
vn 0.428929 0.665231 -0.611137
vn 0.289113 0.576641 -0.764133
vn 0.186080 0.880434 -0.436131
vn 0.113072 0.630632 -0.767800
vn 0.066327 0.874743 -0.480027
vn -0.116648 0.668052 -0.734915
vn 0.428685 0.229215 -0.873894
vn 0.291086 0.122636 -0.948804
vn 0.001823 0.161743 -0.986831
vn -0.736630 0.436077 -0.516927
vn -0.701005 0.266763 -0.661384
vn -0.931232 0.250291 -0.264878
vn -0.773175 0.101037 -0.626093
vn -0.948735 0.126297 -0.289744
vn -0.826785 -0.115028 -0.550632
vn -0.374777 0.340971 -0.862138
vn -0.303687 0.181319 -0.935360
vn -0.381575 -0.102062 -0.918686
vn 0.178573 -0.656982 0.732452
vn 0.334104 -0.134130 0.932944
vn 0.425266 -0.523289 0.738456
vn 0.372289 -0.158219 0.914532
vn 0.626076 -0.250182 0.738538
vn 0.627008 -0.243737 0.739901
vn 0.340799 -0.132494 0.930753
vn 0.557188 -0.117621 0.822014
vn 0.496005 -0.170949 0.851326
vn 0.691324 -0.127172 0.711266
vn 0.150296 -0.641671 0.752110
vn 0.150296 -0.641671 0.752110
vn 0.297525 -0.590006 0.750581
vn 0.434869 -0.514657 0.738930
vn 0.434869 -0.514657 0.738930
vn 0.721248 -0.097516 0.685778
vn 0.721248 -0.097516 0.685778
vn -0.595576 0.733014 0.328601
vn -0.550098 0.738333 0.390200
vn -0.763604 0.575237 0.293278
vn -0.583038 0.718333 0.379558
vn -0.992665 -0.002639 -0.120867
vn -0.963319 -0.077050 -0.257061
vn -0.918293 -0.281451 -0.278430
vn -0.890151 -0.139462 -0.433798
vn -0.680212 0.694085 0.235706
vn -0.568896 0.774072 0.277794
vn -0.926459 0.366455 -0.085935
vn -0.928931 0.009332 -0.370135
vn -0.889439 -0.109215 -0.443813
vn -0.790122 0.593056 0.154896
vn -0.975666 0.161513 -0.148286
vn -0.975666 0.161513 -0.148285
vn -0.435019 0.745351 0.505183
vn -0.934277 0.352989 0.050246
vn -0.423118 0.495529 0.758565
vn -0.390418 0.444861 0.806023
vn -0.618088 0.463931 0.634614
vn -0.424943 0.448637 0.786224
vn -0.914010 0.402785 -0.048476
vn -0.880961 0.428484 -0.200773
vn -0.890414 0.285306 -0.354631
vn -0.795641 0.473984 -0.377220
vn -0.496027 0.555796 0.667119
vn -0.377113 0.547744 0.746835
vn -0.757142 0.615022 0.220192
vn -0.803514 0.549435 -0.229102
vn -0.784795 0.501163 -0.364599
vn -0.612060 0.573521 0.544478
vn -0.847864 0.528737 0.039536
vn -0.847864 0.528737 0.039536
vn -0.301706 0.338289 0.891366
vn -0.793942 0.521188 0.313080
vn -0.651746 0.751924 -0.099184
vn -0.803946 0.592389 -0.052402
vn -0.530797 0.811638 0.243924
vn -0.831357 0.542042 0.122620
vn -0.584595 0.739254 0.334293
vn -0.825536 0.450999 0.339250
vn -0.852514 0.369958 -0.369257
vn -0.925064 0.201409 -0.322010
vn -0.995023 0.075101 -0.065496
vn -0.266713 0.963547 -0.021008
vn -0.459225 0.885809 0.066749
vn -0.062252 0.956297 0.285692
vn -0.467986 0.848546 0.246898
vn -0.121591 0.912748 0.390009
vn -0.456429 0.759194 0.464001
vn -0.665119 0.714517 -0.216983
vn -0.791638 0.593764 -0.144062
vn -0.853306 0.505011 0.129738
vn -0.424813 0.202660 0.882306
vn -0.613694 0.138674 0.777270
vn -0.285658 -0.132119 0.949181
vn -0.650402 -0.040821 0.758493
vn -0.355358 -0.229980 0.905997
vn -0.665390 -0.267208 0.697034
vn -0.726892 0.425925 0.538716
vn -0.841572 0.359099 0.403491
vn -0.938291 0.089918 0.333953
vn 0.378235 -0.675006 -0.633486
vn 0.860452 -0.306303 -0.407187
vn 0.554627 -0.501293 -0.664150
vn 0.840194 -0.300823 -0.451198
vn 0.680372 -0.189546 -0.707931
vn 0.684063 -0.184476 -0.705709
vn 0.859951 -0.301049 -0.412133
vn 0.795149 -0.147265 -0.588261
vn 0.794605 -0.229490 -0.562083
vn 0.708248 -0.050486 -0.704156
vn 0.559493 -0.490105 -0.668404
vn 0.559493 -0.490105 -0.668405
vn 0.541599 -0.539685 -0.644523
vn 0.699497 -0.003180 -0.714629
vn 0.699497 -0.003180 -0.714629
vn -0.051128 0.077854 -0.995653
vn -0.023795 -0.138448 -0.990084
vn 0.092836 0.124072 -0.987921
vn -0.130349 -0.494667 -0.859252
vn -0.029669 -0.425796 -0.904332
vn 0.227869 -0.276895 -0.933491
vn 0.245200 -0.347858 -0.904915
vn 0.369116 -0.193532 -0.909010
vn 0.419770 -0.185173 -0.888541
vn -0.200259 0.260568 -0.944458
vn -0.245985 0.066700 -0.966976
vn -0.379859 0.137236 -0.914808
vn -0.440298 -0.060519 -0.895810
vn -0.091859 -0.070381 -0.993282
vn -0.464366 -0.205645 -0.861437
vn -0.336737 -0.091456 -0.937147
vn -0.183768 -0.150367 -0.971401
vn -0.072478 -0.422926 -0.903261
vn -0.453524 -0.097424 -0.885903
vn -0.471206 -0.185524 -0.862291
vn 0.067247 0.080059 -0.994519
vn 0.496939 -0.063801 -0.865437
vn 0.062396 -0.157233 -0.985588
vn 0.317015 -0.003291 -0.948415
vn 0.471899 -0.190730 -0.860775
vn 0.573102 0.053718 -0.817722
vn 0.726549 -0.121518 -0.676283
vn 0.479448 -0.197803 -0.854987
vn 0.088504 0.138337 -0.986423
vn 0.396081 -0.092740 -0.913520
vn 0.008347 -0.065298 -0.997831
vn 0.368878 -0.141021 -0.918718
vn -0.105746 -0.234588 -0.966326
vn 0.404672 -0.273462 -0.872616
vn 0.014860 -0.398418 -0.917084
vn 0.132931 -0.616190 -0.776298
vn -0.476127 -0.176629 -0.861455
vn -0.563429 -0.319419 -0.761918
vn -0.461824 -0.611103 -0.642862
vn 0.294076 -0.161016 -0.942122
vn 0.594716 -0.203761 -0.777685
vn 0.247050 -0.375192 -0.893419
vn 0.561628 -0.441986 -0.699444
vn 0.278402 -0.579669 -0.765818
vn -0.054314 -0.159333 -0.985730
vn -0.285289 -0.322005 -0.902731
vn -0.131700 -0.562987 -0.815905
vn -0.877073 0.273948 -0.394583
vn -0.637059 0.441701 -0.631709
vn -0.893207 0.073915 -0.443529
vn -0.573056 0.362836 -0.734817
vn -0.785769 0.030268 -0.617779
vn -0.595669 -0.079794 -0.799257
vn -0.973832 -0.169889 -0.150958
vn -0.918671 -0.355402 -0.172434
vn -0.751694 -0.519217 -0.406656
vn -0.937710 -0.036614 -0.345484
vn -0.794226 0.167762 -0.584004
vn -0.860850 -0.212296 -0.462458
vn -0.686458 -0.010790 -0.727090
vn -0.713334 -0.315148 -0.625968
vn -0.952962 -0.286395 -0.099199
vn -0.833280 -0.550685 -0.048895
vn -0.731759 -0.598746 -0.325625
vn 0.231707 0.632896 0.738752
vn 0.416484 0.659332 0.625958
vn 0.265711 0.508944 0.818764
vn 0.604445 0.742165 0.289547
vn 0.615276 0.678019 0.402152
vn 0.637065 0.467287 0.613018
vn 0.703885 0.462783 0.538867
vn -0.006580 0.671088 0.741348
vn 0.132081 0.764592 0.630836
vn -0.009211 0.816862 0.576759
vn 0.111714 0.896810 0.428078
vn 0.328495 0.696680 0.637752
vn 0.204232 0.927638 0.312694
vn 0.202472 0.851469 0.483741
vn 0.338459 0.771087 0.539324
vn 0.590822 0.708927 0.385164
vn 0.131245 0.909284 0.394940
vn 0.184961 0.928620 0.321644
vn 0.289915 0.542539 0.788417
vn 0.582263 0.173092 0.794360
vn 0.473958 0.596037 0.648154
vn 0.468926 0.345522 0.812849
vn 0.669307 0.218685 0.710074
vn 0.511958 0.058972 0.856984
vn 0.684582 -0.102729 0.721661
vn 0.699981 0.263923 0.663605
vn 0.251636 0.507956 0.823808
vn 0.569404 0.285376 0.770934
vn 0.376973 0.622834 0.685543
vn 0.595743 0.320320 0.736536
vn 0.443814 0.728853 0.521347
vn 0.704879 0.295890 0.644666
vn 0.620218 0.645944 0.445068
vn 0.808971 0.521206 0.271865
vn 0.175086 0.929738 0.323933
vn 0.212572 0.967546 0.136629
vn 0.458903 0.885815 -0.068845
vn 0.581097 0.395714 0.711151
vn 0.715608 0.078115 0.694121
vn 0.712419 0.451115 0.537546
vn 0.863738 0.110459 0.491687
vn 0.850596 0.396695 0.345137
vn 0.416199 0.684509 0.598519
vn 0.401639 0.845324 0.352298
vn 0.644358 0.732449 0.219822
vn -0.538887 0.839354 0.071309
vn -0.474257 0.765369 0.435076
vn -0.371734 0.928270 -0.011289
vn -0.345564 0.798999 0.492124
vn -0.226154 0.964745 0.134612
vn 0.016887 0.958907 0.283216
vn -0.312244 0.865851 -0.390903
vn -0.129169 0.880793 -0.455543
vn 0.161934 0.937355 -0.308452
vn -0.337702 0.927244 -0.161790
vn -0.351051 0.918268 0.183158
vn -0.120729 0.982303 -0.143195
vn -0.107646 0.966785 0.231818
vn 0.089079 0.995798 -0.021241
vn -0.225252 0.845467 -0.484196
vn 0.030521 0.786028 -0.617438
vn 0.209535 0.891041 -0.402668
vn 0.866315 0.282581 -0.411882
vn 0.746955 0.475928 -0.464274
vn 0.865845 0.216564 -0.451012
vn 0.852830 0.253997 -0.456254
vn 0.205688 0.945335 -0.253050
vn -0.092869 0.988149 -0.122220
vn 0.117406 0.984778 -0.128169
vn 0.028421 0.998254 0.051790
vn 0.840452 0.402074 -0.363287
vn 0.896936 0.271019 -0.349362
vn 0.552950 0.807248 -0.206391
vn 0.186135 0.982524 0.001069
vn 0.057013 0.996208 0.065717
vn 0.760487 0.550603 -0.344232
vn 0.359870 0.911880 -0.197402
vn 0.359872 0.911880 -0.197402
vn 0.855542 0.066536 -0.513441
vn 0.551001 0.763716 -0.336356
vn 0.637930 0.369353 -0.675739
vn 0.513174 0.564214 -0.646773
vn 0.619995 0.309884 -0.720818
vn 0.607047 0.347225 -0.714792
vn 0.114756 0.978747 -0.169959
vn -0.105507 0.991678 0.073780
vn 0.084763 0.996275 -0.015881
vn 0.075348 0.979951 0.184440
vn 0.637024 0.479397 -0.603638
vn 0.690592 0.349691 -0.633086
vn 0.447692 0.846986 -0.286681
vn 0.199229 0.977204 0.073356
vn 0.107050 0.976823 0.185357
vn 0.575591 0.620702 -0.532377
vn 0.277294 0.942612 -0.185988
vn 0.277293 0.942612 -0.185987
vn 0.581351 0.170499 -0.795589
vn 0.392831 0.823153 -0.410004
vn -0.081078 0.996629 0.012497
vn 0.068732 0.868144 -0.491529
vn 0.438613 0.740712 -0.508885
vn 0.007207 0.675938 -0.736924
vn 0.730705 0.476447 -0.488946
vn 0.785615 0.513260 -0.345503
vn 0.896020 0.385926 -0.219565
vn 0.808775 0.567808 -0.153222
vn -0.030076 0.529968 -0.847484
vn -0.171316 0.505300 -0.845767
vn 0.427054 0.650203 -0.628380
vn 0.723713 0.629798 -0.282122
vn 0.789645 0.592781 -0.158340
vn 0.131638 0.567929 -0.812483
vn 0.612526 0.588219 -0.528025
vn 0.612526 0.588219 -0.528025
vn -0.263693 0.378775 -0.887128
vn 0.416350 0.551477 -0.722860
vn 0.514617 0.666155 -0.539821
vn 0.485659 0.633113 -0.602747
vn 0.694468 0.589288 -0.412860
vn 0.518001 0.629081 -0.579597
vn 0.914953 0.318735 0.247524
vn 0.866800 0.301756 0.396989
vn 0.855908 0.120321 0.502935
vn 0.764709 0.299843 0.570363
vn 0.579179 0.693496 -0.428504
vn 0.469139 0.715412 -0.517779
vn 0.793371 0.607514 0.038586
vn 0.790285 0.413847 0.451863
vn 0.756037 0.330072 0.565209
vn 0.682115 0.668749 -0.295795
vn 0.862066 0.468165 0.194070
vn 0.862066 0.468165 0.194070
vn 0.403417 0.560643 -0.723142
vn 0.837052 0.542137 -0.073696
vn 0.481437 0.863467 -0.150476
vn 0.539292 0.767696 -0.346132
vn 0.137241 0.961188 -0.239336
vn 0.419063 0.767162 -0.485643
vn 0.099794 0.928757 -0.357004
vn 0.245610 0.728496 -0.639507
vn 0.818134 0.503500 -0.277749
vn 0.826228 0.377002 -0.418590
vn 0.668534 0.335558 -0.663674
vn 0.593862 0.804496 0.010695
vn 0.687695 0.706044 -0.169048
vn 0.294988 0.942848 -0.154982
vn 0.606412 0.721805 -0.333560
vn 0.284570 0.916984 -0.279572
vn 0.473332 0.706087 -0.526686
vn 0.910776 0.410255 -0.046670
vn 0.939806 0.286101 -0.186843
vn 0.844184 0.267376 -0.464611
vn 0.063882 0.325910 -0.943240
vn 0.239584 0.185069 -0.953074
vn -0.205583 0.076409 -0.975652
vn 0.209903 0.004983 -0.977710
vn -0.166988 -0.044932 -0.984935
vn 0.162144 -0.224558 -0.960876
vn 0.540530 0.348222 -0.765878
vn 0.666167 0.216301 -0.713747
vn 0.673285 -0.077182 -0.735344
vn -0.447216 -0.682019 0.578660
vn -0.660321 -0.163798 0.732903
vn -0.374476 -0.500879 0.780313
vn -0.623278 -0.177097 0.761683
vn -0.342712 -0.193338 0.919331
vn -0.344772 -0.187034 0.919865
vn -0.655876 -0.160554 0.737597
vn -0.471275 -0.088416 0.877543
vn -0.512721 -0.156361 0.844197
vn -0.314807 -0.057099 0.947437
vn -0.479498 -0.675295 0.560409
vn -0.479498 -0.675295 0.560410
vn -0.426129 -0.593933 0.682392
vn -0.372520 -0.490525 0.787791
vn -0.372520 -0.490525 0.787791
vn -0.285347 -0.019156 0.958233
vn -0.285347 -0.019156 0.958233
vn -0.767753 0.366766 -0.525393
vn -0.835707 0.159531 -0.525494
vn -0.672986 0.364795 -0.643440
vn -0.927276 -0.171803 -0.332632
vn -0.885751 -0.125545 -0.446860
vn -0.723392 -0.056432 -0.688128
vn -0.720807 -0.134402 -0.679981
vn -0.602225 -0.028385 -0.797822
vn -0.558222 -0.041303 -0.828663
vn -0.728613 0.562865 -0.390265
vn -0.845261 0.405379 -0.348139
vn -0.842319 0.494226 -0.215033
vn -0.935452 0.325781 -0.137103
vn -0.844548 0.242514 -0.477415
vn -0.977997 0.190483 -0.085081
vn -0.929132 0.278925 -0.242725
vn -0.904207 0.190078 -0.382466
vn -0.904734 -0.110724 -0.411336
vn -0.948843 0.293121 -0.117376
vn -0.974040 0.211110 -0.081727
vn -0.708062 0.333900 -0.622221
vn -0.454440 0.040578 -0.889853
vn -0.797468 0.115933 -0.592118
vn -0.583007 0.171805 -0.794094
vn -0.513338 -0.069430 -0.855374
vn -0.333551 0.112292 -0.936020
vn -0.217958 -0.132537 -0.966917
vn -0.507947 -0.079727 -0.857691
vn -0.668291 0.378675 -0.640306
vn -0.552620 0.057132 -0.831473
vn 0.149743 0.019444 -0.988534
vn 0.150201 0.018454 -0.988483
vn 0.150201 0.018454 -0.988483
vn 0.150200 0.018454 -0.988483
vn 0.153052 0.056685 -0.986591
vn 0.091618 0.330645 -0.939298
vn -0.224966 0.544532 -0.808007
vn 0.197209 0.167121 -0.966012
vn 0.065715 0.825434 -0.560660
vn 0.087979 0.798805 -0.595122
vn 0.104773 0.868300 -0.484848
vn 0.117332 0.495000 -0.860934
vn 0.165553 0.180197 -0.969598
vn 0.171648 0.377010 -0.910165
vn 0.075189 0.652081 -0.754412
vn 0.085671 0.739637 -0.667531
vn 0.055710 0.861271 -0.505083
vn 0.033555 0.858555 -0.511623
vn -0.194592 0.556708 -0.807595
vn 0.064420 0.621355 -0.780876
vn 0.067251 0.616520 -0.784462
vn -0.229159 0.556426 -0.798672
vn -0.062476 0.669194 -0.740456
vn 0.059277 0.515791 -0.854661
vn 0.102782 0.793032 -0.600447
vn 0.056419 0.854955 -0.515625
vn 0.086278 0.736509 -0.670903
vn 0.078118 0.720744 -0.688786
vn -0.122169 0.614322 -0.779541
vn 0.117650 0.390968 -0.912854
vn 0.148889 0.020192 -0.988648
vn 0.150200 0.018453 -0.988483
vn 0.032900 0.931159 -0.363126
vn 0.035163 0.928970 -0.368481
vn 0.104056 0.883275 -0.457162
vn 0.093537 0.861767 -0.498607
vn 0.034573 0.932064 -0.360640
vn 0.024267 0.890837 -0.453674
vn 0.101971 0.748194 -0.655597
vn 0.101971 0.748194 -0.655597
vn 0.035637 0.932106 -0.360428
vn 0.037459 0.930871 -0.363422
vn 0.035637 0.932106 -0.360428
vn 0.035646 0.932107 -0.360425
s 1
g Duoduod_FinalCowGameTree2 Duoduod_FinalCowGameTree2
usemtl Maya_Lambert1SG
f 13/1/1 14/2/2 2/3/3
f 2/3/3 14/2/2 6/4/4
f 3/5/5 4/6/6 7/7/7
f 4/6/6 8/8/8 7/7/7
f 16/9/9 6/4/4 9/10/10
f 12/11/11 7/7/7 10/12/12
f 7/7/7 8/8/8 11/13/13
f 9/10/10 17/14/14 12/11/11
f 3/5/5 15/15/15 1/16/16
f 5/17/17 6/4/4 16/9/9
f 6/4/4 14/2/2 3/5/5
f 3/5/5 18/18/18 6/4/4
f 12/11/11 17/14/14 7/7/7
f 2/3/3 6/4/4 5/17/17
f 6/4/4 17/14/14 9/10/10
f 18/18/18 17/14/14 6/4/4
f 7/7/7 11/13/13 10/12/12
f 3/5/5 7/7/7 18/18/18
f 7/7/7 17/14/14 18/18/18
f 14/2/2 15/15/15 3/5/5
s 6
f 31/19/19 32/20/20 20/21/21
f 20/21/21 32/20/20 24/22/22
f 21/23/23 22/24/24 25/25/25
f 22/24/24 26/26/26 25/25/25
f 34/27/27 24/22/22 27/28/28
f 30/29/29 25/25/25 28/30/30
f 25/25/25 26/26/26 29/31/31
f 27/28/28 35/32/32 30/29/29
f 21/23/23 33/33/33 19/34/34
f 23/35/35 24/22/22 34/27/27
f 24/22/22 32/20/20 21/23/23
f 21/23/23 36/36/36 24/22/22
f 30/29/29 35/32/32 25/25/25
f 20/21/21 24/22/22 23/35/35
f 24/22/22 35/32/32 27/28/28
f 36/36/36 35/32/32 24/22/22
f 25/25/25 29/31/31 28/30/30
f 21/23/23 25/25/25 36/36/36
f 25/25/25 35/32/32 36/36/36
f 32/20/20 33/33/33 21/23/23
s 11
f 49/37/37 38/38/38 50/39/39
f 38/38/38 42/40/40 50/39/39
f 39/41/41 43/42/42 40/43/43
f 40/43/43 43/42/42 44/44/44
f 52/45/45 45/46/46 42/40/40
f 48/47/47 46/48/48 43/42/42
f 43/42/42 47/49/49 44/44/44
f 45/46/46 48/47/47 53/50/50
f 39/41/41 37/51/51 51/52/52
f 41/53/53 52/45/45 42/40/40
f 42/40/40 39/41/41 50/39/39
f 39/41/41 42/40/40 54/54/54
f 48/47/47 43/42/42 53/50/50
f 38/38/38 41/53/53 42/40/40
f 42/40/40 45/46/46 53/50/50
f 54/54/54 42/40/40 53/50/50
f 43/42/42 46/48/48 47/49/49
f 39/41/41 54/54/54 43/42/42
f 43/42/42 54/54/54 53/50/50
f 50/39/39 39/41/41 51/52/52
s 16
f 67/55/55 56/56/56 68/57/57
f 56/56/56 60/58/58 68/57/57
f 57/59/59 61/60/60 58/61/61
f 58/61/61 61/60/60 62/62/62
f 70/63/63 63/64/64 60/58/58
f 66/65/65 64/66/66 61/60/60
f 61/60/60 65/67/67 62/62/62
f 63/64/64 66/65/65 71/68/68
f 57/59/59 55/69/69 69/70/70
f 59/71/71 70/63/63 60/58/58
f 60/58/58 57/59/59 68/57/57
f 57/59/59 60/58/58 72/72/72
f 66/65/65 61/60/60 71/68/68
f 56/56/56 59/71/71 60/58/58
f 60/58/58 63/64/64 71/68/68
f 72/72/72 60/58/58 71/68/68
f 61/60/60 64/66/66 65/67/67
f 57/59/59 72/72/72 61/60/60
f 61/60/60 72/72/72 71/68/68
f 68/57/57 57/59/59 69/70/70
s 21
f 73/73/73 77/74/74 74/75/75
f 74/75/75 77/74/74 78/76/76 75/77/77
f 75/77/77 78/76/76 76/78/78
f 73/73/73 79/79/79 77/74/74
f 77/74/74 79/79/79 80/80/80 78/76/76
f 78/76/76 81/81/81 76/78/78
f 78/76/76 80/80/80 81/81/81
s 22
f 82/82/82 86/83/83 83/84/84
f 83/84/84 86/83/83 87/85/85 84/86/86
f 84/86/86 87/85/85 85/87/87
f 82/82/82 88/88/88 86/83/83
f 86/83/83 88/88/88 89/89/89 87/85/85
f 87/85/85 90/90/90 85/87/87
f 87/85/85 89/89/89 90/90/90
s 23
f 91/91/91 95/92/92 92/93/93
f 92/93/93 95/92/92 96/94/94 93/95/95
f 93/95/95 96/94/94 94/96/96
f 91/91/91 97/97/97 95/92/92
f 95/92/92 97/97/97 98/98/98 96/94/94
f 96/94/94 99/99/99 94/96/96
f 96/94/94 98/98/98 99/99/99
s 24
f 100/100/100 103/101/101 109/102/102
f 107/103/103 105/104/104 106/105/105
f 102/106/106 105/104/104 107/103/103
f 109/102/102 103/101/101 102/106/106 107/103/103 108/107/107
f 108/107/107 116/108/108 115/109/109
f 113/110/110 101/111/111 100/100/100 112/112/112
f 109/102/102 110/113/113 114/114/114 112/112/112
f 100/100/100 109/102/102 112/112/112
f 104/115/115 111/116/116 108/107/107 115/109/109
f 108/107/107 107/103/103 116/108/108
s 26
f 117/117/117 118/118/118 1416/119/119 1417/120/120
f 118/118/118 119/121/121 1415/122/122 1416/119/119
f 119/121/121 120/123/123 1426/124/124 1415/122/122
f 120/123/123 121/125/125 1425/126/126 1426/124/124
f 121/125/125 122/127/127 1424/128/128 1425/126/126
f 122/127/127 123/129/129 1423/130/130 1424/128/128
f 123/129/129 124/131/131 1422/132/132 1423/130/130
f 124/131/131 125/133/133 1421/134/134 1422/132/132
f 125/133/133 126/135/135 1420/136/136 1421/134/134
f 126/135/135 127/137/137 1419/138/138 1420/136/136
f 127/137/137 128/139/139 1418/140/140 1419/138/138
f 128/139/139 117/141/117 1417/142/120 1418/140/140
f 142/143/141 141/144/142 213/145/143 214/146/144
f 143/147/145 142/143/141 214/146/144 215/148/146
f 144/149/147 143/147/145 215/148/146 216/150/148
f 145/151/149 144/149/147 216/150/148 217/152/150
f 146/153/151 145/151/149 217/152/150 218/154/152
f 147/155/153 146/153/151 218/154/152 219/156/154
f 148/157/155 147/155/153 219/156/154 220/158/156
f 149/159/157 148/157/155 220/158/156 221/160/158
f 150/161/159 149/159/157 221/160/158 222/162/160
f 151/163/161 150/161/159 222/162/160 223/164/162
f 152/165/163 151/163/161 223/164/162 224/166/164
f 141/167/142 152/165/163 224/166/164 213/168/143
f 154/169/165 153/170/166 226/171/167 227/172/168
f 155/173/169 154/169/165 227/172/168 228/174/170
f 156/175/171 155/173/169 228/174/170 229/176/172
f 157/177/173 156/175/171 229/176/172 230/178/174
f 158/179/175 157/177/173 230/178/174 231/180/176
f 159/181/177 158/179/175 231/180/176 232/182/178
f 160/183/179 159/181/177 232/182/178 233/184/180
f 161/185/181 160/183/179 233/184/180 234/186/182
f 162/187/183 161/185/181 234/186/182 235/188/184
f 163/189/185 162/187/183 235/188/184 236/190/186
f 164/191/187 163/189/185 236/190/186 225/192/188
f 153/193/166 164/191/187 225/192/188 226/194/167
f 166/195/189 165/196/190 202/197/191 203/198/192
f 167/199/193 166/195/189 203/198/192 204/200/194
f 168/201/195 167/199/193 204/200/194 205/202/196
f 169/203/197 168/201/195 205/202/196 206/204/198
f 170/205/199 169/203/197 206/204/198 207/206/200
f 171/207/201 170/205/199 207/206/200 208/208/202
f 172/209/203 171/207/201 208/208/202 209/210/204
f 173/211/205 172/209/203 209/210/204 210/212/206
f 174/213/207 173/211/205 210/212/206 211/214/208
f 175/215/209 174/213/207 211/214/208 212/216/210
f 176/217/211 175/215/209 212/216/210 201/218/212
f 165/196/190 176/219/211 201/220/212 202/197/191
f 178/221/213 177/222/214 189/223/215 190/224/216
f 179/225/217 178/221/213 190/224/216 191/226/218
f 180/227/219 179/225/217 191/226/218 192/228/220
f 181/229/221 180/227/219 192/228/220 193/230/222
f 182/231/223 181/229/221 193/230/222 194/232/224
f 183/233/225 182/231/223 194/232/224 195/234/226
f 184/235/227 183/233/225 195/234/226 196/236/228
f 185/237/229 184/235/227 196/236/228 197/238/230
f 186/239/231 185/237/229 197/238/230 198/240/232
f 187/241/233 186/239/231 198/240/232 199/242/234
f 188/243/235 187/241/233 199/242/234 200/244/236
f 177/245/214 188/243/235 200/244/236 189/246/215
f 190/224/216 189/223/215 266/247/237 267/248/238
f 191/226/218 190/224/216 267/248/238 268/249/239
f 192/228/220 191/226/218 268/249/239 269/250/240
f 193/230/222 192/228/220 269/250/240 270/251/241
f 194/232/224 193/230/222 270/251/241 271/252/242
f 195/234/226 194/232/224 271/252/242 272/253/243
f 196/236/228 195/234/226 272/253/243 261/254/244
f 197/238/230 196/236/228 261/254/244 262/255/245
f 198/240/232 197/238/230 262/255/245 263/256/246
f 199/242/234 198/240/232 263/256/246 264/257/247
f 200/244/236 199/242/234 264/257/247 265/258/248
f 189/246/215 200/244/236 265/258/248 266/259/237
f 202/197/191 201/220/212 141/144/142 142/143/141
f 203/198/192 202/197/191 142/143/141 143/147/145
f 204/200/194 203/198/192 143/147/145 144/149/147
f 205/202/196 204/200/194 144/149/147 145/151/149
f 206/204/198 205/202/196 145/151/149 146/153/151
f 207/206/200 206/204/198 146/153/151 147/155/153
f 208/208/202 207/206/200 147/155/153 148/157/155
f 209/210/204 208/208/202 148/157/155 149/159/157
f 210/212/206 209/210/204 149/159/157 150/161/159
f 211/214/208 210/212/206 150/161/159 151/163/161
f 212/216/210 211/214/208 151/163/161 152/165/163
f 201/218/212 212/216/210 152/165/163 141/167/142
f 214/146/144 213/145/143 153/170/166 154/169/165
f 215/148/146 214/146/144 154/169/165 155/173/169
f 216/150/148 215/148/146 155/173/169 156/175/171
f 217/152/150 216/150/148 156/175/171 157/177/173
f 218/154/152 217/152/150 157/177/173 158/179/175
f 219/156/154 218/154/152 158/179/175 159/181/177
f 220/158/156 219/156/154 159/181/177 160/183/179
f 221/160/158 220/158/156 160/183/179 161/185/181
f 222/162/160 221/160/158 161/185/181 162/187/183
f 223/164/162 222/162/160 162/187/183 163/189/185
f 224/166/164 223/164/162 163/189/185 164/191/187
f 213/168/143 224/166/164 164/191/187 153/193/166
f 226/194/167 225/192/188 248/260/249 237/261/250
f 227/172/168 226/171/167 237/262/250 238/263/251
f 228/174/170 227/172/168 238/263/251 239/264/252
f 229/176/172 228/174/170 239/264/252 240/265/253
f 230/178/174 229/176/172 240/265/253 241/266/254
f 231/180/176 230/178/174 241/266/254 242/267/255
f 232/182/178 231/180/176 242/267/255 243/268/256
f 233/184/180 232/182/178 243/268/256 244/269/257
f 234/186/182 233/184/180 244/269/257 245/270/258
f 235/188/184 234/186/182 245/270/258 246/271/259
f 236/190/186 235/188/184 246/271/259 247/272/260
f 225/192/188 236/190/186 247/272/260 248/260/249
f 238/263/251 237/262/250 177/222/214 178/221/213
f 239/264/252 238/263/251 178/221/213 179/225/217
f 240/265/253 239/264/252 179/225/217 180/227/219
f 241/266/254 240/265/253 180/227/219 181/229/221
f 242/267/255 241/266/254 181/229/221 182/231/223
f 243/268/256 242/267/255 182/231/223 183/233/225
f 244/269/257 243/268/256 183/233/225 184/235/227
f 245/270/258 244/269/257 184/235/227 185/237/229
f 246/271/259 245/270/258 185/237/229 186/239/231
f 247/272/260 246/271/259 186/239/231 187/241/233
f 248/260/249 247/272/260 187/241/233 188/243/235
f 237/261/250 248/260/249 188/243/235 177/245/214
f 250/273/261 249/274/262 165/196/190 166/195/189
f 251/275/263 250/273/261 166/195/189 167/199/193
f 252/276/264 251/275/263 167/199/193 168/201/195
f 253/277/265 252/276/264 168/201/195 169/203/197
f 254/278/266 253/277/265 169/203/197 170/205/199
f 255/279/267 254/278/266 170/205/199 171/207/201
f 256/280/268 255/279/267 171/207/201 172/209/203
f 257/281/269 256/280/268 172/209/203 173/211/205
f 258/282/270 257/281/269 173/211/205 174/213/207
f 259/283/271 258/282/270 174/213/207 175/215/209
f 260/284/272 259/283/271 175/215/209 176/217/211
f 249/274/262 260/285/272 176/219/211 165/196/190
f 262/255/245 261/254/244 134/286/273 133/287/274
f 263/256/246 262/255/245 133/287/274 132/288/275
f 264/257/247 263/256/246 132/288/275 131/289/276
f 265/258/248 264/257/247 131/289/276 130/290/277
f 266/259/237 265/258/248 130/290/277 129/291/278
f 267/248/238 266/247/237 129/292/278 140/293/279
f 268/249/239 267/248/238 140/293/279 139/294/280
f 269/250/240 268/249/239 139/294/280 138/295/281
f 270/251/241 269/250/240 138/295/281 137/296/282
f 271/252/242 270/251/241 137/296/282 136/297/283
f 272/253/243 271/252/242 136/297/283 135/298/284
f 261/254/244 272/253/243 135/298/284 134/286/273
s 30
f 273/299/285 274/300/286 277/301/287
f 274/300/286 275/302/288 277/301/287
f 275/302/288 276/303/289 277/301/287
f 273/299/285 277/301/287 278/304/290
f 277/301/287 279/305/291 278/304/290
f 277/301/287 276/303/289 280/306/292
f 277/301/287 280/306/292 279/305/291
s 31
f 281/307/293 283/308/294 282/309/295
f 282/309/295 283/308/294 286/310/296 285/311/297
f 281/307/293 284/312/298 283/308/294
f 283/308/294 284/312/298 287/313/299 286/310/296
s 32
f 288/314/300 289/315/301 290/316/302
f 289/315/301 292/317/303 293/318/304 290/316/302
f 288/314/300 290/316/302 291/319/305
f 290/316/302 293/318/304 294/320/306 291/319/305
s 33
f 295/321/307 296/322/308 299/323/309
f 296/322/308 297/324/310 299/323/309
f 297/324/310 298/325/311 299/323/309
f 295/321/307 299/323/309 300/326/312
f 299/323/309 301/327/313 300/326/312
f 299/323/309 298/325/311 302/328/314
f 299/323/309 302/328/314 301/327/313
s 34
f 315/329/315 316/330/316 304/331/317
f 304/331/317 316/330/316 308/332/318
f 305/333/319 306/334/320 309/335/321
f 306/334/320 310/336/322 309/335/321
f 318/337/323 308/332/318 311/338/324
f 314/339/325 309/335/321 312/340/326
f 309/335/321 310/336/322 313/341/327
f 311/338/324 319/342/328 314/339/325
f 305/333/319 317/343/329 303/344/330
f 307/345/331 308/332/318 318/337/323
f 308/332/318 316/330/316 305/333/319
f 305/333/319 320/346/332 308/332/318
f 314/339/325 319/342/328 309/335/321
f 304/331/317 308/332/318 307/345/331
f 308/332/318 319/342/328 311/338/324
f 320/346/332 319/342/328 308/332/318
f 309/335/321 313/341/327 312/340/326
f 305/333/319 309/335/321 320/346/332
f 309/335/321 319/342/328 320/346/332
f 316/330/316 317/343/329 305/333/319
s 39
f 333/347/333 334/348/334 322/349/335
f 322/349/335 334/348/334 326/350/336
f 323/351/337 324/352/338 327/353/339
f 324/352/338 328/354/340 327/353/339
f 336/355/341 326/350/336 329/356/342
f 332/357/343 327/353/339 330/358/344
f 327/353/339 328/354/340 331/359/345
f 329/356/342 337/360/346 332/357/343
f 323/351/337 335/361/347 321/362/348
f 325/363/349 326/350/336 336/355/341
f 326/350/336 334/348/334 323/351/337
f 323/351/337 338/364/350 326/350/336
f 332/357/343 337/360/346 327/353/339
f 322/349/335 326/350/336 325/363/349
f 326/350/336 337/360/346 329/356/342
f 338/364/350 337/360/346 326/350/336
f 327/353/339 331/359/345 330/358/344
f 323/351/337 327/353/339 338/364/350
f 327/353/339 337/360/346 338/364/350
f 334/348/334 335/361/347 323/351/337
s 44
f 339/365/351 340/366/352 343/367/353
f 340/366/352 341/368/354 344/369/355 343/367/353
f 341/368/354 342/370/356 344/369/355
f 339/365/351 343/367/353 345/371/357
f 343/367/353 344/369/355 346/372/358 345/371/357
f 344/369/355 342/370/356 347/373/359
f 344/369/355 347/373/359 346/372/358
s 45
f 348/374/360 349/375/361 352/376/362
f 349/375/361 350/377/363 353/378/364 352/376/362
f 350/377/363 351/379/365 353/378/364
f 348/374/360 352/376/362 354/380/366
f 352/376/362 353/378/364 355/381/367 354/380/366
f 353/378/364 351/379/365 356/382/368
f 353/378/364 356/382/368 355/381/367
s 46
f 357/383/369 358/384/370 361/385/371
f 358/384/370 359/386/372 362/387/373 361/385/371
f 359/386/372 360/388/374 362/387/373
f 357/383/369 361/385/371 363/389/375
f 361/385/371 362/387/373 364/390/376 363/389/375
f 362/387/373 360/388/374 365/391/377
f 362/387/373 365/391/377 364/390/376
s 47
f 367/392/378 376/393/379 370/394/380
f 374/395/381 373/396/382 372/397/383
f 369/398/384 374/395/381 372/397/383
f 376/393/379 375/399/385 374/395/381 369/398/384 370/394/380
f 375/399/385 383/400/386 384/401/387
f 380/402/388 379/403/389 367/392/378 368/404/390
f 366/405/391 381/406/392 380/402/388 368/404/390
f 376/393/379 379/403/389 382/407/393 377/408/394
f 367/392/378 379/403/389 376/393/379
f 371/409/395 383/400/386 375/399/385 378/410/396
f 375/399/385 384/401/387 374/395/381
s 50
f 385/411/397 386/412/398 389/413/399
f 386/412/398 387/414/400 389/413/399
f 387/414/400 388/415/401 389/413/399
f 385/411/397 389/413/399 390/416/402
f 389/413/399 391/417/403 390/416/402
f 389/413/399 388/415/401 392/418/404
f 389/413/399 392/418/404 391/417/403
s 51
f 393/419/405 394/420/406 397/421/407
f 394/420/406 395/422/408 397/421/407
f 395/422/408 396/423/409 397/421/407
f 393/419/405 397/421/407 398/424/410
f 397/421/407 399/425/411 398/424/410
f 397/421/407 396/423/409 400/426/412
f 397/421/407 400/426/412 399/425/411
s 52
f 401/427/413 403/428/414 402/429/415
f 402/429/415 403/428/414 406/430/416 405/431/417
f 401/427/413 404/432/418 403/428/414
f 403/428/414 404/432/418 407/433/419 406/430/416
s 53
f 408/434/420 409/435/421 410/436/422
f 409/435/421 412/437/423 413/438/424 410/436/422
f 408/434/420 410/436/422 411/439/425
f 410/436/422 413/438/424 414/440/426 411/439/425
s 54
f 415/441/427 416/442/428 419/443/429
f 416/442/428 417/444/430 419/443/429
f 417/444/430 418/445/431 419/443/429
f 415/441/427 419/443/429 420/446/432
f 419/443/429 421/447/433 420/446/432
f 419/443/429 418/445/431 422/448/434
f 419/443/429 422/448/434 421/447/433
s 55
f 435/449/435 436/450/436 424/451/437
f 424/451/437 436/450/436 428/452/438
f 425/453/439 426/454/440 429/455/441
f 426/454/440 430/456/442 429/455/441
f 438/457/443 428/452/438 431/458/444
f 434/459/445 429/455/441 432/460/446
f 429/455/441 430/456/442 433/461/447
f 431/458/444 439/462/448 434/459/445
f 425/453/439 437/463/449 423/464/450
f 427/465/451 428/452/438 438/457/443
f 428/452/438 436/450/436 425/453/439
f 425/453/439 440/466/452 428/452/438
f 434/459/445 439/462/448 429/455/441
f 424/451/437 428/452/438 427/465/451
f 428/452/438 439/462/448 431/458/444
f 440/466/452 439/462/448 428/452/438
f 429/455/441 433/461/447 432/460/446
f 425/453/439 429/455/441 440/466/452
f 429/455/441 439/462/448 440/466/452
f 436/450/436 437/463/449 425/453/439
s 60
f 453/467/453 454/468/454 442/469/455
f 442/469/455 454/468/454 446/470/456
f 443/471/457 444/472/458 447/473/459
f 444/472/458 448/474/460 447/473/459
f 456/475/461 446/470/456 449/476/462
f 452/477/463 447/473/459 450/478/464
f 447/473/459 448/474/460 451/479/465
f 449/476/462 457/480/466 452/477/463
f 443/471/457 455/481/467 441/482/468
f 445/483/469 446/470/456 456/475/461
f 446/470/456 454/468/454 443/471/457
f 443/471/457 458/484/470 446/470/456
f 452/477/463 457/480/466 447/473/459
f 442/469/455 446/470/456 445/483/469
f 446/470/456 457/480/466 449/476/462
f 458/484/470 457/480/466 446/470/456
f 447/473/459 451/479/465 450/478/464
f 443/471/457 447/473/459 458/484/470
f 447/473/459 457/480/466 458/484/470
f 454/468/454 455/481/467 443/471/457
s 65
f 459/485/471 460/486/472 463/487/473
f 460/486/472 461/488/474 464/489/475 463/487/473
f 461/488/474 462/490/476 464/489/475
f 459/485/471 463/487/473 465/491/477
f 463/487/473 464/489/475 466/492/478 465/491/477
f 464/489/475 462/490/476 467/493/479
f 464/489/475 467/493/479 466/492/478
s 66
f 468/494/480 469/495/481 472/496/482
f 469/495/481 470/497/483 473/498/484 472/496/482
f 470/497/483 471/499/485 473/498/484
f 468/494/480 472/496/482 474/500/486
f 472/496/482 473/498/484 475/501/487 474/500/486
f 473/498/484 471/499/485 476/502/488
f 473/498/484 476/502/488 475/501/487
s 67
f 477/503/489 478/504/490 481/505/491
f 478/504/490 479/506/492 482/507/493 481/505/491
f 479/506/492 480/508/494 482/507/493
f 477/503/489 481/505/491 483/509/495
f 481/505/491 482/507/493 484/510/496 483/509/495
f 482/507/493 480/508/494 485/511/497
f 482/507/493 485/511/497 484/510/496
s 68
f 486/512/498 494/513/499 488/514/500
f 492/515/501 491/516/502 490/517/503
f 487/518/504 492/515/501 490/517/503
f 494/513/499 493/519/505 492/515/501 487/518/504 488/514/500
f 493/519/505 499/520/506 500/521/507
f 494/513/499 497/522/508 498/523/509 495/524/510
f 486/512/498 497/522/508 494/513/499
f 489/525/511 499/520/506 493/519/505 496/526/512
f 493/519/505 500/521/507 492/515/501
s 71
f 501/527/513 502/528/514 505/529/515
f 502/528/514 503/530/516 505/529/515
f 503/530/516 504/531/517 505/529/515
f 501/527/513 505/529/515 506/532/518
f 505/529/515 507/533/519 506/532/518
f 505/529/515 504/531/517 508/534/520
f 505/529/515 508/534/520 507/533/519
s 72
f 521/535/521 510/536/522 522/537/523
f 510/536/522 514/538/524 522/537/523
f 511/539/525 515/540/526 512/541/527
f 512/541/527 515/540/526 516/542/528
f 524/543/529 517/544/530 514/538/524
f 520/545/531 518/546/532 515/540/526
f 515/540/526 519/547/533 516/542/528
f 517/544/530 520/545/531 525/548/534
f 511/539/525 509/549/535 523/550/536
f 513/551/537 524/543/529 514/538/524
f 514/538/524 511/539/525 522/537/523
f 511/539/525 514/538/524 526/552/538
f 520/545/531 515/540/526 525/548/534
f 510/536/522 513/551/537 514/538/524
f 514/538/524 517/544/530 525/548/534
f 526/552/538 514/538/524 525/548/534
f 515/540/526 518/546/532 519/547/533
f 511/539/525 526/552/538 515/540/526
f 515/540/526 526/552/538 525/548/534
f 522/537/523 511/539/525 523/550/536
s 77
f 539/553/539 528/554/540 540/555/541
f 528/554/540 532/556/542 540/555/541
f 529/557/543 533/558/544 530/559/545
f 530/559/545 533/558/544 534/560/546
f 542/561/547 535/562/548 532/556/542
f 538/563/549 536/564/550 533/558/544
f 533/558/544 537/565/551 534/560/546
f 535/562/548 538/563/549 543/566/552
f 529/557/543 527/567/553 541/568/554
f 531/569/555 542/561/547 532/556/542
f 532/556/542 529/557/543 540/555/541
f 529/557/543 532/556/542 544/570/556
f 538/563/549 533/558/544 543/566/552
f 528/554/540 531/569/555 532/556/542
f 532/556/542 535/562/548 543/566/552
f 544/570/556 532/556/542 543/566/552
f 533/558/544 536/564/550 537/565/551
f 529/557/543 544/570/556 533/558/544
f 533/558/544 544/570/556 543/566/552
f 540/555/541 529/557/543 541/568/554
s 82
f 545/571/557 549/572/558 546/573/559
f 546/573/559 549/572/558 550/574/560 547/575/561
f 547/575/561 550/574/560 548/576/562
f 545/571/557 551/577/563 549/572/558
f 549/572/558 551/577/563 552/578/564 550/574/560
f 550/574/560 553/579/565 548/576/562
f 550/574/560 552/578/564 553/579/565
s 83
f 554/580/566 558/581/567 555/582/568
f 555/582/568 558/581/567 559/583/569 556/584/570
f 556/584/570 559/583/569 557/585/571
f 554/580/566 560/586/572 558/581/567
f 558/581/567 560/586/572 561/587/573 559/583/569
f 559/583/569 562/588/574 557/585/571
f 559/583/569 561/587/573 562/588/574
s 84
f 563/589/575 567/590/576 564/591/577
f 564/591/577 567/590/576 568/592/578 565/593/579
f 565/593/579 568/592/578 566/594/580
f 563/589/575 569/595/581 567/590/576
f 567/590/576 569/595/581 570/596/582 568/592/578
f 568/592/578 571/597/583 566/594/580
f 568/592/578 570/596/582 571/597/583
s 85
f 572/598/584 574/599/585 580/600/586
f 578/601/587 576/602/588 577/603/589
f 573/604/590 576/602/588 578/601/587
f 580/600/586 574/599/585 573/604/590 578/601/587 579/605/591
f 579/605/591 586/606/592 585/607/593
f 580/600/586 581/608/594 584/609/595 583/610/596
f 572/598/584 580/600/586 583/610/596
f 575/611/597 582/612/598 579/605/591 585/607/593
f 579/605/591 578/601/587 586/606/592
s 87
f 587/613/599 588/614/600 591/615/601
f 588/614/600 589/616/602 591/615/601
f 589/616/602 590/617/603 591/615/601
f 587/613/599 591/615/601 592/618/604
f 591/615/601 593/619/605 592/618/604
f 591/615/601 590/617/603 594/620/606
f 591/615/601 594/620/606 593/619/605
s 88
f 595/621/607 597/622/608 596/623/609
f 596/623/609 597/622/608 600/624/610 599/625/611
f 595/621/607 598/626/612 597/622/608
f 597/622/608 598/626/612 601/627/613 600/624/610
s 89
f 602/628/614 603/629/615 604/630/616
f 603/629/615 606/631/617 607/632/618 604/630/616
f 602/628/614 604/630/616 605/633/619
f 604/630/616 607/632/618 608/634/620 605/633/619
s 90
f 609/635/621 610/636/622 613/637/623
f 610/636/622 611/638/624 613/637/623
f 611/638/624 612/639/625 613/637/623
f 609/635/621 613/637/623 614/640/626
f 613/637/623 615/641/627 614/640/626
f 613/637/623 612/639/625 616/642/628
f 613/637/623 616/642/628 615/641/627
s 91
f 629/643/629 630/644/630 618/645/631
f 618/645/631 630/644/630 622/646/632
f 619/647/633 620/648/634 623/649/635
f 620/648/634 624/650/636 623/649/635
f 632/651/637 622/646/632 625/652/638
f 628/653/639 623/649/635 626/654/640
f 623/649/635 624/650/636 627/655/641
f 625/652/638 633/656/642 628/653/639
f 619/647/633 631/657/643 617/658/644
f 621/659/645 622/646/632 632/651/637
f 622/646/632 630/644/630 619/647/633
f 619/647/633 634/660/646 622/646/632
f 628/653/639 633/656/642 623/649/635
f 618/645/631 622/646/632 621/659/645
f 622/646/632 633/656/642 625/652/638
f 634/660/646 633/656/642 622/646/632
f 623/649/635 627/655/641 626/654/640
f 619/647/633 623/649/635 634/660/646
f 623/649/635 633/656/642 634/660/646
f 630/644/630 631/657/643 619/647/633
s 96
f 647/661/647 648/662/648 636/663/649
f 636/663/649 648/662/648 640/664/650
f 637/665/651 638/666/652 641/667/653
f 638/666/652 642/668/654 641/667/653
f 650/669/655 640/664/650 643/670/656
f 646/671/657 641/667/653 644/672/658
f 641/667/653 642/668/654 645/673/659
f 643/670/656 651/674/660 646/671/657
f 637/665/651 649/675/661 635/676/662
f 639/677/663 640/664/650 650/669/655
f 640/664/650 648/662/648 637/665/651
f 637/665/651 652/678/664 640/664/650
f 646/671/657 651/674/660 641/667/653
f 636/663/649 640/664/650 639/677/663
f 640/664/650 651/674/660 643/670/656
f 652/678/664 651/674/660 640/664/650
f 641/667/653 645/673/659 644/672/658
f 637/665/651 641/667/653 652/678/664
f 641/667/653 651/674/660 652/678/664
f 648/662/648 649/675/661 637/665/651
s 101
f 653/679/665 654/680/666 657/681/667
f 654/680/666 655/682/668 658/683/669 657/681/667
f 655/682/668 656/684/670 658/683/669
f 653/679/665 657/681/667 659/685/671
f 657/681/667 658/683/669 660/686/672 659/685/671
f 658/683/669 656/684/670 661/687/673
f 658/683/669 661/687/673 660/686/672
s 102
f 662/688/674 663/689/675 666/690/676
f 663/689/675 664/691/677 667/692/678 666/690/676
f 664/691/677 665/693/679 667/692/678
f 662/688/674 666/690/676 668/694/680
f 666/690/676 667/692/678 669/695/681 668/694/680
f 667/692/678 665/693/679 670/696/682
f 667/692/678 670/696/682 669/695/681
s 103
f 671/697/683 672/698/684 675/699/685
f 672/698/684 673/700/686 676/701/687 675/699/685
f 673/700/686 674/702/688 676/701/687
f 671/697/683 675/699/685 677/703/689
f 675/699/685 676/701/687 678/704/690 677/703/689
f 676/701/687 674/702/688 679/705/691
f 676/701/687 679/705/691 678/704/690
s 104
f 681/706/692 690/707/693 684/708/694
f 688/709/695 687/710/696 686/711/697
f 683/712/698 688/709/695 686/711/697
f 690/707/693 689/713/699 688/709/695 683/712/698 684/708/694
f 689/713/699 697/714/700 698/715/701
f 694/716/702 693/717/703 681/706/692 682/718/704
f 680/719/705 695/720/706 694/716/702 682/718/704
f 690/707/693 693/717/703 696/721/707 691/722/708
f 681/706/692 693/717/703 690/707/693
f 685/723/709 697/714/700 689/713/699 692/724/710
f 689/713/699 698/715/701 688/709/695
s 107
f 699/725/711 700/726/712 703/727/713
f 700/726/712 701/728/714 703/727/713
f 701/728/714 702/729/715 703/727/713
f 699/725/711 703/727/713 704/730/716
f 703/727/713 705/731/717 704/730/716
f 703/727/713 702/729/715 706/732/718
f 703/727/713 706/732/718 705/731/717
s 108
f 719/733/719 720/734/720 708/735/721
f 708/735/721 720/734/720 712/736/722
f 709/737/723 710/738/724 713/739/725
f 710/738/724 714/740/726 713/739/725
f 722/741/727 712/736/722 715/742/728
f 718/743/729 713/739/725 716/744/730
f 713/739/725 714/740/726 717/745/731
f 715/742/728 723/746/732 718/743/729
f 709/737/723 721/747/733 707/748/734
f 711/749/735 712/736/722 722/741/727
f 712/736/722 720/734/720 709/737/723
f 709/737/723 724/750/736 712/736/722
f 718/743/729 723/746/732 713/739/725
f 708/735/721 712/736/722 711/749/735
f 712/736/722 723/746/732 715/742/728
f 724/750/736 723/746/732 712/736/722
f 713/739/725 717/745/731 716/744/730
f 709/737/723 713/739/725 724/750/736
f 713/739/725 723/746/732 724/750/736
f 720/734/720 721/747/733 709/737/723
s 113
f 737/751/737 738/752/738 726/753/739
f 726/753/739 738/752/738 730/754/740
f 727/755/741 728/756/742 731/757/743
f 728/756/742 732/758/744 731/757/743
f 740/759/745 730/754/740 733/760/746
f 736/761/747 731/757/743 734/762/748
f 731/757/743 732/758/744 735/763/749
f 733/760/746 741/764/750 736/761/747
f 727/755/741 739/765/751 725/766/752
f 729/767/753 730/754/740 740/759/745
f 730/754/740 738/752/738 727/755/741
f 727/755/741 742/768/754 730/754/740
f 736/761/747 741/764/750 731/757/743
f 726/753/739 730/754/740 729/767/753
f 730/754/740 741/764/750 733/760/746
f 742/768/754 741/764/750 730/754/740
f 731/757/743 735/763/749 734/762/748
f 727/755/741 731/757/743 742/768/754
f 731/757/743 741/764/750 742/768/754
f 738/752/738 739/765/751 727/755/741
s 118
f 743/769/755 744/770/756 747/771/757
f 744/770/756 745/772/758 748/773/759 747/771/757
f 745/772/758 746/774/760 748/773/759
f 743/769/755 747/771/757 749/775/761
f 747/771/757 748/773/759 750/776/762 749/775/761
f 748/773/759 746/774/760 751/777/763
f 748/773/759 751/777/763 750/776/762
s 119
f 752/778/764 753/779/765 756/780/766
f 753/779/765 754/781/767 757/782/768 756/780/766
f 754/781/767 755/783/769 757/782/768
f 752/778/764 756/780/766 758/784/770
f 756/780/766 757/782/768 759/785/771 758/784/770
f 757/782/768 755/783/769 760/786/772
f 757/782/768 760/786/772 759/785/771
s 120
f 761/787/773 762/788/774 765/789/775
f 762/788/774 763/790/776 766/791/777 765/789/775
f 763/790/776 764/792/778 766/791/777
f 761/787/773 765/789/775 767/793/779
f 765/789/775 766/791/777 768/794/780 767/793/779
f 766/791/777 764/792/778 769/795/781
f 766/791/777 769/795/781 768/794/780
s 121
f 771/796/782 780/797/783 774/798/784
f 778/799/785 777/800/786 776/801/787
f 773/802/788 778/799/785 776/801/787
f 780/797/783 779/803/789 778/799/785 773/802/788 774/798/784
f 779/803/789 787/804/790 788/805/791
f 784/806/792 783/807/793 771/796/782 772/808/794
f 770/809/795 785/810/796 784/806/792 772/808/794
f 780/797/783 783/807/793 786/811/797 781/812/798
f 771/796/782 783/807/793 780/797/783
f 775/813/799 787/804/790 779/803/789 782/814/800
f 779/803/789 788/805/791 778/799/785
s 124
f 801/815/801 802/816/802 790/817/803
f 790/817/803 802/816/802 794/818/804
f 791/819/805 792/820/806 795/821/807
f 792/820/806 796/822/808 795/821/807
f 804/823/809 794/818/804 797/824/810
f 800/825/811 795/821/807 798/826/812
f 795/821/807 796/822/808 799/827/813
f 797/824/810 805/828/814 800/825/811
f 791/819/805 803/829/815 789/830/816
f 793/831/817 794/818/804 804/823/809
f 794/818/804 802/816/802 791/819/805
f 791/819/805 806/832/818 794/818/804
f 800/825/811 805/828/814 795/821/807
f 790/817/803 794/818/804 793/831/817
f 794/818/804 805/828/814 797/824/810
f 806/832/818 805/828/814 794/818/804
f 795/821/807 799/827/813 798/826/812
f 791/819/805 795/821/807 806/832/818
f 795/821/807 805/828/814 806/832/818
f 802/816/802 803/829/815 791/819/805
s 129
f 819/833/819 820/834/820 808/835/821
f 808/835/821 820/834/820 812/836/822
f 809/837/823 810/838/824 813/839/825
f 810/838/824 814/840/826 813/839/825
f 822/841/827 812/836/822 815/842/828
f 818/843/829 813/839/825 816/844/830
f 813/839/825 814/840/826 817/845/831
f 815/842/828 823/846/832 818/843/829
f 809/837/823 821/847/833 807/848/834
f 811/849/835 812/836/822 822/841/827
f 812/836/822 820/834/820 809/837/823
f 809/837/823 824/850/836 812/836/822
f 818/843/829 823/846/832 813/839/825
f 808/835/821 812/836/822 811/849/835
f 812/836/822 823/846/832 815/842/828
f 824/850/836 823/846/832 812/836/822
f 813/839/825 817/845/831 816/844/830
f 809/837/823 813/839/825 824/850/836
f 813/839/825 823/846/832 824/850/836
f 820/834/820 821/847/833 809/837/823
s 134
f 837/851/837 826/852/838 838/853/839
f 826/852/838 830/854/840 838/853/839
f 827/855/841 831/856/842 828/857/843
f 828/857/843 831/856/842 832/858/844
f 840/859/845 833/860/846 830/854/840
f 836/861/847 834/862/848 831/856/842
f 831/856/842 835/863/849 832/858/844
f 833/860/846 836/861/847 841/864/850
f 827/855/841 825/865/851 839/866/852
f 829/867/853 840/859/845 830/854/840
f 830/854/840 827/855/841 838/853/839
f 827/855/841 830/854/840 842/868/854
f 836/861/847 831/856/842 841/864/850
f 826/852/838 829/867/853 830/854/840
f 830/854/840 833/860/846 841/864/850
f 842/868/854 830/854/840 841/864/850
f 831/856/842 834/862/848 835/863/849
f 827/855/841 842/868/854 831/856/842
f 831/856/842 842/868/854 841/864/850
f 838/853/839 827/855/841 839/866/852
s 139
f 855/869/855 844/870/856 856/871/857
f 844/870/856 848/872/858 856/871/857
f 845/873/859 849/874/860 846/875/861
f 846/875/861 849/874/860 850/876/862
f 858/877/863 851/878/864 848/872/858
f 854/879/865 852/880/866 849/874/860
f 849/874/860 853/881/867 850/876/862
f 851/878/864 854/879/865 859/882/868
f 845/873/859 843/883/869 857/884/870
f 847/885/871 858/877/863 848/872/858
f 848/872/858 845/873/859 856/871/857
f 845/873/859 848/872/858 860/886/872
f 854/879/865 849/874/860 859/882/868
f 844/870/856 847/885/871 848/872/858
f 848/872/858 851/878/864 859/882/868
f 860/886/872 848/872/858 859/882/868
f 849/874/860 852/880/866 853/881/867
f 845/873/859 860/886/872 849/874/860
f 849/874/860 860/886/872 859/882/868
f 856/871/857 845/873/859 857/884/870
s 144
f 861/887/873 865/888/874 862/889/875
f 862/889/875 865/888/874 866/890/876 863/891/877
f 863/891/877 866/890/876 864/892/878
f 861/887/873 867/893/879 865/888/874
f 865/888/874 867/893/879 868/894/880 866/890/876
f 866/890/876 869/895/881 864/892/878
f 866/890/876 868/894/880 869/895/881
s 145
f 870/896/882 874/897/883 871/898/884
f 871/898/884 874/897/883 875/899/885 872/900/886
f 872/900/886 875/899/885 873/901/887
f 870/896/882 876/902/888 874/897/883
f 874/897/883 876/902/888 877/903/889 875/899/885
f 875/899/885 878/904/890 873/901/887
f 875/899/885 877/903/889 878/904/890
s 146
f 879/905/891 883/906/892 880/907/893
f 880/907/893 883/906/892 884/908/894 881/909/895
f 881/909/895 884/908/894 882/910/896
f 879/905/891 885/911/897 883/906/892
f 883/906/892 885/911/897 886/912/898 884/908/894
f 884/908/894 887/913/899 882/910/896
f 884/908/894 886/912/898 887/913/899
s 147
f 888/914/900 891/915/901 897/916/902
f 895/917/903 893/918/904 894/919/905
f 890/920/906 893/918/904 895/917/903
f 897/916/902 891/915/901 890/920/906 895/917/903 896/921/907
f 896/921/907 904/922/908 903/923/909
f 901/924/910 889/925/911 888/914/900 900/926/912
f 897/916/902 898/927/913 902/928/914 900/926/912
f 888/914/900 897/916/902 900/926/912
f 892/929/915 899/930/916 896/921/907 903/923/909
f 896/921/907 895/917/903 904/922/908
s 149
f 917/931/917 918/932/918 906/933/919
f 906/933/919 918/932/918 910/934/920
f 907/935/921 908/936/922 911/937/923
f 908/936/922 912/938/924 911/937/923
f 920/939/925 910/934/920 913/940/926
f 916/941/927 911/937/923 914/942/928
f 911/937/923 912/938/924 915/943/929
f 913/940/926 921/944/930 916/941/927
f 907/935/921 919/945/931 905/946/932
f 909/947/933 910/934/920 920/939/925
f 910/934/920 918/932/918 907/935/921
f 907/935/921 922/948/934 910/934/920
f 916/941/927 921/944/930 911/937/923
f 906/933/919 910/934/920 909/947/933
f 910/934/920 921/944/930 913/940/926
f 922/948/934 921/944/930 910/934/920
f 911/937/923 915/943/929 914/942/928
f 907/935/921 911/937/923 922/948/934
f 911/937/923 921/944/930 922/948/934
f 918/932/918 919/945/931 907/935/921
s 154
f 935/949/935 936/950/936 924/951/937
f 924/951/937 936/950/936 928/952/938
f 925/953/939 926/954/940 929/955/941
f 926/954/940 930/956/942 929/955/941
f 938/957/943 928/952/938 931/958/944
f 934/959/945 929/955/941 932/960/946
f 929/955/941 930/956/942 933/961/947
f 931/958/944 939/962/948 934/959/945
f 925/953/939 937/963/949 923/964/950
f 927/965/951 928/952/938 938/957/943
f 928/952/938 936/950/936 925/953/939
f 925/953/939 940/966/952 928/952/938
f 934/959/945 939/962/948 929/955/941
f 924/951/937 928/952/938 927/965/951
f 928/952/938 939/962/948 931/958/944
f 940/966/952 939/962/948 928/952/938
f 929/955/941 933/961/947 932/960/946
f 925/953/939 929/955/941 940/966/952
f 929/955/941 939/962/948 940/966/952
f 936/950/936 937/963/949 925/953/939
s 159
f 953/967/953 942/968/954 954/969/955
f 942/968/954 946/970/956 954/969/955
f 943/971/957 947/972/958 944/973/959
f 944/973/959 947/972/958 948/974/960
f 956/975/961 949/976/962 946/970/956
f 952/977/963 950/978/964 947/972/958
f 947/972/958 951/979/965 948/974/960
f 949/976/962 952/977/963 957/980/966
f 943/971/957 941/981/967 955/982/968
f 945/983/969 956/975/961 946/970/956
f 946/970/956 943/971/957 954/969/955
f 943/971/957 946/970/956 958/984/970
f 952/977/963 947/972/958 957/980/966
f 942/968/954 945/983/969 946/970/956
f 946/970/956 949/976/962 957/980/966
f 958/984/970 946/970/956 957/980/966
f 947/972/958 950/978/964 951/979/965
f 943/971/957 958/984/970 947/972/958
f 947/972/958 958/984/970 957/980/966
f 954/969/955 943/971/957 955/982/968
s 164
f 971/985/971 960/986/972 972/987/973
f 960/986/972 964/988/974 972/987/973
f 961/989/975 965/990/976 962/991/977
f 962/991/977 965/990/976 966/992/978
f 974/993/979 967/994/980 964/988/974
f 970/995/981 968/996/982 965/990/976
f 965/990/976 969/997/983 966/992/978
f 967/994/980 970/995/981 975/998/984
f 961/989/975 959/999/985 973/1000/986
f 963/1001/987 974/993/979 964/988/974
f 964/988/974 961/989/975 972/987/973
f 961/989/975 964/988/974 976/1002/988
f 970/995/981 965/990/976 975/998/984
f 960/986/972 963/1001/987 964/988/974
f 964/988/974 967/994/980 975/998/984
f 976/1002/988 964/988/974 975/998/984
f 965/990/976 968/996/982 969/997/983
f 961/989/975 976/1002/988 965/990/976
f 965/990/976 976/1002/988 975/998/984
f 972/987/973 961/989/975 973/1000/986
s 169
f 977/1003/989 981/1004/990 978/1005/991
f 978/1005/991 981/1004/990 982/1006/992 979/1007/993
f 979/1007/993 982/1006/992 980/1008/994
f 977/1003/989 983/1009/995 981/1004/990
f 981/1004/990 983/1009/995 984/1010/996 982/1006/992
f 982/1006/992 985/1011/997 980/1008/994
f 982/1006/992 984/1010/996 985/1011/997
s 170
f 986/1012/998 990/1013/999 987/1014/1000
f 987/1014/1000 990/1013/999 991/1015/1001 988/1016/1002
f 988/1016/1002 991/1015/1001 989/1017/1003
f 986/1012/998 992/1018/1004 990/1013/999
f 990/1013/999 992/1018/1004 993/1019/1005 991/1015/1001
f 991/1015/1001 994/1020/1006 989/1017/1003
f 991/1015/1001 993/1019/1005 994/1020/1006
s 171
f 995/1021/1007 999/1022/1008 996/1023/1009
f 996/1023/1009 999/1022/1008 1000/1024/1010 997/1025/1011
f 997/1025/1011 1000/1024/1010 998/1026/1012
f 995/1021/1007 1001/1027/1013 999/1022/1008
f 999/1022/1008 1001/1027/1013 1002/1028/1014 1000/1024/1010
f 1000/1024/1010 1003/1029/1015 998/1026/1012
f 1000/1024/1010 1002/1028/1014 1003/1029/1015
s 172
f 1004/1030/1016 1007/1031/1017 1013/1032/1018
f 1011/1033/1019 1009/1034/1020 1010/1035/1021
f 1006/1036/1022 1009/1034/1020 1011/1033/1019
f 1013/1032/1018 1007/1031/1017 1006/1036/1022 1011/1033/1019 1012/1037/1023
f 1012/1037/1023 1020/1038/1024 1019/1039/1025
f 1017/1040/1026 1005/1041/1027 1004/1030/1016 1016/1042/1028
f 1013/1032/1018 1014/1043/1029 1018/1044/1030 1016/1042/1028
f 1004/1030/1016 1013/1032/1018 1016/1042/1028
f 1008/1045/1031 1015/1046/1032 1012/1037/1023 1019/1039/1025
f 1012/1037/1023 1011/1033/1019 1020/1038/1024
s 174
f 1033/1047/1033 1022/1048/1034 1034/1049/1035
f 1022/1048/1034 1026/1050/1036 1034/1049/1035
f 1023/1051/1037 1027/1052/1038 1024/1053/1039
f 1024/1053/1039 1027/1052/1038 1028/1054/1040
f 1036/1055/1041 1029/1056/1042 1026/1050/1036
f 1032/1057/1043 1030/1058/1044 1027/1052/1038
f 1027/1052/1038 1031/1059/1045 1028/1054/1040
f 1029/1056/1042 1032/1057/1043 1037/1060/1046
f 1023/1051/1037 1021/1061/1047 1035/1062/1048
f 1025/1063/1049 1036/1055/1041 1026/1050/1036
f 1026/1050/1036 1023/1051/1037 1034/1049/1035
f 1023/1051/1037 1026/1050/1036 1038/1064/1050
f 1032/1057/1043 1027/1052/1038 1037/1060/1046
f 1022/1048/1034 1025/1063/1049 1026/1050/1036
f 1026/1050/1036 1029/1056/1042 1037/1060/1046
f 1038/1064/1050 1026/1050/1036 1037/1060/1046
f 1027/1052/1038 1030/1058/1044 1031/1059/1045
f 1023/1051/1037 1038/1064/1050 1027/1052/1038
f 1027/1052/1038 1038/1064/1050 1037/1060/1046
f 1034/1049/1035 1023/1051/1037 1035/1062/1048
s 179
f 1051/1065/1051 1040/1066/1052 1052/1067/1053
f 1040/1066/1052 1044/1068/1054 1052/1067/1053
f 1041/1069/1055 1045/1070/1056 1042/1071/1057
f 1042/1071/1057 1045/1070/1056 1046/1072/1058
f 1054/1073/1059 1047/1074/1060 1044/1068/1054
f 1050/1075/1061 1048/1076/1062 1045/1070/1056
f 1045/1070/1056 1049/1077/1063 1046/1072/1058
f 1047/1074/1060 1050/1075/1061 1055/1078/1064
f 1041/1069/1055 1039/1079/1065 1053/1080/1066
f 1043/1081/1067 1054/1073/1059 1044/1068/1054
f 1044/1068/1054 1041/1069/1055 1052/1067/1053
f 1041/1069/1055 1044/1068/1054 1056/1082/1068
f 1050/1075/1061 1045/1070/1056 1055/1078/1064
f 1040/1066/1052 1043/1081/1067 1044/1068/1054
f 1044/1068/1054 1047/1074/1060 1055/1078/1064
f 1056/1082/1068 1044/1068/1054 1055/1078/1064
f 1045/1070/1056 1048/1076/1062 1049/1077/1063
f 1041/1069/1055 1056/1082/1068 1045/1070/1056
f 1045/1070/1056 1056/1082/1068 1055/1078/1064
f 1052/1067/1053 1041/1069/1055 1053/1080/1066
s 184
f 1057/1083/1069 1061/1084/1070 1058/1085/1071
f 1058/1085/1071 1061/1084/1070 1062/1086/1072 1059/1087/1073
f 1059/1087/1073 1062/1086/1072 1060/1088/1074
f 1057/1083/1069 1063/1089/1075 1061/1084/1070
f 1061/1084/1070 1063/1089/1075 1064/1090/1076 1062/1086/1072
f 1062/1086/1072 1065/1091/1077 1060/1088/1074
f 1062/1086/1072 1064/1090/1076 1065/1091/1077
s 185
f 1066/1092/1078 1070/1093/1079 1067/1094/1080
f 1067/1094/1080 1070/1093/1079 1071/1095/1081 1068/1096/1082
f 1068/1096/1082 1071/1095/1081 1069/1097/1083
f 1066/1092/1078 1072/1098/1084 1070/1093/1079
f 1070/1093/1079 1072/1098/1084 1073/1099/1085 1071/1095/1081
f 1071/1095/1081 1074/1100/1086 1069/1097/1083
f 1071/1095/1081 1073/1099/1085 1074/1100/1086
s 186
f 1075/1101/1087 1079/1102/1088 1076/1103/1089
f 1076/1103/1089 1079/1102/1088 1080/1104/1090 1077/1105/1091
f 1077/1105/1091 1080/1104/1090 1078/1106/1092
f 1075/1101/1087 1081/1107/1093 1079/1102/1088
f 1079/1102/1088 1081/1107/1093 1082/1108/1094 1080/1104/1090
f 1080/1104/1090 1083/1109/1095 1078/1106/1092
f 1080/1104/1090 1082/1108/1094 1083/1109/1095
s 187
f 1084/1110/1096 1086/1111/1097 1092/1112/1098
f 1090/1113/1099 1088/1114/1100 1089/1115/1101
f 1085/1116/1102 1088/1114/1100 1090/1113/1099
f 1092/1112/1098 1086/1111/1097 1085/1116/1102 1090/1113/1099 1091/1117/1103
f 1091/1117/1103 1098/1118/1104 1097/1119/1105
f 1092/1112/1098 1093/1120/1106 1096/1121/1107 1095/1122/1108
f 1084/1110/1096 1092/1112/1098 1095/1122/1108
f 1087/1123/1109 1094/1124/1110 1091/1117/1103 1097/1119/1105
f 1091/1117/1103 1090/1113/1099 1098/1118/1104
s 189
f 1101/1125/1111 1108/1126/1112 1107/1127/1113
f 1108/1126/1112 1109/1128/1114 1117/1129/1115
f 1124/1130/1116 1110/1131/1117 1109/1128/1114
f 1110/1131/1117 1099/1132/1118 1111/1133/1119
f 1105/1134/1120 1113/1135/1121 1112/1136/1122
f 1109/1128/1114 1108/1126/1112 1124/1130/1116
f 1112/1136/1122 1113/1135/1121 1115/1137/1123
f 1115/1137/1123 1114/1138/1124 1122/1139/1125
f 1121/1140/1126 1108/1126/1112 1116/1141/1127
f 1108/1126/1112 1117/1129/1115 1118/1142/1128 1116/1141/1127
f 1120/1143/1129 1116/1141/1127 1119/1144/1130
f 1116/1141/1127 1118/1142/1128 1119/1144/1130
f 1114/1138/1124 1121/1140/1126 1122/1139/1125
f 1113/1135/1121 1114/1138/1124 1115/1137/1123
f 1113/1135/1121 1107/1127/1113 1114/1138/1124
f 1107/1127/1113 1108/1126/1112 1114/1138/1124
f 1101/1125/1111 1123/1145/1131 1108/1126/1112
f 1103/1146/1132 1123/1145/1131 1102/1147/1133
f 1124/1130/1116 1128/1148/1134 1103/1146/1132
f 1125/1149/1135 1127/1150/1136 1104/1151/1137
f 1104/1151/1137 1099/1132/1118 1125/1149/1135
f 1099/1132/1118 1100/1152/1138 1111/1133/1119
f 1125/1149/1135 1099/1132/1118 1110/1131/1117
f 1108/1126/1112 1128/1148/1134 1124/1130/1116
f 1120/1143/1129 1121/1140/1126 1116/1141/1127
f 1106/1153/1139 1107/1127/1113 1113/1135/1121
f 1105/1134/1120 1106/1153/1139 1113/1135/1121
f 1114/1138/1124 1108/1126/1112 1121/1140/1126
f 1103/1146/1132 1126/1154/1140 1125/1149/1135 1124/1130/1116
f 1124/1130/1116 1125/1149/1135 1110/1131/1117
f 1123/1145/1131 1128/1148/1134 1108/1126/1112
f 1103/1146/1132 1128/1148/1134 1123/1145/1131
s 197
f 1129/1155/1141 1130/1156/1142 1133/1157/1143
f 1130/1156/1142 1131/1158/1144 1134/1159/1145 1133/1157/1143
f 1131/1158/1144 1132/1160/1146 1134/1159/1145
f 1129/1155/1141 1133/1157/1143 1135/1161/1147
f 1133/1157/1143 1134/1159/1145 1136/1162/1148 1135/1161/1147
f 1134/1159/1145 1132/1160/1146 1137/1163/1149
f 1134/1159/1145 1137/1163/1149 1136/1162/1148
s 198
f 1138/1164/1150 1139/1165/1151 1142/1166/1152
f 1139/1165/1151 1140/1167/1153 1142/1166/1152
f 1140/1167/1153 1141/1168/1154 1142/1166/1152
f 1138/1164/1150 1142/1166/1152 1143/1169/1155
f 1142/1166/1152 1144/1170/1156 1143/1169/1155
f 1142/1166/1152 1141/1168/1154 1145/1171/1157
f 1142/1166/1152 1145/1171/1157 1144/1170/1156
s 199
f 1146/1172/1158 1147/1173/1159 1150/1174/1160
f 1147/1173/1159 1148/1175/1161 1151/1176/1162 1150/1174/1160
f 1148/1175/1161 1149/1177/1163 1151/1176/1162
f 1146/1172/1158 1150/1174/1160 1152/1178/1164
f 1150/1174/1160 1151/1176/1162 1153/1179/1165 1152/1178/1164
f 1151/1176/1162 1149/1177/1163 1154/1180/1166
f 1151/1176/1162 1154/1180/1166 1153/1179/1165
s 200
f 1155/1181/1167 1156/1182/1168 1159/1183/1169
f 1156/1182/1168 1157/1184/1170 1159/1183/1169
f 1157/1184/1170 1158/1185/1171 1159/1183/1169
f 1155/1181/1167 1159/1183/1169 1160/1186/1172
f 1159/1183/1169 1161/1187/1173 1160/1186/1172
f 1159/1183/1169 1158/1185/1171 1162/1188/1174
f 1159/1183/1169 1162/1188/1174 1161/1187/1173
s 201
f 1164/1189/1175 1171/1190/1176 1170/1191/1177
f 1171/1190/1176 1172/1192/1178 1179/1193/1179
f 1186/1194/1180 1173/1195/1181 1172/1192/1178
f 1168/1196/1182 1175/1197/1183 1174/1198/1184
f 1172/1192/1178 1171/1190/1176 1186/1194/1180
f 1174/1198/1184 1175/1197/1183 1177/1199/1185
f 1177/1199/1185 1176/1200/1186 1184/1201/1187
f 1183/1202/1188 1171/1190/1176 1178/1203/1189
f 1171/1190/1176 1179/1193/1179 1180/1204/1190 1178/1203/1189
f 1182/1205/1191 1178/1203/1189 1181/1206/1192
f 1178/1203/1189 1180/1204/1190 1181/1206/1192
f 1176/1200/1186 1183/1202/1188 1184/1201/1187
f 1175/1197/1183 1176/1200/1186 1177/1199/1185
f 1175/1197/1183 1170/1191/1177 1176/1200/1186
f 1170/1191/1177 1171/1190/1176 1176/1200/1186
f 1164/1189/1175 1185/1207/1193 1171/1190/1176
f 1166/1208/1194 1185/1207/1193 1165/1209/1195
f 1186/1194/1180 1190/1210/1196 1166/1208/1194
f 1187/1211/1197 1189/1212/1198 1167/1213/1199
f 1167/1213/1199 1163/1214/1200 1187/1211/1197
f 1187/1211/1197 1163/1214/1200 1173/1195/1181
f 1171/1190/1176 1190/1210/1196 1186/1194/1180
f 1182/1205/1191 1183/1202/1188 1178/1203/1189
f 1169/1215/1201 1170/1191/1177 1175/1197/1183
f 1168/1196/1182 1169/1215/1201 1175/1197/1183
f 1176/1200/1186 1171/1190/1176 1183/1202/1188
f 1166/1208/1194 1188/1216/1202 1187/1211/1197 1186/1194/1180
f 1186/1194/1180 1187/1211/1197 1173/1195/1181
f 1185/1207/1193 1190/1210/1196 1171/1190/1176
f 1166/1208/1194 1190/1210/1196 1185/1207/1193
s 208
f 1191/1217/1203 1192/1218/1204 1195/1219/1205
f 1192/1218/1204 1193/1220/1206 1196/1221/1207 1195/1219/1205
f 1193/1220/1206 1194/1222/1208 1196/1221/1207
f 1191/1217/1203 1195/1219/1205 1197/1223/1209
f 1195/1219/1205 1196/1221/1207 1198/1224/1210 1197/1223/1209
f 1196/1221/1207 1194/1222/1208 1199/1225/1211
f 1196/1221/1207 1199/1225/1211 1198/1224/1210
s 209
f 1200/1226/1212 1201/1227/1213 1204/1228/1214
f 1201/1227/1213 1202/1229/1215 1204/1228/1214
f 1202/1229/1215 1203/1230/1216 1204/1228/1214
f 1200/1226/1212 1204/1228/1214 1205/1231/1217
f 1204/1228/1214 1206/1232/1218 1205/1231/1217
f 1204/1228/1214 1203/1230/1216 1207/1233/1219
f 1204/1228/1214 1207/1233/1219 1206/1232/1218
s 210
f 1208/1234/1220 1209/1235/1221 1212/1236/1222
f 1209/1235/1221 1210/1237/1223 1213/1238/1224 1212/1236/1222
f 1210/1237/1223 1211/1239/1225 1213/1238/1224
f 1208/1234/1220 1212/1236/1222 1214/1240/1226
f 1212/1236/1222 1213/1238/1224 1215/1241/1227 1214/1240/1226
f 1213/1238/1224 1211/1239/1225 1216/1242/1228
f 1213/1238/1224 1216/1242/1228 1215/1241/1227
s 211
f 1217/1243/1229 1218/1244/1230 1221/1245/1231
f 1218/1244/1230 1219/1246/1232 1221/1245/1231
f 1219/1246/1232 1220/1247/1233 1221/1245/1231
f 1217/1243/1229 1221/1245/1231 1222/1248/1234
f 1221/1245/1231 1223/1249/1235 1222/1248/1234
f 1221/1245/1231 1220/1247/1233 1224/1250/1236
f 1221/1245/1231 1224/1250/1236 1223/1249/1235
s 212
f 1237/1251/1237 1238/1252/1238 1226/1253/1239
f 1226/1253/1239 1238/1252/1238 1230/1254/1240
f 1227/1255/1241 1228/1256/1242 1231/1257/1243
f 1228/1256/1242 1232/1258/1244 1231/1257/1243
f 1240/1259/1245 1230/1254/1240 1233/1260/1246
f 1236/1261/1247 1231/1257/1243 1234/1262/1248
f 1231/1257/1243 1232/1258/1244 1235/1263/1249
f 1233/1260/1246 1241/1264/1250 1236/1261/1247
f 1227/1255/1241 1239/1265/1251 1225/1266/1252
f 1229/1267/1253 1230/1254/1240 1240/1259/1245
f 1230/1254/1240 1238/1252/1238 1227/1255/1241
f 1227/1255/1241 1242/1268/1254 1230/1254/1240
f 1236/1261/1247 1241/1264/1250 1231/1257/1243
f 1226/1253/1239 1230/1254/1240 1229/1267/1253
f 1230/1254/1240 1241/1264/1250 1233/1260/1246
f 1242/1268/1254 1241/1264/1250 1230/1254/1240
f 1231/1257/1243 1235/1263/1249 1234/1262/1248
f 1227/1255/1241 1231/1257/1243 1242/1268/1254
f 1231/1257/1243 1241/1264/1250 1242/1268/1254
f 1238/1252/1238 1239/1265/1251 1227/1255/1241
s 217
f 1255/1269/1255 1256/1270/1256 1244/1271/1257
f 1244/1271/1257 1256/1270/1256 1248/1272/1258
f 1245/1273/1259 1246/1274/1260 1249/1275/1261
f 1246/1274/1260 1250/1276/1262 1249/1275/1261
f 1258/1277/1263 1248/1272/1258 1251/1278/1264
f 1254/1279/1265 1249/1275/1261 1252/1280/1266
f 1249/1275/1261 1250/1276/1262 1253/1281/1267
f 1251/1278/1264 1259/1282/1268 1254/1279/1265
f 1245/1273/1259 1257/1283/1269 1243/1284/1270
f 1247/1285/1271 1248/1272/1258 1258/1277/1263
f 1248/1272/1258 1256/1270/1256 1245/1273/1259
f 1245/1273/1259 1260/1286/1272 1248/1272/1258
f 1254/1279/1265 1259/1282/1268 1249/1275/1261
f 1244/1271/1257 1248/1272/1258 1247/1285/1271
f 1248/1272/1258 1259/1282/1268 1251/1278/1264
f 1260/1286/1272 1259/1282/1268 1248/1272/1258
f 1249/1275/1261 1253/1281/1267 1252/1280/1266
f 1245/1273/1259 1249/1275/1261 1260/1286/1272
f 1249/1275/1261 1259/1282/1268 1260/1286/1272
f 1256/1270/1256 1257/1283/1269 1245/1273/1259
s 222
f 1273/1287/1273 1262/1288/1274 1274/1289/1275
f 1262/1288/1274 1266/1290/1276 1274/1289/1275
f 1263/1291/1277 1267/1292/1278 1264/1293/1279
f 1264/1293/1279 1267/1292/1278 1268/1294/1280
f 1276/1295/1281 1269/1296/1282 1266/1290/1276
f 1272/1297/1283 1270/1298/1284 1267/1292/1278
f 1267/1292/1278 1271/1299/1285 1268/1294/1280
f 1269/1296/1282 1272/1297/1283 1277/1300/1286
f 1263/1291/1277 1261/1301/1287 1275/1302/1288
f 1265/1303/1289 1276/1295/1281 1266/1290/1276
f 1266/1290/1276 1263/1291/1277 1274/1289/1275
f 1263/1291/1277 1266/1290/1276 1278/1304/1290
f 1272/1297/1283 1267/1292/1278 1277/1300/1286
f 1262/1288/1274 1265/1303/1289 1266/1290/1276
f 1266/1290/1276 1269/1296/1282 1277/1300/1286
f 1278/1304/1290 1266/1290/1276 1277/1300/1286
f 1267/1292/1278 1270/1298/1284 1271/1299/1285
f 1263/1291/1277 1278/1304/1290 1267/1292/1278
f 1267/1292/1278 1278/1304/1290 1277/1300/1286
f 1274/1289/1275 1263/1291/1277 1275/1302/1288
s 227
f 1291/1305/1291 1280/1306/1292 1292/1307/1293
f 1280/1306/1292 1284/1308/1294 1292/1307/1293
f 1281/1309/1295 1285/1310/1296 1282/1311/1297
f 1282/1311/1297 1285/1310/1296 1286/1312/1298
f 1294/1313/1299 1287/1314/1300 1284/1308/1294
f 1290/1315/1301 1288/1316/1302 1285/1310/1296
f 1285/1310/1296 1289/1317/1303 1286/1312/1298
f 1287/1314/1300 1290/1315/1301 1295/1318/1304
f 1281/1309/1295 1279/1319/1305 1293/1320/1306
f 1283/1321/1307 1294/1313/1299 1284/1308/1294
f 1284/1308/1294 1281/1309/1295 1292/1307/1293
f 1281/1309/1295 1284/1308/1294 1296/1322/1308
f 1290/1315/1301 1285/1310/1296 1295/1318/1304
f 1280/1306/1292 1283/1321/1307 1284/1308/1294
f 1284/1308/1294 1287/1314/1300 1295/1318/1304
f 1296/1322/1308 1284/1308/1294 1295/1318/1304
f 1285/1310/1296 1288/1316/1302 1289/1317/1303
f 1281/1309/1295 1296/1322/1308 1285/1310/1296
f 1285/1310/1296 1296/1322/1308 1295/1318/1304
f 1292/1307/1293 1281/1309/1295 1293/1320/1306
s 232
f 1297/1323/1309 1301/1324/1310 1298/1325/1311
f 1298/1325/1311 1301/1324/1310 1302/1326/1312 1299/1327/1313
f 1299/1327/1313 1302/1326/1312 1300/1328/1314
f 1297/1323/1309 1303/1329/1315 1301/1324/1310
f 1301/1324/1310 1303/1329/1315 1304/1330/1316 1302/1326/1312
f 1302/1326/1312 1305/1331/1317 1300/1328/1314
f 1302/1326/1312 1304/1330/1316 1305/1331/1317
s 233
f 1306/1332/1318 1310/1333/1319 1307/1334/1320
f 1307/1334/1320 1310/1333/1319 1311/1335/1321 1308/1336/1322
f 1308/1336/1322 1311/1335/1321 1309/1337/1323
f 1306/1332/1318 1312/1338/1324 1310/1333/1319
f 1310/1333/1319 1312/1338/1324 1313/1339/1325 1311/1335/1321
f 1311/1335/1321 1314/1340/1326 1309/1337/1323
f 1311/1335/1321 1313/1339/1325 1314/1340/1326
s 234
f 1315/1341/1327 1319/1342/1328 1316/1343/1329
f 1316/1343/1329 1319/1342/1328 1320/1344/1330 1317/1345/1331
f 1317/1345/1331 1320/1344/1330 1318/1346/1332
f 1315/1341/1327 1321/1347/1333 1319/1342/1328
f 1319/1342/1328 1321/1347/1333 1322/1348/1334 1320/1344/1330
f 1320/1344/1330 1323/1349/1335 1318/1346/1332
f 1320/1344/1330 1322/1348/1334 1323/1349/1335
s 235
f 1324/1350/1336 1327/1351/1337 1333/1352/1338
f 1331/1353/1339 1329/1354/1340 1330/1355/1341
f 1326/1356/1342 1329/1354/1340 1331/1353/1339
f 1333/1352/1338 1327/1351/1337 1326/1356/1342 1331/1353/1339 1332/1357/1343
f 1332/1357/1343 1340/1358/1344 1339/1359/1345
f 1337/1360/1346 1325/1361/1347 1324/1350/1336 1336/1362/1348
f 1333/1352/1338 1334/1363/1349 1338/1364/1350 1336/1362/1348
f 1324/1350/1336 1333/1352/1338 1336/1362/1348
f 1328/1365/1351 1335/1366/1352 1332/1357/1343 1339/1359/1345
f 1332/1357/1343 1331/1353/1339 1340/1358/1344
s 237
f 1343/1367/1353 1350/1368/1354 1349/1369/1355
f 1350/1368/1354 1351/1370/1356 1359/1371/1357
f 1366/1372/1358 1352/1373/1359 1351/1370/1356
f 1352/1373/1359 1341/1374/1360 1353/1375/1361
f 1347/1376/1362 1355/1377/1363 1354/1378/1364
f 1351/1370/1356 1350/1368/1354 1366/1372/1358
f 1354/1378/1364 1355/1377/1363 1357/1379/1365
f 1357/1379/1365 1356/1380/1366 1364/1381/1367
f 1363/1382/1368 1350/1368/1354 1358/1383/1369
f 1350/1368/1354 1359/1371/1357 1360/1384/1370 1358/1383/1369
f 1362/1385/1371 1358/1383/1369 1361/1386/1372
f 1358/1383/1369 1360/1384/1370 1361/1386/1372
f 1356/1380/1366 1363/1382/1368 1364/1381/1367
f 1355/1377/1363 1356/1380/1366 1357/1379/1365
f 1355/1377/1363 1349/1369/1355 1356/1380/1366
f 1349/1369/1355 1350/1368/1354 1356/1380/1366
f 1343/1367/1353 1365/1387/1373 1350/1368/1354
f 1345/1388/1374 1365/1387/1373 1344/1389/1375
f 1366/1372/1358 1370/1390/1376 1345/1388/1374
f 1367/1391/1377 1369/1392/1378 1346/1393/1379
f 1346/1393/1379 1341/1374/1360 1367/1391/1377
f 1341/1374/1360 1342/1394/1380 1353/1375/1361
f 1367/1391/1377 1341/1374/1360 1352/1373/1359
f 1350/1368/1354 1370/1390/1376 1366/1372/1358
f 1362/1385/1371 1363/1382/1368 1358/1383/1369
f 1348/1395/1381 1349/1369/1355 1355/1377/1363
f 1347/1376/1362 1348/1395/1381 1355/1377/1363
f 1356/1380/1366 1350/1368/1354 1363/1382/1368
f 1345/1388/1374 1368/1396/1382 1367/1391/1377 1366/1372/1358
f 1366/1372/1358 1367/1391/1377 1352/1373/1359
f 1365/1387/1373 1370/1390/1376 1350/1368/1354
f 1345/1388/1374 1370/1390/1376 1365/1387/1373
s 245
f 1399/1397/1383 1400/1398/1384 1372/1399/1385 1375/1400/1386
f 1373/1401/1387 1393/1402/1388 1377/1403/1389
f 1399/1397/1383 1375/1400/1386 1378/1404/1390
f 1391/1405/1391 1406/1406/1392 1384/1407/1393
f 1381/1408/1394 1398/1409/1395 1378/1404/1390 1382/1410/1396
f 1381/1408/1394 1382/1410/1396 1386/1411/1397 1385/1412/1398
f 1412/1413/1399 1385/1412/1398 1386/1411/1397 1402/1414/1400
f 1390/1415/1401 1389/1416/1402 1380/1417/1403
f 1376/1418/1404 1390/1415/1401 1380/1417/1403
f 1393/1402/1388 1392/1419/1405 1390/1415/1401 1376/1418/1404 1377/1403/1389
f 1394/1420/1406 1406/1406/1392 1391/1405/1391
f 1408/1421/1407 1396/1422/1408 1395/1423/1409 1391/1405/1391
f 1392/1419/1405 1409/1424/1410 1410/1425/1411
f 1378/1404/1390 1398/1409/1395 1399/1397/1383
f 1405/1426/1412 1398/1409/1395 1381/1408/1394
f 1399/1397/1383 1398/1409/1395 1373/1401/1387 1374/1427/1413
f 1371/1428/1414 1400/1398/1384 1399/1397/1383 1374/1427/1413
f 1401/1429/1415 1414/1430/1416 1402/1414/1400
f 1384/1407/1393 1406/1406/1392 1407/1431/1417
f 1381/1408/1394 1406/1406/1392 1405/1426/1412
f 1406/1406/1392 1381/1408/1394 1385/1412/1398
f 1407/1431/1417 1406/1406/1392 1385/1412/1398 1404/1432/1418
f 1387/1433/1419 1407/1431/1417 1404/1432/1418
f 1393/1402/1388 1398/1409/1395 1405/1426/1412 1394/1420/1406
f 1394/1420/1406 1391/1405/1391 1395/1423/1409
f 1373/1401/1387 1398/1409/1395 1393/1402/1388
f 1405/1426/1412 1406/1406/1392 1394/1420/1406
f 1396/1422/1408 1408/1421/1407 1383/1434/1420
f 1379/1435/1421 1409/1424/1410 1392/1419/1405 1397/1436/1422
f 1392/1419/1405 1410/1425/1411 1390/1415/1401
f 1404/1432/1418 1385/1412/1398 1412/1413/1399
f 1403/1437/1423 1411/1438/1424 1414/1430/1416 1413/1439/1425
f 1402/1414/1400 1414/1430/1416 1411/1438/1424 1412/1413/1399
f 1388/1440/1426 1414/1430/1416 1401/1429/1415
s 26
f 1416/119/119 1415/122/122 258/282/270 259/283/271
f 1417/120/120 1416/119/119 259/283/271 260/284/272
f 1418/140/140 1417/142/120 260/285/272 249/274/262
f 1419/138/138 1418/140/140 249/274/262 250/273/261
f 1420/136/136 1419/138/138 250/273/261 251/275/263
f 1421/134/134 1420/136/136 251/275/263 252/276/264
f 1422/132/132 1421/134/134 252/276/264 253/277/265
f 1423/130/130 1422/132/132 253/277/265 254/278/266
f 1424/128/128 1423/130/130 254/278/266 255/279/267
f 1425/126/126 1424/128/128 255/279/267 256/280/268
f 1426/124/124 1425/126/126 256/280/268 257/281/269
f 1415/122/122 1426/124/124 257/281/269 258/282/270
