# This file uses centimeters as units for non-parametric coordinates.

mtllib Duoduod_FinalGrassField.mtl
g default
v -7.732260 7.460275 -25.828407
v -8.225338 7.855582 -26.673597
v -5.892006 7.247971 -25.718037
v -6.613475 8.206735 -27.647223
v -5.279642 7.277806 -26.184551
v -5.761907 8.030100 -27.732653
v -4.468927 7.008226 -26.266251
v -4.528063 7.766192 -28.366713
v -3.023530 6.793097 -27.513943
v -3.350525 7.261666 -28.438847
v -1.011695 6.397345 -28.978451
v -8.808668 7.484771 -26.094563
v -7.473067 7.991302 -26.310671
v -5.878284 7.980192 -26.763672
v -4.246309 7.621609 -27.424351
v -2.718110 6.902805 -28.224722
v -1.174993 6.362249 -28.918751
v 0.624377 6.748966 -29.576580
v 0.167789 6.812944 -30.094439
v 2.503971 7.106197 -30.113609
v 2.087277 7.572833 -30.788345
v 1.395994 7.303610 -31.518776
v 4.579265 7.178085 -30.678555
v 3.518550 7.725256 -31.657122
v 3.135406 7.557354 -33.298512
v 6.217262 6.889958 -32.406120
v 5.032875 7.563939 -32.580971
v 6.508569 6.760922 -32.908321
v 6.464600 6.695652 -33.787460
v 5.459665 7.051939 -33.979851
v -0.275310 6.555607 -29.247665
v -0.503603 6.587597 -29.506596
v -0.981729 6.311630 -28.826078
v -1.311919 7.256106 -30.505054
v -1.900996 7.212664 -30.141951
v -1.509412 8.189015 -32.248489
v -2.250653 8.488834 -31.842800
v -3.084754 8.132821 -31.378885
v -1.702628 8.910078 -34.266884
v -2.854805 9.113343 -33.282082
v -4.531167 9.001214 -33.225822
v -3.119969 9.228862 -36.174774
v -3.501334 9.467059 -34.903679
v -3.564655 9.223340 -36.569668
v -4.438486 9.201706 -36.692284
v -4.800389 9.253555 -35.672390
v -1.146826 6.783868 -29.665565
v -1.441364 6.762147 -29.484013
v -1.011695 6.397345 -28.978451
v -2.296665 7.829564 -29.321411
v -2.506903 7.452331 -28.778975
v -3.519055 9.327652 -29.780674
v -3.889216 8.959652 -29.115786
v -4.146920 8.409901 -28.364836
v -5.011050 10.536450 -30.699764
v -5.300221 9.791049 -29.432188
v -6.469282 9.230484 -28.406132
v -7.217864 10.138225 -31.445705
v -6.857296 9.976693 -30.243420
v -7.691506 9.804287 -31.577566
v -8.285975 9.226468 -31.274992
v -8.113320 9.276829 -30.207581
v -1.654180 7.113453 -29.149929
v -1.759299 6.924837 -28.878712
v 6.315623 7.084745 -27.544411
v 6.273170 6.922489 -26.502483
v 4.820546 7.402631 -28.596779
v 4.378944 7.179618 -26.379402
v 4.053537 7.367856 -28.533491
v 3.617764 7.197899 -26.808279
v 3.332290 7.298029 -28.993420
v 2.245521 6.987546 -27.066639
v 1.454604 6.904759 -28.884701
v 1.226542 6.810117 -27.825947
v -1.011695 6.397345 -28.978451
v 7.087152 6.722367 -26.834816
v 5.826457 7.176824 -27.514103
v 4.234729 7.353433 -27.942915
v 2.514084 7.147251 -28.417561
v 0.816035 6.753337 -28.460642
v 0.644065 8.624155 -20.701088
v -0.538586 8.752113 -20.344368
v 1.392834 8.865108 -22.835287
v -1.159132 9.450463 -22.525640
v 1.029148 8.821362 -23.650265
v -0.969531 9.358475 -23.528828
v 1.180973 8.416075 -24.559780
v -1.297217 8.961487 -25.083603
v 0.179414 7.801642 -26.482412
v -1.019032 8.183652 -26.375050
v -1.007395 6.415189 -28.982298
v -0.028211 8.203695 -19.476685
v 0.011137 8.907944 -21.099083
v 0.011447 9.187915 -23.093071
v -0.222211 8.687580 -25.102497
v -0.585465 7.655621 -26.987200
v -1.011695 6.397345 -28.978451
v -0.819521 7.069482 -30.803642
v -0.193166 6.944870 -30.533655
v -0.768843 7.760779 -32.666161
v 0.045627 7.654857 -32.466309
v 0.898793 7.468865 -32.053905
v -0.846088 7.918833 -34.787720
v 0.466261 7.799705 -34.073898
v 2.080430 7.470831 -34.215424
v -0.007005 6.605556 -36.564312
v 0.736443 7.131820 -35.685722
v 0.249539 6.128602 -36.809135
v 0.966351 5.614297 -36.831306
v 1.672232 6.201573 -36.258114
v -0.915607 6.733413 -29.891045
v -0.602429 6.671107 -29.756052
v 9.870004 0.087441 52.161846
v 10.193839 -0.142512 52.294746
v 11.023142 0.671023 50.575806
v 12.806692 0.153279 49.766159
v 11.915821 2.863174 46.444992
v 14.093929 0.756005 47.308430
v 14.179025 3.780048 42.297592
v 14.584738 2.183960 44.150986
v 12.197688 1.143640 49.330093
v 14.407006 3.653591 42.459476
v 12.840620 3.622536 43.778957
v 13.444031 3.270815 44.307407
v 9.986525 -0.066384 52.458725
v 10.000946 0.078305 51.921803
v 7.174191 1.189719 53.266216
v 6.884297 1.569563 52.466839
v 4.230568 2.962471 54.786255
v 4.457716 2.710894 53.361290
v 0.874207 7.478567 57.608692
v 0.885282 7.433381 57.125801
v 5.388162 2.253958 52.839443
v 1.869566 6.426173 49.226856
v 2.561776 6.105725 49.067867
v 10.220625 -0.216146 52.336369
v 9.846297 0.139524 52.132351
v 8.740121 0.663568 55.675869
v 8.022495 0.981035 54.083450
v 7.894345 3.641768 61.156879
v 2.990675 3.952885 55.945442
v -0.354580 5.542473 62.981270
v 7.642525 3.761967 60.760033
v 7.523592 1.068796 55.087746
v 4.543936 2.939625 56.636620
v 3.193885 3.827423 57.205776
v -2.483337 5.270042 60.578293
v 0.776011 4.522943 57.124603
v -2.656911 5.333870 60.312538
v -0.234430 4.969748 62.864674
v 1.413554 3.234371 60.326508
v 10.003092 0.020969 51.961651
v 9.929237 -0.130459 52.491787
v 12.967649 1.167590 52.150654
v 13.176073 1.044670 53.049980
v 16.185007 3.103720 52.016155
v 15.673257 1.989639 53.300106
v 20.146580 7.990365 52.246540
v 20.464760 2.698401 57.062729
v 27.434917 6.505124 56.680515
v 20.071217 7.705040 52.631580
v 16.695110 2.434657 53.148499
v 19.812944 3.200560 55.262730
v 21.136608 3.491181 56.310677
v 27.513340 3.861931 58.521034
v 14.746914 1.639098 53.207317
v 18.026684 2.905938 58.727905
v 17.301382 2.634578 58.641750
v 22.863359 2.763397 57.991470
v 27.467880 3.657984 58.768353
v 27.312401 6.124704 56.237438
v 24.552940 4.217164 55.280205
v 9.868867 -0.060317 52.426983
v 10.139737 0.071148 51.959248
v 7.006323 1.150267 51.734608
v 7.135658 1.503127 50.882492
v 3.680362 2.892040 51.585339
v 4.758324 2.550333 50.216831
v -0.658525 7.398696 52.285748
v 1.474458 5.248781 45.794983
v -5.703216 8.641483 45.358093
v -0.415149 7.341675 51.869976
v 3.690759 2.902108 50.174725
v 1.394892 4.754108 47.709663
v 0.476292 5.585805 46.526787
v -4.754324 7.281311 42.595909
v 5.640213 2.161865 50.463760
v 4.271222 6.159613 45.465508
v 4.956668 5.851374 45.671097
v -0.448860 5.870903 44.203163
v -4.597636 7.226928 42.317856
v -5.681987 8.085551 45.573822
v -3.155128 5.841023 46.437950
v 10.217723 -0.095462 52.137650
v 9.728227 0.112606 52.300541
v 11.769135 -0.027174 54.917484
v 11.131331 0.325132 55.497505
v 14.135003 0.382238 57.807667
v 12.671751 0.412004 57.866161
v 18.387379 3.021600 61.625713
v 17.911846 3.045568 61.718628
v 11.905174 0.383747 56.995293
v 9.930222 3.472598 62.417217
v 9.584309 3.440236 61.719788
v 12.020100 0.227531 56.510921
v 11.636557 0.392728 56.542751
v 12.533237 1.266072 58.197315
v 11.583038 2.351411 59.619926
v 15.387161 2.577837 61.775085
v 12.363566 3.383688 62.146950
v 16.581060 4.341632 66.091019
v 14.432238 4.094313 64.879166
v 12.824029 2.312812 59.602489
v 16.315207 4.486979 66.042290
v 16.536640 3.362425 64.344666
v 15.783231 3.752659 64.127487
v 9.746334 -0.019774 52.274258
v 10.284280 0.023325 52.139393
v 8.455591 1.456513 49.765553
v 9.202739 1.692631 49.262218
v 6.552196 3.575571 47.315086
v 8.201466 2.949757 47.115463
v 3.816323 8.642675 44.772282
v 9.488163 5.528134 41.701176
v 5.399497 9.727427 36.328178
v 4.267060 8.509266 44.652328
v 7.551585 3.426248 46.330719
v 8.005493 5.264927 42.985485
v 8.340386 6.067991 41.509785
v 7.766798 7.957934 35.045654
v 8.572890 2.483419 47.911816
v 11.807663 6.036796 43.467884
v 12.085695 5.669651 44.096390
v 9.379839 6.205374 39.221321
v 8.061308 7.853461 34.960941
v 5.169220 9.200929 36.488861
v 5.933236 6.766993 38.868332
v 3.575260 8.488277 42.813454
v -3.149036 4.814602 43.917236
v -12.845360 -0.597625 40.451317
v -7.678257 1.190826 39.892174
v -0.843880 4.686539 40.510818
v -3.942863 7.134181 29.180229
v -5.486576 3.577151 34.608353
v -11.783443 -0.727410 41.112358
v -10.531837 1.082930 36.918549
v -7.606506 4.180839 31.830719
v -23.924875 7.503989 47.985046
v -19.722359 3.565312 43.171684
v -10.025925 -0.526540 39.114624
v -13.213531 1.462536 42.894104
v -18.669769 4.666852 46.859352
v -13.374254 6.520736 23.103149
v -10.509548 4.369953 30.243866
v -11.271572 -0.417838 41.226028
v -12.852806 0.708250 35.829140
v -13.989796 2.817354 28.370155
v 0.953365 7.075490 50.432602
v -5.673107 3.522384 47.845749
v -12.799473 -1.263499 39.534561
v -7.843803 0.383332 41.679482
v -1.944023 3.594618 45.857300
v -20.014252 7.341120 28.387871
v -14.838476 3.574994 32.308372
v -10.180786 -0.485413 41.744629
v -14.184813 1.367703 38.755394
v -18.529690 4.467238 33.532730
v -27.008671 6.760156 40.590782
v -20.802507 3.419025 38.999542
v -10.820953 -0.262126 41.170151
v -15.554810 1.303461 42.377831
v -22.192795 4.058259 42.522522
v -9.336220 7.535205 56.680542
v -12.373276 3.982099 50.247940
v -11.840309 -0.803784 39.312836
v -9.713524 0.843047 44.276314
v -8.297607 4.054334 51.365509
v 4.533958 3.978976 33.021126
v -1.254570 1.441687 37.907578
v -12.660973 -0.595996 41.046570
v -8.425644 0.601342 37.374275
v -1.592815 2.025421 33.714928
v 7.227367 0.509078 19.531975
v 2.021983 1.722811 16.642715
v -1.882570 -0.122551 14.639469
v 9.589423 1.088521 23.426144
v 6.134468 2.416238 22.428413
v 2.512967 1.511537 19.663654
v -3.936553 1.221992 18.853836
v -5.949750 2.452620 17.082958
v 8.431363 4.227904 28.035126
v 4.093883 1.945925 25.216713
v -2.913522 2.464357 27.119505
v -7.646261 3.604110 26.321415
v -10.346527 3.425801 25.804676
v -8.086958 5.548849 29.970215
v -11.913136 6.337741 25.361454
v -6.613171 2.374369 18.574327
v -6.487693 2.327538 22.331322
v -9.538152 3.922499 23.147844
v -5.075936 2.790999 23.753942
v -3.195951 2.444242 22.647903
v 2.352125 2.214743 21.854851
v 1.473947 1.780787 16.258533
v 0.532245 1.422614 19.414951
v 5.675249 -0.644838 13.948477
v 5.085413 2.284754 19.238724
v 5.225634 1.897328 23.981522
v 8.072762 -0.904470 10.041536
v 8.420871 1.533179 12.979522
v 7.612824 1.927580 17.536846
v 9.641554 3.884849 23.401077
v 8.708939 5.729683 25.505888
v 12.181355 2.458386 7.979943
v 11.843790 1.808184 13.585995
v 16.403244 4.726397 18.453085
v 17.495785 7.430595 22.431578
v 18.195389 8.195859 24.984064
v 20.634184 9.420899 20.566343
v 17.995913 11.468385 25.601212
v 10.332686 5.891252 25.417774
v 13.645336 5.817514 23.641867
v 15.402927 8.372494 25.344475
v 14.251015 5.768956 21.676546
v 12.528358 4.789043 20.701794
v 9.527479 2.650938 16.472616
v 4.962861 2.527398 19.853048
v 8.235870 2.528679 19.337812
v -10.553237 2.390244 15.801817
v -11.165486 3.875699 18.317429
v -14.129331 5.008352 9.544046
v -18.374559 3.402092 12.195683
v -19.185358 4.616699 14.531828
v -19.472593 5.849760 9.668676
v -21.773487 6.376147 14.686213
v -12.585258 3.736553 17.520367
v -14.822041 2.921718 14.653650
v -16.771658 3.309490 15.538480
v -14.700345 2.959436 12.600491
v -12.529669 2.712192 12.276563
v -8.408711 3.176812 13.858528
v -7.002685 1.930100 17.470789
v -7.350385 1.995543 16.503199
v -9.953321 2.336401 15.140718
v -7.833893 0.285492 22.934509
v -3.781687 1.600811 18.602461
v -1.058385 -0.144199 15.109255
v -12.120750 1.000506 24.414795
v -10.296247 2.459813 21.375603
v -6.842561 1.579047 18.396679
v -4.618006 1.623590 12.282331
v -2.371951 2.842878 10.808563
v -16.163973 4.529291 22.507029
v -12.575106 2.316957 18.740034
v -12.817200 3.395795 11.544861
v -10.909619 4.759938 7.204919
v -9.808677 4.708915 4.679935
v -14.248571 6.986477 6.116853
v -8.858924 7.670877 3.473765
v -3.677432 2.913028 9.828137
v -7.362484 3.130355 9.116741
v -7.378509 4.962306 6.090258
v -9.037922 3.608917 10.210171
v -8.405546 3.069689 12.256449
v -8.897511 2.447258 17.809221
v -3.281232 1.664010 18.158792
v -6.159376 1.592727 16.518892
v 1.147436 1.942620 13.981185
v -0.416093 3.023315 11.679621
v 5.836949 6.981759 17.360264
v 8.209818 6.801898 12.673006
v 7.006392 7.759868 10.387334
v 9.225251 9.927481 14.340978
v 7.985459 10.368712 8.954412
v 1.087474 3.646665 11.534205
v 4.577861 4.415584 12.588326
v 5.333788 5.397603 10.799886
v 5.558982 4.800871 14.354861
v 4.284156 3.741729 15.814634
v 0.279251 2.129753 16.845673
v -2.075109 -0.270266 14.548602
v -1.343588 0.122152 15.158760
v 1.090751 1.774796 14.857809
v -8.071945 4.087811 -2.683743
v -3.262661 1.145540 -0.989161
v 0.208706 -0.101233 0.540205
v -11.308403 4.949369 -5.913586
v -7.485413 4.872284 -6.185394
v -4.027924 3.000639 -3.711466
v -9.139732 9.718748 -9.727589
v -5.167442 6.916361 -7.090595
v 1.583092 5.788933 -4.627325
v -3.746262 4.252031 -5.628860
v -0.735115 2.505249 -3.298071
v 0.509796 0.198833 0.056730
v 10.313285 1.751565 1.074584
v 4.268153 1.600811 0.133383
v -0.141904 -0.144199 -0.279240
v 13.541623 3.802430 3.614547
v 9.721850 4.000282 3.870034
v 5.743653 1.579047 2.823030
v -0.606052 1.623590 4.242592
v -3.057638 2.842878 3.144193
v 13.085653 7.614879 7.821311
v 8.983088 3.763984 7.269771
v 3.189474 3.395795 11.547701
v -1.494537 4.759938 12.278456
v -4.214912 4.708915 12.711100
v -0.612567 6.986477 15.677664
v -5.742738 7.670877 12.560684
v -3.180396 2.913028 4.772212
v -1.794638 3.130355 8.260101
v -4.335825 4.962306 9.903946
v 0.029125 3.608917 9.082639
v 1.412462 3.069689 7.447546
v 6.355704 2.447258 4.870789
v 3.624770 1.664010 -0.049250
v 3.793585 1.592727 3.258995
v 10.767854 3.373260 -7.903032
v 9.197700 5.911433 -7.858141
v 16.338341 3.105039 -13.166145
v 12.239461 3.339498 -16.449049
v 10.639921 5.575059 -16.633394
v 15.238782 4.420429 -18.297878
v 10.669575 7.444888 -19.147507
v 9.431472 5.555012 -9.435715
v 10.871717 3.718785 -12.340740
v 9.803112 4.661001 -13.985312
v 12.647623 2.783157 -12.790693
v 13.368960 2.204565 -10.785000
v 13.334312 2.951529 -6.409888
v 10.072569 3.402762 -4.014674
v 10.826443 3.042968 -4.617692
v 11.454655 2.959672 -7.506675
v -30.483601 -0.148779 47.628143
v -25.686535 1.510907 44.288879
v -22.094265 0.004978 41.551785
v -32.313118 -0.152078 51.839138
v -29.004314 1.334930 50.599907
v -25.782417 0.866203 47.286701
v -19.496252 0.752194 45.611279
v -17.718433 2.240756 43.787281
v -30.534216 2.307281 56.658539
v -26.623096 0.489417 53.002972
v -19.422916 0.792757 54.031750
v -14.823145 2.076516 52.795250
v -12.214958 1.997653 51.911301
v -13.892246 3.484252 56.595467
v -10.690516 4.956759 51.688000
v -16.867441 1.956261 45.153046
v -16.503555 1.372461 48.848946
v -13.357128 2.861392 49.480595
v -17.713573 1.615598 50.494678
v -19.724819 1.413700 49.604710
v -25.330921 1.250788 49.516041
v -25.192595 1.627970 43.848869
v -23.851860 0.831190 46.772160
v 6.694768 6.362612 4.404928
v 3.248708 2.151200 2.158499
v 0.321138 -0.073165 0.601130
v 10.900344 8.316688 4.783806
v 8.904395 7.298900 1.673279
v 5.391637 4.387523 0.800320
v 11.517619 12.717717 0.067178
v 7.791662 8.764416 -0.969577
v 2.199229 5.735712 -4.499469
v 6.435871 5.701435 -0.782372
v 3.265946 3.036900 -1.416917
v 0.454059 0.184918 0.026529
v -25.171867 1.241215 41.052441
v -25.666466 2.161052 43.848686
v -28.179142 5.710052 35.594566
v -32.678371 4.104835 37.788517
v -33.399071 4.832557 40.346104
v -33.370049 7.202042 35.914639
v -35.741623 6.834686 40.913391
v -27.066299 2.403582 43.041183
v -29.297552 2.591224 40.062675
v -31.207771 3.015905 41.013996
v -29.106918 3.094360 38.077175
v -26.977240 2.643595 37.704109
v -22.883085 2.170225 39.351715
v -21.765348 -0.067040 42.564960
v -22.070793 0.269880 41.640514
v -24.563274 1.265051 40.397541
v -6.349938 -0.644838 -3.254498
v -2.746261 2.284754 -7.172166
v -0.055045 1.897328 -11.079998
v -10.593538 -0.904470 -1.521260
v -9.137118 1.533179 -4.096484
v -5.790820 1.927580 -7.294049
v -3.959553 3.884849 -13.222913
v -1.962904 5.729683 -14.368946
v -15.125962 2.458386 -2.287956
v -11.539007 1.808184 -6.609474
v -12.338279 4.726397 -13.230529
v -10.866995 7.430595 -17.085054
v -9.921982 8.195859 -19.557213
v -14.500885 9.420899 -17.436457
v -9.396206 11.468385 -19.936981
v -3.324507 5.891252 -15.257968
v -7.046111 5.817514 -15.784441
v -7.456844 8.372494 -18.196762
v -8.696618 5.768956 -14.557591
v -7.883693 4.789043 -12.752918
v -7.964183 2.650938 -7.567870
v -2.284191 2.527398 -7.595139
v -5.228420 2.528679 -9.114867
v -4.300290 0.509078 -8.675149
v -1.810652 1.722811 -3.267233
v 0.153781 -0.122551 0.656990
v -3.902691 1.088521 -13.212304
v -1.706306 2.416238 -10.364835
v -0.420409 1.511537 -5.993836
v 4.302107 1.221992 -1.527300
v 4.878614 2.452620 1.091213
v -0.243573 4.227904 -16.244577
v 1.588017 1.945925 -11.406967
v 8.364350 2.464357 -8.798204
v 11.709271 3.604110 -5.356218
v 13.581418 3.425801 -3.342883
v 14.222124 5.548849 -8.038293
v 14.582775 6.337741 -2.059141
v 6.295452 2.374369 0.280733
v 8.415676 2.327538 -2.823360
v 11.358568 3.922499 -1.678201
v 8.118298 2.790999 -4.805399
v 5.948174 2.444242 -5.025001
v 1.004906 2.214743 -7.665868
v -1.595835 1.780787 -2.633363
v 1.029930 1.422614 -4.622112
v 2.150724 0.509078 -16.545328
v 8.072882 1.722811 -15.935489
v 12.450607 -0.122551 -15.628823
v -1.552237 1.088521 -19.197111
v 2.016746 2.416238 -19.638197
v 6.433637 1.511537 -18.520061
v 12.682106 1.221992 -20.311359
v 15.229447 2.452620 -19.474686
v -2.299659 4.227904 -23.890209
v 2.796642 1.945925 -23.004259
v 8.491489 2.464357 -27.509041
v 13.156840 3.604110 -28.636101
v 15.842796 3.425801 -29.222698
v 12.127367 5.548849 -32.164291
v 17.457497 6.337741 -29.431152
v 15.253041 2.374369 -21.106785
v 13.660456 2.327538 -24.511841
v 16.144171 3.922499 -26.462013
v 11.803043 2.790999 -25.264793
v 10.509363 2.444242 -23.508644
v 5.719966 2.214743 -20.598015
v 8.727833 1.780787 -15.797732
v 8.352613 1.422614 -19.070190
v 5.286483 1.710775 -11.522987
v 4.258845 3.218078 -17.318600
v 2.241712 1.897328 -21.423559
v 4.571301 2.897955 -7.145914
v 3.518003 4.673513 -10.375934
v 2.560427 3.885746 -14.852557
v -1.224756 5.028044 -20.020092
v -0.889546 6.089461 -22.752205
v 2.177312 7.557059 -4.909605
v 0.219160 5.685251 -9.872115
v -5.325488 8.592566 -13.586624
v -7.412766 10.593351 -17.583479
v -8.907704 10.961674 -19.868158
v -9.223222 13.667139 -15.447116
v -8.434300 13.869429 -21.433704
v -2.304628 6.677302 -22.184395
v -4.642032 7.829539 -19.474810
v -6.480968 10.335935 -21.163658
v -4.443082 8.349979 -17.494595
v -2.661218 7.186675 -16.903326
v 1.348038 5.282391 -13.473707
v 4.172826 3.287180 -17.981258
v 1.397955 4.236559 -16.439562
v 19.965889 2.390244 -20.106777
v 19.539709 3.875699 -22.660503
v 25.714449 5.008352 -15.759113
v 28.575157 3.402092 -19.866364
v 28.402100 4.616699 -22.333147
v 30.578346 5.849760 -17.974627
v 30.721073 6.376147 -23.492725
v 21.158527 3.736553 -22.485882
v 24.342316 2.921718 -20.729542
v 25.786999 3.309490 -22.309677
v 25.037708 2.959436 -18.793900
v 23.169228 2.712192 -17.642572
v 18.758171 3.176812 -17.476799
v 16.045084 1.930100 -20.245281
v 16.745226 1.995543 -19.492336
v 19.674229 2.336401 -19.263044
v 14.661059 0.285492 -25.595762
v 12.638552 1.600811 -20.019339
v 11.508089 -0.144199 -15.736710
v 18.020607 1.000506 -28.642370
v 17.538036 2.459813 -25.130587
v 15.533806 1.579047 -21.033640
v 15.892528 1.623590 -14.537085
v 14.406848 2.842878 -12.298891
v 22.488291 4.529291 -28.478020
v 20.669628 2.316957 -23.603321
v 23.721300 3.395795 -17.082859
v 23.673786 4.759938 -12.342426
v 23.654316 4.708915 -9.587932
v 27.171627 6.986477 -12.654840
v 23.255314 7.670877 -8.105476
v 15.992676 2.913028 -11.910734
v 19.660637 3.130355 -12.705564
v 20.865356 4.962306 -9.929144
v 20.771204 3.608917 -14.369693
v 19.385185 3.069689 -16.002512
v 17.654224 2.447258 -21.301483
v 12.352852 1.664010 -19.414631
v 15.643974 1.592727 -19.038471
v 9.866492 1.933290 -13.875719
v 12.124146 2.725087 -12.090842
v 4.742554 7.466993 -15.263531
v 3.889600 6.956651 -10.101627
v 5.791461 7.643744 -8.230513
v 2.640613 10.265628 -11.137584
v 5.477155 10.148589 -6.374476
v 10.782522 3.397940 -11.444513
v 7.200012 4.414876 -11.315439
v 7.090641 5.258619 -9.312830
v 5.760883 5.005785 -12.661334
v 6.457401 4.031850 -14.517193
v 9.839951 2.347656 -16.845844
v 12.602949 -0.357234 -15.569508
v 11.750856 0.122152 -15.894366
v 9.643813 1.845427 -14.737429
v 22.898867 0.509078 -6.414272
v 18.881203 1.722811 -2.020843
v 16.027069 -0.122551 1.312692
v 27.234653 1.088521 -7.808842
v 25.462889 2.416238 -4.679459
v 21.933647 1.511537 -1.797859
v 19.650206 1.221992 4.288027
v 17.460730 2.452620 5.835658
v 31.449419 4.227904 -5.613490
v 27.701944 1.945925 -2.047873
v 27.927784 2.464357 5.209766
v 26.053888 3.604110 9.628395
v 24.925022 3.425801 12.135208
v 29.501013 5.548849 10.903265
v 24.130573 6.337741 13.556322
v 18.757587 2.374369 6.826853
v 22.441256 2.327538 7.576076
v 22.528091 3.922499 10.732729
v 24.152493 2.790999 6.532724
v 23.512590 2.444242 4.447493
v 24.027805 2.214743 -1.133245
v 18.380400 1.780787 -1.576843
v 21.232376 1.422614 0.071186
v 17.107639 -0.644838 -6.199330
v 22.116873 2.284754 -4.398721
v 26.762890 1.897328 -3.435222
v 13.863216 -0.904470 -9.437535
v 16.801834 1.533179 -9.094809
v 21.047520 1.927580 -7.251908
v 27.222361 3.884849 -7.865364
v 29.053507 5.729683 -6.470051
v 12.810644 2.458386 -13.912218
v 18.185577 1.808184 -12.283765
v 23.977358 4.726397 -15.590199
v 28.100754 7.430595 -15.730307
v 30.745899 8.195859 -15.818893
v 27.014194 9.420899 -19.215708
v 31.299961 11.468385 -15.481733
v 29.344357 5.891252 -8.069965
v 28.385098 5.817514 -11.704155
v 30.448887 8.372494 -13.018978
v 26.613817 5.768956 -12.749095
v 25.266140 4.789043 -11.299454
v 20.456331 2.650938 -9.361169
v 22.686029 2.527398 -4.137042
v 22.943878 2.528679 -7.440309
v 16.070576 3.085239 10.406568
v 18.536722 4.761129 10.545275
v 9.865276 6.179341 13.681232
v 12.785423 5.630731 18.017704
v 15.094851 7.078661 18.418062
v 10.196068 8.161711 18.704653
v 15.283234 9.361242 20.556341
v 17.813923 4.902935 12.004000
v 15.096760 4.484969 14.519459
v 16.051001 5.318499 16.288345
v 13.040761 4.418550 14.506992
v 12.629104 3.695253 12.461199
v 13.994211 3.315526 8.254887
v 17.593801 1.930100 6.949827
v 16.641306 2.032999 7.328737
v 15.385815 2.878074 9.869878
v 22.715805 0.285492 9.025459
v 19.441599 1.600811 4.079086
v 16.675184 -0.144199 0.619924
v 23.161572 1.000506 13.538736
v 20.628355 2.459813 11.059158
v 18.531586 1.579047 7.008792
v 13.099821 1.623590 3.426913
v 12.187113 2.842878 0.900311
v 20.368160 4.529291 17.029305
v 17.536152 2.316957 12.664680
v 10.480993 3.395795 11.231551
v 6.701753 4.759938 8.369506
v 4.500923 4.708915 6.713012
v 4.869018 6.986477 11.365097
v 3.547894 7.670877 5.509429
v 10.930662 2.913028 1.942832
v 9.384066 3.130355 5.362443
v 6.436375 4.962306 4.676162
v 10.059137 3.608917 7.245780
v 12.196281 3.069689 7.105193
v 17.483582 2.447258 8.871482
v 19.126085 1.664010 3.489385
v 16.863426 1.592727 5.908756
v 15.641443 1.933290 -1.659048
v 13.060967 2.725087 -0.384714
v 19.092140 7.466993 -5.693085
v 14.794478 6.956651 -8.676857
v 12.288642 7.643744 -7.760929
v 16.265894 10.265628 -9.361047
v 10.746621 10.148589 -8.840666
v 13.052288 3.397940 -1.873881
v 14.471703 4.414876 -5.165735
v 12.709398 5.258619 -6.123174
v 16.304646 5.005785 -5.888813
v 17.682631 4.031850 -4.463854
v 18.336096 2.347656 -0.409567
v 15.998374 -0.357234 1.539345
v 16.657198 0.122152 0.908832
v 16.515404 1.845427 -1.490757
v -52.442501 6.176158 -28.583260
v -50.768074 2.922110 -27.718513
v -48.210419 -0.731714 -24.249069
v -49.786476 1.341313 -24.837769
v -51.612572 4.193092 -26.427429
v -43.129528 8.912245 -29.767239
v -44.055641 4.445750 -27.046532
v -48.697639 -1.150631 -23.755730
v -47.898544 1.628358 -26.176178
v -45.846405 5.716130 -28.821392
v -44.976601 7.655845 -19.920189
v -46.963078 3.826230 -20.536957
v -48.953964 -1.290506 -24.106407
v -47.152912 1.141395 -23.461464
v -45.348011 4.764106 -21.907524
v -53.558491 9.256842 -22.374237
v -51.205940 5.777964 -24.307945
v -48.258293 -0.512668 -24.393150
v -50.361633 1.766983 -23.318604
v -52.685272 5.616916 -22.352005
v -54.673672 6.208842 -19.104630
v -52.692631 3.429105 -22.268066
v -47.698174 -0.829703 -24.681274
v -49.439297 0.703891 -22.328743
v -52.214287 3.450867 -19.841011
v -39.765221 4.346032 13.933949
v -38.752937 2.056227 14.790600
v -37.544891 -0.514892 17.572704
v -38.533161 0.943854 16.920864
v -39.535362 2.950591 15.543156
v -33.191574 6.271358 14.587852
v -34.255005 3.128381 16.308067
v -37.956707 -0.809675 17.834370
v -37.027653 1.145841 16.300091
v -35.203819 4.022320 14.808903
v -36.008385 5.387257 21.050682
v -37.273724 2.692438 20.314987
v -38.077309 -0.908102 17.553513
v -36.943581 0.803176 18.279343
v -35.950294 3.352401 19.629215
v -41.507965 6.513844 18.016724
v -39.590096 4.065831 17.060802
v -37.555046 -0.360754 17.466351
v -39.166763 1.243389 17.872250
v -40.912575 3.952506 18.169422
v -42.787476 4.369031 20.083641
v -40.930832 2.412989 18.225830
v -37.125538 -0.583844 17.356911
v -38.689991 0.495313 18.696320
v -40.984798 2.428302 19.965721
v -40.376633 5.620385 22.609079
v -40.178894 2.659158 24.312597
v -41.499035 -0.665869 28.006193
v -41.855225 1.220613 26.517179
v -41.582695 3.815769 24.330877
v -34.751579 8.110260 29.039011
v -37.276226 4.045691 29.721945
v -42.119030 -1.047090 27.888956
v -39.885609 1.481827 27.262655
v -36.845921 5.201753 27.468237
v -43.124565 6.966920 32.646904
v -43.668064 3.481920 30.833761
v -41.984482 -1.174378 27.517282
v -41.556461 1.038684 29.204741
v -41.812786 4.335400 31.356886
v -45.631458 8.423848 24.920771
v -42.976357 5.258023 25.714621
v -41.414574 -0.466535 27.896849
v -43.294403 1.607978 26.854689
v -45.204639 5.111468 25.591356
v -48.666588 5.650128 25.739809
v -45.271748 3.120530 25.628443
v -40.912487 -0.755041 28.173376
v -43.573200 0.640550 28.053926
v -46.861206 3.140334 27.222582
v 11.478371 8.487627 29.368219
v 10.549629 4.015729 31.785807
v 6.196144 -1.005563 35.802582
v 6.762650 1.843309 33.560989
v 8.658730 5.762386 30.826918
v 14.499840 12.247713 41.910851
v 10.643822 6.109603 41.056038
v 5.448799 -1.581263 35.211441
v 8.875526 2.237782 35.938019
v 12.798210 7.855430 38.342316
v 0.770668 10.521097 40.872551
v 1.313622 5.258223 38.066109
v 5.889160 -1.773487 34.808441
v 5.279755 1.568570 37.365845
v 3.429276 6.547106 40.065567
v 2.828827 12.721278 28.780012
v 5.824913 7.940406 31.701937
v 6.385735 -0.704538 35.715462
v 4.600807 2.428289 33.004402
v 2.930122 7.719086 29.976149
v -1.805481 8.532544 27.749708
v 2.814354 4.712471 29.978754
v 6.863754 -1.140225 36.437126
v 3.387764 0.967327 34.413528
v -0.428787 4.742377 30.998102
v 37.049141 8.487627 -33.095444
v 36.170998 4.015729 -30.659023
v 31.902206 -1.005563 -26.552357
v 32.421860 1.843309 -28.805271
v 34.260521 5.762386 -31.578278
v 40.331436 12.247713 -20.618534
v 36.458443 6.109603 -21.392765
v 31.142700 -1.581263 -27.127785
v 34.583832 2.237782 -26.472813
v 38.555779 7.855430 -24.150814
v 26.583603 10.521097 -21.370377
v 27.067932 5.258223 -24.187531
v 31.574562 -1.773487 -27.539883
v 31.018600 1.568570 -24.970325
v 29.224815 6.547106 -22.232609
v 28.389214 12.721278 -33.503197
v 31.445564 7.940406 -30.644371
v 32.089935 -0.704538 -26.643410
v 30.248871 2.428289 -29.316669
v 28.515419 7.719086 -32.309437
v 23.734436 8.532544 -34.436661
v 28.399734 4.712471 -32.304417
v 32.582901 -1.140225 -25.931873
v 29.065475 0.967327 -27.882561
v 25.178543 4.742377 -31.217678
v 52.883003 10.357553 -21.268688
v 49.993164 4.644149 -19.773109
v 42.251808 -1.252787 -18.066143
v 44.398224 2.488321 -19.851974
v 48.491150 7.351952 -21.393927
v 50.977104 12.694742 -4.438934
v 45.981636 5.966997 -8.442322
v 41.575790 -1.732679 -19.214657
v 45.793625 2.210340 -16.030836
v 50.051918 8.062756 -10.288851
v 35.153442 13.572248 -12.220005
v 36.365250 7.277706 -16.340132
v 42.255707 -2.009940 -19.526901
v 40.806366 1.936808 -16.122105
v 38.073898 8.166441 -12.776766
v 43.654358 17.538897 -25.003334
v 45.072617 10.545166 -21.204699
v 42.558968 -0.905280 -18.020750
v 42.218529 3.749085 -21.362122
v 42.476273 11.114510 -24.581234
v 38.114517 13.430445 -29.164995
v 41.903397 7.388306 -25.246563
v 42.710739 -1.648102 -17.048409
v 39.914139 1.989155 -20.559576
v 37.625275 7.968515 -25.513561
v 21.254967 0.058131 32.291691
v 21.448215 -0.188967 32.569195
v 22.932989 1.228373 32.267632
v 24.828327 1.121791 32.975430
v 25.698135 4.804012 30.772707
v 27.186193 2.631069 32.502972
v 29.767506 7.261817 30.022329
v 29.246294 5.124618 31.165962
v 24.425589 2.173300 32.452000
v 29.846239 7.096171 30.268372
v 27.910542 6.517560 29.930916
v 28.055611 6.027156 30.641928
v 21.156515 -0.119981 32.566006
v 21.531267 0.063437 32.198109
v 18.589237 1.453086 31.529856
v 18.923609 1.932456 30.804789
v 15.478855 3.497878 31.017548
v 16.580368 3.330793 30.066668
v 11.343149 8.204493 31.625916
v 11.669389 8.196733 31.266954
v 17.596516 2.789789 30.213661
v 17.590965 7.691636 25.876549
v 18.195871 7.290162 26.159433
v 21.069418 -0.181697 32.465843
v 21.603531 -0.035828 32.519531
v 19.823582 1.489848 34.872684
v 20.569386 1.917999 35.230171
v 17.862032 3.685259 37.207333
v 19.605474 3.357893 37.276882
v 14.593557 8.642063 39.298653
v 21.009176 6.985926 42.018730
v 16.867298 11.377107 47.193935
v 15.070652 8.600386 39.376026
v 18.972164 3.858067 38.060440
v 19.463572 6.287563 40.998722
v 19.813618 7.371712 42.278111
v 19.624981 10.228746 48.400818
v 19.963037 2.823754 36.517643
v 23.004873 7.528600 39.901474
v 23.272129 7.105654 39.304146
v 21.054382 8.052229 44.359894
v 19.940342 10.185750 48.460197
v 16.714008 10.802363 47.146816
v 17.620665 8.141115 45.081539
v 21.496843 -0.208631 32.633060
v 21.219753 0.075715 32.244972
v 19.217329 1.534184 35.058861
v 18.992277 1.402541 33.302841
v 17.114857 6.382579 38.076904
v 13.866211 4.733274 32.805016
v 8.828223 8.149622 37.920441
v 16.991741 6.388807 37.607708
v 18.242758 1.756133 34.063370
v 15.091822 3.956435 34.150913
v 13.703678 4.956009 34.057785
v 7.432872 7.220464 35.169113
v 11.458235 5.586617 33.110828
v 7.344511 7.208560 34.857864
v 8.934916 7.567595 37.997303
v 11.092639 5.219920 36.582279
v 21.238094 -0.075146 32.161785
v 21.435038 0.010550 32.674915
v 21.589487 2.855662 30.967663
v 21.954954 3.324636 31.684479
v 21.302494 6.230433 29.340807
v 22.285919 5.820374 30.760784
v 18.828896 11.749250 27.594278
v 24.490404 11.414910 31.968910
v 24.191751 18.502840 28.378319
v 19.115887 11.710384 27.983475
v 22.323675 6.766277 30.153284
v 23.429901 10.416998 30.628551
v 23.957378 12.011526 30.966213
v 26.880060 18.043291 30.093527
v 22.163137 4.894567 31.103432
v 23.527088 10.298426 34.535141
v 23.425764 9.569539 34.791218
v 25.672853 13.687596 31.730631
v 27.083836 18.010687 30.342999
v 24.389240 18.044548 28.051186
v 24.655144 14.594805 28.496389
v -18.486393 0.087441 -5.444640
v -18.297531 -0.142512 -5.149916
v -16.631702 0.671023 -6.081330
v -14.706523 0.153279 -5.720404
v -13.529413 2.863174 -8.951225
v -12.241629 0.756005 -6.993861
v -9.295409 3.780048 -11.047935
v -10.027174 2.183960 -9.297451
v -14.954852 1.143640 -6.427067
v -9.201660 3.653591 -10.784508
v -11.241706 3.622536 -10.603310
v -11.050987 3.270815 -9.824211
v -32.814465 0.077743 -20.510098
v -32.597721 -0.188967 -20.270723
v -31.158165 1.277987 -20.553717
v -29.213722 1.146539 -20.000109
v -28.559505 5.024194 -21.924450
v -26.917667 2.737046 -20.509130
v -24.590038 7.617074 -22.751459
v -24.996220 5.377969 -21.767286
v -29.668175 2.231921 -20.396671
v -24.490883 7.432025 -22.527628
v -26.438908 6.847749 -22.771400
v -26.234455 6.299712 -22.119534
v -32.889694 -0.125653 -20.246212
v -32.546078 0.096619 -20.622980
v -35.547657 1.482106 -20.945789
v -35.274986 2.029710 -21.648003
v -38.713760 3.503108 -21.042944
v -37.684895 3.441630 -22.083652
v -42.851994 8.056788 -19.714258
v -42.553631 8.086926 -20.095589
v -36.653706 2.909671 -22.060844
v -37.048607 8.172431 -25.932034
v -36.419022 7.759505 -25.731457
v -32.989017 -0.156465 -20.284578
v -32.448559 -0.029067 -20.317888
v -33.854134 1.828938 -17.950312
v -33.055336 2.261514 -17.745043
v -35.422882 4.357644 -15.656242
v -33.695854 3.963973 -15.774559
v -38.239658 9.657388 -13.757566
v -31.568577 8.038487 -11.713627
v -34.855293 13.162913 -6.599127
v -37.757893 9.603795 -13.738132
v -34.204350 4.576650 -14.980028
v -33.255840 7.298085 -12.436106
v -32.707283 8.503186 -11.349106
v -31.995289 12.038016 -5.632126
v -33.458260 3.332433 -16.505522
v -29.858513 8.250756 -14.120012
v -29.685589 7.751817 -14.692959
v -31.180840 9.359002 -9.539694
v -31.676186 11.988189 -5.609356
v -35.029903 12.593808 -6.558135
v -34.483589 9.679393 -8.395887
v -32.544174 -0.213215 -20.212626
v -32.853321 0.098673 -20.552334
v -34.656799 1.265168 -17.479630
v -35.011688 1.283898 -19.218964
v -36.517010 5.200507 -12.932201
v -40.203003 4.545157 -19.038412
v -44.885075 7.400437 -13.281164
v -36.675167 5.245521 -13.388607
v -35.706306 1.554688 -18.376715
v -38.869694 3.677104 -17.861204
v -40.273621 4.653810 -17.762217
v -46.471527 6.689534 -15.993710
v -42.591877 5.321355 -18.480873
v -46.582905 6.703294 -16.297405
v -44.765438 6.816094 -13.264511
v -42.690395 4.644170 -15.038372
v -32.839359 -0.043915 -20.649748
v -32.605461 0.000200 -20.146975
v -32.616482 2.986716 -21.600878
v -32.204144 3.397944 -20.874107
v -33.068398 6.485097 -22.895174
v -31.975700 5.971124 -21.593851
v -35.737061 12.086820 -23.955997
v -29.758503 11.479754 -20.058540
v -30.417515 18.848473 -22.971952
v -35.421116 12.019513 -23.594065
v -31.995918 6.967278 -22.115849
v -30.903996 10.582974 -21.400436
v -30.373108 12.151645 -20.962032
v -27.602051 18.292435 -21.507675
v -32.060444 5.016587 -21.326860
v -30.511513 10.123694 -17.537800
v -30.583912 9.373303 -17.340851
v -28.626610 13.787150 -20.180199
v -27.379669 18.242020 -21.277826
v -30.239342 18.424606 -23.352274
v -29.896439 14.954923 -23.236816
v -30.311825 0.087441 -3.663888
v -30.013622 -0.142512 -3.480565
v -28.918285 0.671023 -5.043488
v -27.027615 0.153279 -5.555298
v -27.371929 2.863174 -8.976589
v -25.361332 0.756005 -7.773606
v -24.470280 3.780048 -12.705315
v -24.368374 2.183960 -10.810772
v -27.558430 1.143640 -6.083760
v -24.271343 3.653591 -12.508827
v -26.029797 3.622536 -11.458862
v -25.519390 3.270815 -10.840122
v -30.244640 -0.066384 -3.352116
v -30.143932 0.078305 -3.879708
v -33.150318 1.189719 -3.008137
v -33.307674 1.569563 -3.843773
v -36.300335 2.962471 -1.982064
v -35.846638 2.710894 -3.351838
v -40.067471 7.478567 0.262933
v -39.978760 7.433381 -0.211869
v -34.844288 2.253958 -3.717011
v -37.735088 6.426173 -7.849152
v -37.026302 6.105725 -7.894570
v -29.993900 -0.216146 -3.435170
v -30.330479 0.139524 -3.696816
v -31.992947 0.663568 -0.377728
v -32.444714 0.981035 -2.064946
v -33.710476 3.641768 4.895496
v -37.710751 3.952885 -1.037709
v -42.145550 5.542473 5.367448
v -33.895092 3.761967 4.463272
v -33.098858 1.068796 -1.154114
v -36.289089 2.939625 -0.105381
v -37.713184 3.827423 0.238897
v -43.859482 5.270042 2.652978
v -40.086411 4.522943 -0.230656
v -43.987984 5.333870 2.362735
v -42.008190 4.969748 5.271726
v -39.972912 3.234371 3.032131
v -30.148235 0.020969 -3.840035
v -30.297314 -0.167404 -3.338315
v -27.680035 1.850115 -3.002621
v -27.651608 1.742145 -2.078030
v -25.098545 4.520258 -2.433121
v -25.587414 3.258648 -1.283799
v -22.630558 10.214056 -1.376622
v -22.077114 4.952715 3.451818
v -16.367901 10.365908 4.601835
v -22.715672 9.902103 -1.014969
v -24.701153 3.947006 -1.206936
v -22.419048 5.359308 1.545303
v -21.474804 5.918748 2.860664
v -16.042522 7.743428 6.444896
v -26.353138 2.696092 -1.578427
v -24.795750 4.481533 4.522834
v -25.393070 4.044677 4.278961
v -20.036732 5.562621 4.895744
v -16.089245 7.523759 6.678100
v -16.290806 9.987183 4.147230
v -18.206387 7.505656 2.616807
v -30.355648 -0.060317 -3.402394
v -30.012989 0.071148 -3.820401
v -33.069309 1.150267 -4.546788
v -32.804409 1.503127 -5.366948
v -36.327801 2.892040 -5.229802
v -35.043491 2.550333 -6.406823
v -40.722851 7.398696 -5.237385
v -37.572269 5.248781 -11.299854
v -44.585873 8.641483 -12.887119
v -40.415684 7.341675 -5.608529
v -36.090336 2.902108 -6.620327
v -37.959194 4.754108 -9.422993
v -38.675282 5.585805 -10.738377
v -43.204475 7.281311 -15.460400
v -34.212887 2.161865 -6.021073
v -34.758961 6.159613 -11.174564
v -34.115574 5.851374 -10.861259
v -39.214100 5.870903 -13.180676
v -43.005047 7.226928 -15.709587
v -44.599663 8.085551 -12.670784
v -42.244976 5.841023 -11.410950
v -29.964748 -0.095462 -3.631764
v -30.474094 0.112606 -3.549836
v -28.881329 -0.027174 -0.638344
v -29.604221 0.325132 -0.168625
v -27.011860 0.382238 2.595165
v -28.465427 0.412004 2.417217
v -23.429958 3.021600 7.048271
v -23.914249 3.045568 7.063381
v -29.081730 0.383747 1.434247
v -31.904179 3.472598 6.467285
v -32.133244 3.440236 5.723245
v -28.890293 0.227531 0.974712
v -29.273952 0.392728 0.944349
v -28.655468 1.266072 2.721736
v -29.822399 2.351411 3.972728
v -26.415066 2.577837 6.712459
v -29.459072 3.383688 6.592475
v -25.931896 4.341632 11.164341
v -27.857479 4.094313 9.622211
v -28.594807 2.312812 4.155399
v -26.186428 4.486979 11.073429
v -25.694462 3.362425 9.433632
v -26.403057 3.752659 9.097942
v -30.451992 -0.019774 -3.572861
v -29.899342 0.028157 -3.614323
v -31.321804 1.741706 -6.078785
v -30.503353 2.017649 -6.427067
v -32.805676 4.146602 -8.555218
v -31.145786 3.517037 -8.555584
v -35.096264 9.506471 -10.932484
v -29.003826 6.642706 -13.378487
v -32.173710 11.469934 -18.843834
v -34.632099 9.378881 -10.992619
v -31.660786 4.086994 -9.377247
v -30.673992 6.268360 -12.384785
v -30.105801 7.220267 -13.690838
v -29.630741 9.808014 -19.916893
v -30.907475 2.960830 -7.765996
v -26.999172 6.916308 -11.218262
v -26.825993 6.478498 -10.597416
v -28.711323 7.585963 -15.754356
v -29.326443 9.708134 -19.964294
v -32.426853 10.933293 -18.780769
v -32.056065 8.243202 -16.590885
v -18.561413 -0.066384 -5.134661
v -18.241373 0.078305 -5.566021
v -21.327728 1.189719 -6.087939
v -21.106205 1.569563 -6.908898
v -24.610600 2.962471 -6.533146
v -23.606586 2.710894 -7.569525
v -28.979080 7.478567 -6.148873
v -28.692806 7.433381 -6.537911
v -22.545153 2.253958 -7.462683
v -23.352358 6.426173 -12.440605
v -22.694302 6.105725 -12.173414
v -18.299484 -0.216146 -5.100461
v -18.488869 0.139524 -5.482399
v -21.428825 0.663568 -3.215947
v -21.102276 0.981035 -4.931801
v -25.267805 3.641768 0.786430
v -26.291288 3.952885 -6.295769
v -33.069435 5.542473 -2.455155
v -25.246187 3.761967 0.316928
v -22.087311 1.068796 -4.395875
v -25.416241 2.939625 -4.838154
v -26.848408 3.827423 -5.147141
v -33.433018 5.270042 -5.644780
v -28.781582 4.522943 -6.601620
v -33.422577 5.333870 -5.962025
v -32.904114 4.969748 -2.481652
v -30.097660 3.234371 -3.613881
v -18.216669 0.032829 -5.490336
v -18.648026 -0.038726 -5.146472
v -16.072086 1.148925 -3.418105
v -16.547390 1.154917 -2.617241
v -13.436271 2.995091 -1.478457
v -14.805152 2.087620 -0.804474
v -10.181643 7.801647 0.956882
v -13.820831 3.262170 5.134354
v -8.091883 6.864956 9.308012
v -10.530198 7.576555 1.208257
v -13.912773 2.490057 -0.250475
v -13.010794 3.507175 3.345265
v -12.734105 3.926691 4.983006
v -9.583012 4.516670 10.933500
v -15.451444 1.741628 -1.476934
v -16.696259 3.747236 4.627708
v -17.192739 3.477441 4.091209
v -12.710119 3.424583 7.449526
v -9.807052 4.351585 11.098963
v -7.921183 6.426070 8.941557
v -9.478924 4.442347 6.531593
v -22.729168 5.174600 -15.870825
v -22.941776 5.207410 -15.357840
v -25.419462 5.338494 -17.566263
v -26.071838 5.411135 -16.905621
v -28.233753 6.050230 -19.951906
v -28.358986 5.642011 -18.550802
v -32.210941 9.309111 -23.583443
v -32.326782 9.180523 -23.130241
v -27.527260 5.501921 -17.753649
v -33.423805 7.156030 -15.444239
v -32.744736 7.113178 -15.064569
v -18.639528 -0.060317 -5.228195
v -18.149225 0.071148 -5.455687
v -20.585939 1.150267 -7.438405
v -19.990873 1.503127 -8.061878
v -23.223583 2.892040 -9.469942
v -21.555321 2.550333 -9.971672
v -27.178387 7.398696 -11.387239
v -21.705759 5.248781 -15.477478
v -27.332111 8.641483 -19.955654
v -26.740431 7.341675 -11.587965
v -22.405281 2.902108 -10.619001
v -22.870058 4.754108 -13.955395
v -22.943174 5.585805 -15.451281
v -24.969479 7.281311 -21.672630
v -20.974981 2.161865 -9.263221
v -19.226601 6.159613 -14.141729
v -18.783371 5.851374 -13.579903
v -22.366787 5.870903 -17.884983
v -24.681557 7.226928 -21.810354
v -27.438572 8.085551 -19.766825
v -25.865620 5.841023 -17.608688
v -8.127820 0.003345 -2.825799
v -8.428531 -0.188967 -2.810898
v -8.583217 0.725761 -1.303814
v -9.781835 0.465714 -0.086316
v -8.070662 3.068902 1.973274
v -10.090169 1.305301 2.164279
v -8.664943 4.405633 5.809215
v -9.547456 2.877515 4.643512
v -9.156222 1.318725 -0.032788
v -8.896216 4.292785 5.761238
v -8.026099 4.045090 4.266460
v -8.667565 3.721219 4.062088
v -8.322429 -0.090059 -3.021477
v -8.147491 -0.045865 -2.582627
v -6.527382 1.433905 -4.375275
v -6.037289 1.677156 -3.799317
v -4.921230 3.503149 -6.222203
v -4.563698 3.067249 -5.107209
v -3.636646 8.087540 -8.705421
v -3.467201 7.981762 -8.343010
v -5.062653 2.493451 -4.473332
v -1.297333 5.923499 -2.186932
v -1.752899 5.544520 -1.885956
v -8.219790 -0.143081 -3.068841
v -8.430203 -0.091873 -2.646641
v -9.547101 1.770726 -4.466347
v -10.043773 2.069095 -3.922848
v -10.536309 4.211482 -6.293046
v -11.203218 3.697993 -5.034180
v -10.680812 9.092649 -8.526100
v -15.091662 7.186897 -4.752381
v -17.390892 12.173820 -8.732933
v -10.905084 9.000264 -8.190823
v -11.562053 4.317589 -5.672883
v -13.829968 6.684484 -5.755288
v -14.861253 7.717141 -5.681374
v -19.350185 10.998715 -7.205479
v -10.773112 3.093742 -4.621933
v -14.070525 7.039876 -2.448098
v -13.727620 6.564273 -2.135102
v -16.849663 8.403036 -5.249741
v -19.506050 10.926053 -6.989380
v -17.347218 11.713298 -8.945259
v -16.249001 9.078720 -8.103920
v -8.496245 -0.203023 -2.797215
v -8.078160 0.016224 -2.834927
v -9.484645 1.922269 -4.983277
v -8.049689 1.591002 -4.630673
v -11.578156 6.413782 -7.051278
v -5.675911 5.019062 -7.790658
v -7.702519 9.319944 -12.627592
v -11.170312 6.368673 -6.997719
v -8.362824 2.102718 -5.379464
v -7.198700 4.393660 -7.416325
v -6.580795 5.408852 -8.266609
v -5.159252 8.353391 -13.015404
v -5.036995 6.118792 -9.579313
v -4.887695 8.311159 -12.988068
v -7.843663 8.833729 -12.679955
v -7.649520 6.371956 -11.019560
v -8.031199 -0.123419 -2.823327
v -8.491021 -0.006515 -2.816361
v -6.990395 2.079076 -1.622006
v -7.636008 2.518486 -1.476433
v -5.362587 4.678830 -0.692383
v -6.833046 4.402953 -0.458241
v -2.738235 9.353197 -1.002556
v -8.082559 8.891256 1.922046
v -4.630653 14.282176 4.163246
v -3.141424 9.335934 -0.910992
v -6.298447 5.092518 -0.059109
v -6.757732 8.024057 1.336429
v -7.074696 9.316930 1.939277
v -6.909412 13.761230 5.608482
v -7.130905 3.703899 -0.835946
v -9.846162 8.478795 0.163181
v -10.068419 7.927119 -0.133484
v -8.118241 10.567182 3.338703
v -7.175129 13.740926 5.680973
v -4.477705 13.826627 4.331031
v -5.182751 10.996348 3.741657
v -18.187782 -0.095462 -5.264841
v -18.682098 0.112606 -5.412463
v -18.513283 -0.027174 -2.098071
v -19.368488 0.325132 -1.989285
v -18.235229 0.382238 1.626601
v -19.466938 0.412004 0.834495
v -16.945145 3.021600 7.193992
v -17.387859 3.045568 6.997085
v -19.594685 0.383747 -0.318645
v -24.324329 3.472598 2.987133
v -24.207195 3.440236 2.217491
v -19.222523 0.227531 -0.649279
v -19.554848 0.392728 -0.843395
v -19.770458 1.266072 1.026132
v -21.365162 2.351411 1.645504
v -19.487507 2.577837 5.593981
v -22.176735 3.383688 4.162731
v -20.987556 4.341632 9.813284
v -22.051350 4.094313 7.587447
v -20.339012 2.312812 2.343636
v -21.177261 4.486979 9.620771
v -20.021404 3.362425 8.357853
v -20.513630 3.752659 7.747521
v -18.652191 -0.019774 -5.423589
v -18.134293 0.023325 -5.225205
v -18.268902 1.456513 -8.218712
v -17.368183 1.692631 -8.201939
v -18.420700 3.575571 -11.317850
v -16.955662 2.949757 -10.534517
v -19.201122 8.642675 -14.970493
v -12.793946 5.528134 -14.229145
v -13.057351 9.727427 -20.975765
v -18.763199 8.509266 -14.809959
v -17.037300 3.426248 -11.550148
v -14.745252 5.264927 -14.028688
v -13.623889 6.067991 -15.044756
v -10.382723 7.957934 -20.666927
v -17.108692 2.483419 -9.669233
v -11.908929 6.036796 -11.451004
v -12.042069 5.669651 -10.776768
v -11.459050 6.205374 -16.321861
v -10.092948 7.853461 -20.567225
v -13.338143 9.200929 -20.976395
v -14.078523 6.766993 -18.589462
v -37.891052 -0.203345 5.490963
v -36.088291 2.719593 4.686449
v -36.847446 6.387068 2.063287
v -38.055252 0.335555 5.173088
v -37.077259 2.194204 4.483160
v -36.575752 2.995800 4.206588
v -35.764462 6.735710 3.525617
v -35.726521 4.137995 4.470621
v -35.617218 6.740524 3.639469
v -37.086254 6.313539 2.298477
v -37.412514 4.813930 3.590515
v -37.995522 0.139524 5.288717
v -38.319107 0.031160 5.595954
v -37.169258 2.414761 6.313011
v -37.613117 2.489109 6.936264
v -36.263336 5.311156 6.953371
v -36.968628 4.396864 7.855636
v -36.146454 10.505682 6.889505
v -36.338573 10.303114 7.176591
v -36.561024 5.202061 8.073849
v -37.207703 3.689171 7.514591
v -39.666340 6.475933 11.436155
v -39.845879 5.923137 11.160723
v -18.144531 -0.418870 -5.318391
v -17.407619 3.419355 -7.045543
v -20.407898 7.999061 -7.887411
v -18.568970 0.239482 -5.340673
v -18.397472 2.676665 -6.437469
v -18.239090 3.736369 -6.963144
v -18.222115 8.404902 -7.578138
v -17.318913 5.192697 -7.291416
v -17.999683 8.418334 -7.613073
v -20.395649 7.852538 -7.498577
v -19.500053 5.868897 -6.417083
v -18.414574 0.000000 -5.332569
v -18.408009 -0.207751 -4.816595
v -16.854439 2.728169 -4.820609
v -16.669487 2.688409 -3.908720
v -15.577018 6.253850 -4.584219
v -15.347587 4.962714 -3.387592
v -15.605620 12.503621 -3.831922
v -15.507121 12.203116 -3.464033
v -14.828231 5.959739 -3.425397
v -15.837951 4.119047 -3.580907
v -14.428885 6.694335 2.268973
v -14.813972 6.037303 2.104258
v -25.682257 -0.443916 13.102959
v -23.499138 3.229020 13.143072
v -23.875572 8.061769 10.462225
v -25.818222 0.253800 12.773148
v -24.579279 2.616934 12.543236
v -23.956787 3.633868 12.490932
v -23.021566 8.248803 12.529518
v -23.092407 4.972960 13.222418
v -22.879681 8.237643 12.704508
v -24.217663 7.929461 10.657871
v -24.874443 5.905236 11.831631
v -25.768763 -0.000001 12.893118
v -26.228659 -0.187795 13.143442
v -25.203974 2.567900 14.689211
v -25.902822 2.543317 15.304298
v -24.474178 5.947537 16.160114
v -25.502863 4.685334 16.867392
v -24.608263 12.190026 16.959961
v -24.902443 11.894906 17.208374
v -25.127506 5.620645 17.366907
v -25.651230 3.890740 16.287552
v -29.783873 6.522758 20.627186
v -29.888779 5.903743 20.165741
v -9.590053 -0.063895 -15.053900
v -9.733600 -0.188967 -15.280777
v -10.785556 0.705029 -14.784075
v -12.147197 0.720551 -15.229473
v -12.721931 2.851232 -13.058016
v -13.810897 1.632903 -14.573145
v -15.594066 4.336213 -11.995211
v -15.244353 3.076631 -13.163664
v -11.855018 1.358559 -14.701614
v -15.656432 4.263585 -12.189968
v -14.272315 3.842651 -12.117835
v -14.394206 3.626175 -12.685186
v -9.528125 -0.137107 -15.275591
v -9.782081 -0.081193 -14.980431
v -7.694732 0.808201 -14.372547
v -7.910880 1.006301 -13.782824
v -5.499996 2.176600 -13.763514
v -6.244164 1.879152 -13.107280
v -2.644421 5.580967 -13.493919
v -2.862598 5.508175 -13.239376
v -6.961693 1.515693 -13.270357
v -6.857426 4.130761 -9.452808
v -7.290432 3.893555 -9.697453
v -9.457988 -0.165299 -15.254841
v -9.843661 -0.095613 -15.221024
v -8.939410 1.366784 -16.821436
v -9.520457 1.653172 -16.940208
v -7.941878 3.304399 -18.341585
v -9.147006 2.962052 -18.260710
v -6.152637 7.221188 -19.470352
v -10.831298 5.939442 -20.927296
v -8.738769 9.890202 -24.337364
v -6.491287 7.167629 -19.482304
v -8.817191 3.446438 -18.798588
v -9.606746 5.443991 -20.464838
v -10.046744 6.322372 -21.173704
v -10.730952 9.040953 -25.045149
v -9.285533 2.476515 -17.770863
v -12.020404 5.924282 -19.204914
v -12.119460 5.541403 -18.821247
v -11.173305 6.952507 -22.399488
v -10.954886 8.995811 -25.060684
v -8.596587 9.496838 -24.393078
v -8.863826 7.342669 -23.220892
v -9.769923 -0.192314 -15.326441
v -9.563766 -0.059258 -15.019934
v -8.258746 1.459990 -16.757010
v -8.039012 1.071534 -15.583603
v -6.943680 5.172063 -18.832533
v -4.433353 3.359470 -14.824017
v -1.080994 6.670345 -17.892494
v -6.840878 5.097761 -18.513779
v -7.538784 1.457960 -16.066469
v -5.337219 3.036909 -15.842768
v -4.363144 3.730587 -15.648773
v 0.006641 5.584272 -16.210690
v -2.751114 4.039365 -14.959740
v 0.079712 5.524105 -16.002213
v -1.153416 6.282606 -18.042397
v -2.607079 4.391592 -17.412458
v -9.572463 -0.177338 -14.988436
v -9.729777 -0.033738 -15.319157
v -9.808078 1.620706 -13.653542
v -10.094970 2.059213 -14.052471
v -9.582370 3.659894 -11.965033
v -10.321177 3.605816 -12.978594
v -7.828631 7.186928 -9.891113
v -11.972419 7.611248 -12.772856
v -11.707259 11.858875 -9.098203
v -8.044154 7.222216 -10.155687
v -10.336257 4.149237 -12.397917
v -11.168456 6.714931 -12.059319
v -11.567637 7.857159 -11.999189
v -13.659759 11.791819 -10.270481
v -10.237266 3.032094 -13.376953
v -11.368392 7.304064 -14.753157
v -11.298568 6.850101 -15.057550
v -12.821139 9.107929 -12.181047
v -13.811828 11.808819 -10.440794
v -11.831286 11.484886 -8.947193
v -12.001334 9.191353 -9.839766
v -37.966846 0.097458 5.363956
v -37.624252 -0.142512 5.385238
v -37.121178 1.043966 3.759346
v -35.514484 0.776339 2.554538
v -36.994141 4.084387 0.097961
v -34.695385 1.929042 0.092624
v -35.522427 5.935153 -4.093983
v -34.786613 4.003646 -2.724659
v -36.192604 1.811699 2.454334
v -35.268822 5.786546 -4.005818
v -36.569298 5.419696 -2.466427
v -35.879894 4.988827 -2.140629
v -37.798309 -0.066384 5.584167
v -37.881714 0.078305 5.053562
v -40.417042 1.189719 6.889354
v -40.847397 1.569563 6.155975
v -43.035370 2.962471 8.919079
v -43.070992 2.710894 7.476558
v -45.822849 7.478567 12.304527
v -45.899727 7.433381 11.827667
v -42.250893 2.253958 6.794300
v -46.367474 6.426173 3.881382
v -45.715687 6.105725 3.599235
v -37.590347 -0.216146 5.421299
v -37.995522 0.139524 5.288715
v -38.439240 0.663568 8.974262
v -39.434334 0.981035 7.538791
v -38.274750 3.641768 14.517708
v -44.043938 3.952885 10.284317
v -46.054703 5.542473 17.810955
v -38.594505 3.761967 14.173237
v -39.742393 1.068796 8.617043
v -42.390919 2.939625 10.681671
v -43.615040 3.827423 11.486717
v -48.584747 5.270042 15.834904
v -46.007389 4.522943 11.846344
v -48.803734 5.333870 15.605118
v -45.957748 4.969748 17.674461
v -44.798523 3.234371 14.879047
v -37.812809 -0.022984 5.082481
v -37.848637 -0.130459 5.627090
v -35.142490 1.711407 5.063564
v -34.903904 1.726880 5.963661
v -32.389091 4.232232 4.636592
v -32.649349 3.176916 6.040218
v -29.504894 9.814635 4.256286
v -28.063572 5.223545 9.561600
v -22.020435 10.297658 8.584743
v -29.516422 9.561417 4.669918
v -31.741360 3.800786 5.813175
v -28.823048 5.394696 7.742000
v -27.575459 6.053317 8.713844
v -21.385303 7.929771 10.675167
v -33.485687 2.639017 6.011814
v -30.475025 5.106284 11.273678
v -31.130627 4.686749 11.237694
v -25.718937 5.866928 10.403522
v -21.385601 7.747582 10.942806
v -22.067486 9.856545 8.185680
v -24.389996 7.342865 7.509639
v -37.919777 -0.060317 5.574340
v -37.738430 0.071148 5.065158
v -40.860485 1.150267 5.413761
v -40.888176 1.503127 4.552330
v -44.158180 2.892040 5.871475
v -43.346897 2.550333 4.329837
v -48.297501 7.398696 7.348812
v -47.379742 5.248781 0.578479
v -54.517277 8.641483 1.453414
v -48.133747 7.341675 6.895732
v -44.404335 2.902108 4.482463
v -47.109989 4.754108 2.475734
v -48.228283 5.585805 1.479511
v -54.086216 7.281311 -1.435231
v -42.434818 2.161865 4.412376
v -44.689442 6.159613 -0.253819
v -43.978046 5.851374 -0.176232
v -49.560341 5.870903 -0.637265
v -53.982670 7.226928 -1.737126
v -54.457195 8.085551 1.661693
v -51.815365 5.841023 2.052169
v -37.629318 -0.095462 5.226417
v -38.081055 0.112606 5.475563
v -35.598511 -0.027174 7.677986
v -36.120274 0.325132 8.364265
v -32.746754 0.382238 10.090034
v -34.175003 0.412004 10.413498
v -27.871273 3.021600 13.071617
v -28.321995 3.045568 13.249413
v -35.087093 0.383747 9.696461
v -36.043716 3.472598 15.387032
v -36.510628 3.440236 14.764084
v -35.062119 0.227531 9.199268
v -35.433487 0.392728 9.300278
v -34.251026 1.266072 10.764313
v -34.926838 2.351411 12.335930
v -30.794376 2.577837 13.763790
v -33.700020 3.383688 14.679005
v -28.835934 4.341632 17.790852
v -31.169224 4.094313 16.989727
v -33.709682 2.312812 12.093235
v -29.106213 4.486979 17.791256
v -29.197018 3.362425 16.081657
v -29.977352 3.752659 16.005024
v -38.068027 -0.019774 5.446426
v -37.563553 0.023325 5.216033
v -39.793232 1.456513 3.214099
v -39.150009 1.692631 2.583351
v -42.110294 3.575571 1.150386
v -40.524776 2.949757 0.654335
v -45.262756 8.642675 -0.852826
v -40.243557 5.528134 -4.903637
v -45.240673 9.727427 -9.444027
v -44.841331 8.509266 -1.052701
v -41.306461 3.426248 0.000774
v -41.468109 5.264927 -3.371243
v -41.407005 6.067991 -4.883236
v -43.145901 7.957934 -11.135448
v -40.014801 2.483419 1.369915
v -37.641590 6.036796 -3.587918
v -37.253960 5.669651 -3.020421
v -40.800793 6.205374 -7.322499
v -42.871693 7.853461 -11.272274
v -45.437912 9.200929 -9.244167
v -44.254150 6.766993 -7.043187
v -16.108452 0.087441 8.726673
v -15.782134 -0.142512 8.600002
v -16.364758 0.671023 6.782573
v -15.629279 0.153279 4.967182
v -18.562561 2.863174 3.172840
v -16.388718 0.756005 2.298717
v -19.778130 3.780048 -1.392842
v -18.207493 2.183960 -0.328518
v -16.371151 1.143640 5.070453
v -19.501347 3.653591 -1.432492
v -19.728241 3.622536 0.602970
v -18.926796 3.270815 0.570529
v -15.819505 -0.066384 8.861668
v -16.178844 0.078305 8.462460
v -17.302357 1.189719 11.384052
v -18.063091 1.569563 11.004147
v -18.389647 2.962471 14.513470
v -19.206375 2.710894 13.323895
v -18.879177 7.478567 18.871410
v -19.203728 7.433381 18.513683
v -18.891195 2.253958 12.304722
v -23.930336 6.426173 12.108883
v -23.537971 6.105725 11.516872
v -15.734050 -0.216146 8.611729
v -16.145954 0.139524 8.721622
v -14.507432 0.663568 12.052593
v -16.124470 0.981035 11.392307
v -11.345704 3.641768 16.608944
v -18.490227 3.952885 16.207859
v -16.069820 5.542473 23.612926
v -11.801599 3.761967 16.494656
v -15.794496 1.068796 12.464046
v -16.888046 2.939625 15.639187
v -17.474867 3.827423 16.981655
v -19.268209 5.270042 23.336864
v -19.283775 4.522943 18.588062
v -19.577087 5.333870 23.263729
v -16.063015 4.969748 23.445652
v -16.616304 3.234371 20.470417
v -16.149845 0.020969 8.489872
v -15.840358 -0.167404 8.911968
v -13.990502 1.850115 7.030239
v -13.236871 1.742145 7.566631
v -11.976064 4.520258 5.318386
v -11.356202 3.258648 6.402683
v -9.642352 10.214056 3.991390
v -5.461819 4.952715 6.469944
v -9.405753 9.902103 4.277843
v -10.759126 3.947006 5.743236
v -7.187119 5.359308 5.589572
v -5.568504 5.918748 5.632770
v 0.570858 7.743428 3.473003
v -12.053849 2.696092 6.834453
v -6.252487 4.481533 9.282932
v -6.807892 4.044677 9.611256
v -3.078053 5.562621 5.717777
v 0.728355 7.523759 3.651218
v -15.926671 -0.060317 8.919697
v -16.052429 0.071148 8.394016
v -18.478930 1.150267 10.389217
v -18.972034 1.503127 9.682346
v -20.993118 2.892040 12.571682
v -21.154110 2.550333 10.837070
v -23.656502 7.398696 16.067814
v -26.580429 5.248781 9.892834
v -32.085274 8.641483 14.519558
v -23.766403 7.341675 15.598743
v -21.957113 2.902108 11.541798
v -25.319420 4.754108 11.335812
v -26.800102 5.585805 11.110874
v -33.299706 7.281311 11.863392
v -20.344654 2.161865 10.408710
v -24.779638 6.159613 7.727748
v -24.141083 5.851374 7.404712
v -29.071201 5.870903 10.063381
v -33.377609 7.226928 11.553883
v -31.921305 8.085551 14.661343
v -29.494133 5.841023 13.547535
v -15.873019 -0.095462 8.469646
v -16.115719 0.112606 8.924885
v -12.833659 -0.027174 9.416576
v -12.896604 0.325132 10.276386
v -9.127809 0.382238 9.882580
v -10.148408 0.412004 10.932766
v -3.415157 3.021600 9.721996
v -3.695934 3.045568 10.116879
v -11.303983 0.383747 10.829334
v -9.001622 3.472598 16.120541
v -9.732759 3.440236 15.853130
v -11.554261 0.227531 10.399014
v -11.810414 0.392728 10.686245
v -10.020757 1.266072 11.268261
v -9.729877 2.351411 12.954113
v -5.487495 2.577837 11.896633
v -7.423542 3.383688 14.248684
v -1.649387 4.341632 14.203487
v -4.041962 4.094313 14.804836
v -8.842143 2.312812 12.086765
v -1.875694 4.486979 14.351269
v -2.884357 3.362425 12.967945
v -3.580170 3.752659 13.329388
v -4.813158 -0.394784 6.606447
v -1.689236 1.905134 8.397964
v 1.750935 5.889514 6.673423
v -4.405296 0.225712 6.356037
v -2.363068 1.734736 7.207136
v -1.449490 2.352971 7.662712
v 1.239990 6.029927 8.854530
v -0.673283 3.282246 8.931311
v 1.232475 5.987576 9.075949
v 1.344692 5.954843 6.614194
v -0.685043 4.650057 6.904481
v -4.553659 0.000000 6.447126
v -5.096992 0.076913 6.355981
v -4.041027 2.325253 8.561235
v -4.883915 2.712111 8.646130
v -2.865219 5.241166 10.618670
v -4.542290 4.693705 10.420401
v -0.616138 10.951468 12.018841
v -1.092606 10.860867 12.008015
v -4.150574 5.440550 11.164711
v -4.669018 3.958621 9.762226
v -8.809820 8.819180 11.200068
v -8.895641 8.240230 10.685711
v -20.114666 -0.311724 -19.490480
v -19.634567 2.448440 -17.208889
v -16.318226 5.691698 -16.558872
v -19.668978 0.178225 -19.471054
v -19.130299 1.905200 -18.108858
v -18.949522 2.651928 -17.454514
v -18.057720 6.281056 -16.080286
v -19.357513 3.831203 -16.653402
v -18.221947 6.302963 -15.985804
v -16.452232 5.665438 -16.882774
v -17.756168 4.393589 -17.834293
v -19.831100 0.000001 -19.478121
v -20.003410 -0.046446 -19.913322
v -20.758881 2.458897 -18.892851
v -21.147846 2.656312 -19.548504
v -21.264771 5.473115 -18.025019
v -21.962578 4.730074 -19.127005
v -20.439472 10.695950 -17.413420
v -20.660654 10.547842 -17.725533
v -22.203180 5.571633 -18.754805
v -21.660349 3.960801 -19.283361
v -23.879173 7.533107 -22.881336
v -23.637602 6.930415 -22.993134
v -19.723726 -0.377582 -19.324377
v -19.989220 0.887013 -22.698542
v -21.628086 4.810227 -24.663706
v -19.892490 0.215877 -19.566021
v -20.221680 1.172150 -21.592194
v -20.350601 1.528274 -22.527613
v -20.200096 4.018268 -25.631105
v -19.895340 1.786186 -23.915108
v -20.100418 3.899315 -25.741972
v -21.389690 4.849083 -24.408331
v -20.440411 3.598514 -23.082367
v -19.831100 0.000001 -19.478121
v -19.521523 0.048856 -19.127377
v -18.346581 0.944773 -21.516037
v -17.668091 1.131121 -21.162376
v -17.100033 2.405588 -24.047182
v -16.358696 1.939255 -22.828016
v -15.919263 6.292555 -27.486725
v -15.665164 6.190594 -27.181253
v -15.987444 2.235569 -23.652037
v -16.844425 1.639473 -22.210138
v -12.047303 4.359444 -21.741789
v -12.436362 4.122896 -21.265587
v 1.579212 1.788474 -39.812580
v 1.437082 2.345530 -41.247520
v 3.967202 1.449118 -38.559155
v 4.184690 2.796160 -41.594337
v 5.065585 1.465185 -38.817432
v 5.368857 2.519423 -41.194798
v 6.190036 1.053212 -38.434944
v 7.389219 2.088382 -41.297890
v 8.861361 0.667745 -39.233150
v 8.991169 1.326270 -40.677227
v 12.413996 0.000000 -39.977867
v 0.299788 1.833746 -40.812695
v 2.230247 2.544056 -40.315975
v 4.632817 2.483320 -39.967678
v 7.198477 1.905670 -39.865849
v 9.697741 0.797378 -40.003578
v 12.158912 -0.046354 -39.994801
v 14.969652 0.464421 -39.808220
v 14.670540 0.547494 -40.775215
v 17.814575 0.934961 -39.411415
v 17.674934 1.601252 -40.574631
v 17.178757 1.192928 -41.957592
v 20.929039 0.983238 -38.927578
v 20.112324 1.767865 -40.884155
v 20.575499 1.469630 -43.303326
v 24.142315 0.470195 -40.250282
v 22.683990 1.471646 -41.209583
v 24.827858 0.258020 -40.744167
v 25.292290 0.131544 -41.944103
v 24.074581 0.664024 -42.811382
v 13.564281 0.209033 -39.901512
v 13.414724 0.250570 -40.385010
v 12.360388 -0.120541 -39.754040
v 12.951099 1.207691 -42.220375
v 11.945216 1.167563 -42.086075
v 13.757387 2.514323 -44.693241
v 12.533192 2.981022 -44.601818
v 11.129843 2.491181 -44.471230
v 14.727132 3.500783 -47.525696
v 12.604546 3.854229 -46.903305
v 10.326135 3.721659 -47.827625
v 13.981770 3.923805 -50.932072
v 12.719818 4.325115 -49.466911
v 13.622965 3.909336 -51.725773
v 12.527216 3.888661 -52.411667
v 11.435617 4.007721 -51.265907
v 12.655741 0.543575 -40.987206
v 12.152800 0.523511 -40.920055
v 12.413997 -0.000000 -39.977867
v 10.944988 2.107389 -41.241547
v 10.328197 1.578298 -40.632385
v 9.631164 4.305928 -42.624985
v 8.727679 3.797591 -41.947983
v 7.917536 3.024249 -41.084011
v 8.222673 6.069073 -44.776947
v 7.055777 5.028431 -43.236084
v 4.862430 4.265252 -42.549007
v 5.705475 5.498047 -47.083565
v 5.464300 5.298495 -45.256474
v 5.140689 5.012698 -47.534492
v 4.147291 4.188044 -47.470608
v 3.741978 4.297203 -45.941639
v 11.679491 1.053693 -40.609707
v 11.371096 0.789147 -40.305126
v 21.375278 0.928875 -33.696854
v 20.691032 0.729595 -32.325119
v 20.014832 1.382786 -36.005943
v 18.092787 1.143950 -33.299866
v 18.950436 1.347684 -36.379089
v 17.331854 1.168694 -34.328865
v 18.258732 1.241595 -37.423454
v 15.644995 0.875598 -35.489418
v 15.671139 0.702818 -38.390800
v 14.730760 0.606422 -37.109295
v 12.413996 0.000000 -39.977867
v 21.971725 0.410234 -32.277534
v 20.705978 1.073423 -33.951210
v 18.839420 1.344651 -35.480831
v 16.816082 1.056016 -37.138977
v 14.559339 0.507655 -38.201832
v 9.751237 3.529603 -27.978998
v 7.960824 3.750686 -28.212578
v 12.034834 3.792282 -30.390656
v 8.455826 4.705561 -31.517731
v 12.034123 3.705277 -31.696550
v 9.305833 4.531372 -32.743153
v 12.768003 3.076395 -32.811275
v 9.784348 3.899848 -35.007473
v 12.558601 2.125123 -35.964756
v 10.903872 2.709484 -36.547672
v 12.422593 0.025913 -39.980900
v 8.107924 2.969948 -26.733288
v 9.151515 3.941956 -28.896839
v 10.351837 4.280028 -31.569613
v 11.224510 3.479139 -34.382874
v 11.833014 1.906621 -37.093227
v 12.413996 0.000000 -39.977867
v 13.782085 0.914984 -42.320324
v 14.454401 0.731203 -41.581635
v 14.983882 1.859174 -44.797779
v 15.950188 1.696911 -44.040848
v 16.838783 1.424386 -42.974564
v 16.152969 2.015505 -47.684345
v 17.477484 1.843642 -45.942234
v 19.710093 1.328515 -45.157761
v 18.295773 0.013758 -49.523979
v 18.781101 0.802863 -47.918354
v 18.770348 -0.697955 -49.685616
v 19.726141 -1.464455 -49.273415
v 20.345577 -0.596358 -48.100105
v 13.098042 0.457491 -41.149094
v 13.434200 0.365601 -40.779747
v 29.903688 1.494341 8.856746
v 28.440489 1.371443 8.494711
v 31.784327 2.589828 7.154263
v 27.204979 2.889610 5.523203
v 33.081455 2.320826 2.048185
v 28.520798 2.645176 0.639685
v 31.668764 0.609975 -1.582428
v 32.712704 3.170238 5.408176
v 27.521832 3.245884 3.534750
v 30.222458 0.997080 -1.639551
v 28.240599 0.679601 10.911941
v 28.951149 0.773587 11.116409
v 28.058800 -0.131525 13.207065
v 30.584469 1.401161 1.105480
v 29.877712 1.714713 5.398588
v 24.227737 3.575035 13.187837
v 24.624298 3.621438 11.622547
v 21.626976 4.470882 14.336348
v 22.775915 4.774880 8.660371
v 16.077833 4.459795 12.103863
v 18.062790 4.615971 7.163108
v 14.396826 3.130668 8.611365
v 19.447985 4.834505 14.458164
v 21.131172 5.065829 7.755417
v 26.557735 1.916125 12.356817
v 26.411591 1.873130 13.132595
v 28.036715 -0.205337 13.160024
v 15.258936 3.429617 7.556244
v 28.112928 -0.146110 12.550192
v 28.145084 8.820270 11.768546
v 27.291571 -0.200638 12.933988
v 28.066616 -0.277281 12.848026
v 29.405373 8.760370 11.637255
v 28.343988 16.494804 11.084764
v 29.749598 16.128359 10.887465
v 29.091177 17.145731 11.003494
v 26.600819 15.230668 13.665300
v 27.324165 5.671493 13.120060
v 28.101072 -0.129454 12.524364
v 27.700972 -0.197410 13.360807
v 26.988480 5.614280 13.825765
v 26.103987 14.732623 14.759054
v 26.581846 22.435776 13.697306
v 26.024460 22.109579 15.013422
v 26.203777 23.101912 14.331335
v 31.377899 3.361742 9.102990
v 32.397179 3.519379 10.708797
v 35.619732 5.942097 11.246212
v 36.642479 4.186955 2.662727
v 40.058262 5.846756 8.219098
v 41.146965 3.767168 2.855690
v 32.333321 4.128098 4.850524
v 37.563805 6.316657 10.225568
v 41.900780 4.494658 4.844010
v 31.009285 2.817514 11.183041
v 30.489250 2.764443 10.339309
v 29.603794 1.574400 12.026908
v 29.178495 1.606865 11.444661
v 28.002399 -0.156229 12.725154
v 36.657768 3.919467 6.962449
v 25.908278 1.917730 8.435226
v 24.371494 1.872716 9.744305
v 26.180218 2.845707 4.962892
v 20.315598 3.537135 9.110489
v 22.343086 3.262714 0.166832
v 17.104776 3.915861 4.479013
v 17.501865 2.868140 -0.345544
v 25.758238 3.602507 2.647841
v 18.641010 4.147014 7.698282
v 26.387081 1.081295 11.413296
v 27.058714 1.174636 10.951398
v 16.503548 3.179307 1.130224
v 27.912493 -0.205997 12.917099
v 28.454502 -0.074249 12.609241
v 20.887508 2.311902 4.225112
v 26.846523 2.409939 14.351715
v 26.334589 2.419110 13.527182
v 26.809906 3.351983 15.574375
v 25.063169 3.930479 12.912617
v 24.546255 4.301786 17.325441
v 22.821621 4.888618 14.446717
v 22.234533 4.686659 17.243702
v 26.299099 3.953297 16.428892
v 24.179688 4.495090 13.341425
v 27.363113 1.065220 13.190022
v 27.492481 1.293009 13.574672
v 21.958378 4.856725 16.370543
v 27.858528 -0.178810 12.935875
v 28.068197 -0.147416 13.180984
v 24.373484 3.646124 15.263392
v 30.829193 4.136796 14.131189
v 29.628479 3.990933 15.576831
v 33.347763 6.300036 13.608279
v 29.310390 6.884108 18.688328
v 36.687599 9.550961 16.354469
v 32.198547 9.949103 21.294922
v 37.824272 9.861371 21.653826
v 34.937016 8.054803 13.790705
v 30.229137 8.555217 20.020908
v 37.293274 9.986270 18.488686
v 33.902042 10.112932 21.908073
v 28.637835 1.999306 13.993725
v 29.056454 2.083535 13.323738
v 36.455883 10.011324 22.524765
v 27.989264 -0.196519 12.992092
v 28.262024 -0.103857 12.423601
v 34.039192 7.800915 18.560417
v 28.618097 1.606866 16.819160
v 26.707132 1.443942 16.709227
v 31.829517 2.867324 19.906767
v 23.942902 2.438047 19.514709
v 30.938786 2.603045 23.363533
v 24.044582 2.819642 23.765993
v 28.055138 2.219370 27.105860
v 23.345108 2.691853 21.589785
v 27.359692 1.198317 14.950274
v 28.183788 1.313814 14.985566
v 25.747633 2.375773 26.827875
v 27.595970 0.584177 13.740611
v 28.150837 0.100079 13.053145
v 28.149294 0.760787 13.731431
v 27.020212 1.398165 22.526577
v 26.074705 22.264038 14.262623
v 26.132908 14.979253 14.098586
v 26.923599 5.636450 13.387327
v 27.888500 -0.165559 12.968762
v 28.942585 15.939335 10.747713
v 28.794548 9.337483 11.378366
v 27.617613 -0.265503 12.612679
v 47.459957 5.562464 -30.823090
v 49.088009 2.990033 -30.875931
v 51.257439 -0.562393 -28.976677
v 49.816784 1.048498 -29.029243
v 48.170109 3.513862 -29.650131
v 49.303802 6.490086 -24.240700
v 49.176704 3.879148 -26.906960
v 51.014458 -0.668780 -29.630989
v 50.780224 0.942132 -27.538605
v 50.156166 3.747910 -25.185654
v 54.007778 7.468951 -28.487877
v 52.693150 4.047884 -27.773613
v 50.471043 -0.913688 -29.161545
v 51.812004 1.326497 -29.621300
v 53.343739 4.709297 -29.528244
v 40.848782 4.150996 -31.932755
v 45.388309 3.027360 -31.693657
v 51.034992 0.000000 -28.784698
v 47.779888 0.384862 -29.340889
v 43.523979 1.862071 -30.526573
v 50.725689 5.224173 -40.712547
v 52.344643 3.734006 -35.880119
v 51.592899 -0.000000 -28.869118
v 50.836128 0.596815 -32.513741
v 50.335682 2.486537 -37.421005
v 55.989349 4.610777 -18.382362
v 52.800411 2.289348 -21.934242
v 50.675182 -0.034827 -29.262260
v 53.120060 1.015056 -26.593437
v 55.546291 2.842211 -22.273903
v 62.462738 8.283831 -27.233482
v 58.050755 3.569865 -26.833443
v 50.032730 -1.194644 -29.572350
v 53.616261 1.609830 -30.194954
v 58.696712 5.514231 -29.595047
v 48.977554 3.461295 -18.400078
v 50.881569 1.957395 -22.448479
v 50.704376 -0.029777 -29.254440
v 49.396164 0.493481 -26.214020
v 48.463570 1.793699 -21.799675
v 55.837883 6.670417 -33.229485
v 54.729874 3.155958 -31.522156
v 50.728249 -0.790271 -29.143448
v 51.529087 1.448654 -30.774506
v 53.432381 4.528653 -32.567513
v 56.116840 9.625465 -23.094101
v 53.291573 4.801531 -24.379692
v 50.250011 -1.242713 -29.719719
v 52.766129 1.758670 -28.602676
v 55.390137 6.173574 -26.114952
v 45.730820 8.268519 -26.129730
v 46.605606 4.132432 -28.198891
v 50.654243 -1.393782 -29.957787
v 49.768955 1.232737 -28.090927
v 47.906315 5.145364 -26.316887
v 50.813629 9.575478 -35.980095
v 52.165150 5.622938 -33.244156
v 50.888206 -0.553696 -29.179535
v 50.095108 1.916664 -31.595627
v 49.847881 5.939670 -34.499313
v 45.888794 6.705718 -36.638618
v 49.077347 3.703526 -34.172028
v 51.138111 -0.896102 -28.546806
v 48.795486 0.760221 -30.669044
v 46.417847 3.727030 -33.916847
v -21.538448 7.077836 25.869270
v -22.933941 3.804603 27.401764
v -26.590855 -0.715605 27.697243
v -25.265347 1.334138 26.429214
v -23.238552 4.471138 25.477158
v -29.180149 8.258168 21.714760
v -26.634403 4.935936 23.963142
v -25.778309 -0.850974 28.055740
v -27.479961 1.198796 25.986534
v -29.073696 4.768947 23.330536
v -29.475819 9.503703 29.773560
v -28.961834 5.150641 27.940529
v -25.724812 -1.162602 27.143562
v -26.494389 1.687872 28.774933
v -27.937595 5.992242 30.090164
v -14.663258 5.281845 20.820389
v -18.906956 3.852098 24.750816
v -26.568783 0.000000 27.324013
v -23.174717 0.489709 24.846840
v -18.318722 2.369351 22.014626
v -15.409977 6.647385 37.619022
v -21.255344 4.751255 34.811115
v -26.986485 -0.000000 27.907974
v -22.989574 0.759404 30.449348
v -18.067760 3.163940 34.344292
v -40.454601 5.866882 22.620529
v -34.385555 2.913031 22.860222
v -25.813923 -0.044315 27.419167
v -30.417355 1.291587 27.283554
v -36.510563 3.616509 25.667130
v -38.118107 10.540580 36.376606
v -34.570728 4.542397 31.995796
v -24.961246 -1.520098 27.107887
v -27.570873 2.048393 30.930069
v -32.623501 7.016463 35.034161
v -34.220592 4.404249 16.237755
v -32.214718 2.490644 21.565239
v -25.846943 -0.037889 27.438873
v -27.461346 0.627920 23.548927
v -30.662563 2.282354 18.783394
v -26.771839 8.487627 35.648300
v -27.347279 4.015729 33.123192
v -25.969402 -1.005563 27.362228
v -25.191174 1.843309 29.539391
v -25.242779 5.762386 32.866192
v -36.268055 12.247713 26.915100
v -32.589558 6.109603 25.476974
v -25.019451 -1.581263 27.436836
v -28.270000 2.237782 28.742317
v -32.867016 7.855430 28.930763
v -24.287937 10.521097 20.129448
v -23.175503 5.258223 22.762581
v -25.160664 -1.773487 28.016823
v -26.079182 1.568570 25.553490
v -26.046314 6.547106 22.280617
v -19.806469 12.184108 33.502682
v -23.501583 7.154785 32.309830
v -26.078320 -0.704538 27.540192
v -23.170261 2.438817 28.958984
v -20.301327 7.557803 31.308289
v -14.838345 8.532544 29.592575
v -19.916698 4.712471 30.314919
v -26.877300 -1.140225 27.207153
v -22.863331 0.967327 26.951378
v -17.791191 4.742377 27.661766
v 34.827168 5.307502 -7.065575
v 36.380596 2.852981 -7.115990
v 38.450588 -0.536615 -5.303795
v 37.075970 1.000439 -5.353958
v 35.504772 3.352800 -5.946381
v 36.586502 6.192605 -0.784897
v 36.465229 3.701342 -3.328949
v 38.218746 -0.638125 -5.928116
v 37.995247 0.898949 -3.931641
v 37.399792 3.576120 -1.686539
v 41.074863 7.126602 -4.837402
v 39.820492 3.862344 -4.155876
v 37.700241 -0.871808 -5.480186
v 38.979736 1.265695 -5.918869
v 40.441261 4.493440 -5.830086
v 28.519028 3.960730 -8.124374
v 32.850479 2.888597 -7.896233
v 38.238338 0.000000 -5.120613
v 35.132439 0.367221 -5.651306
v 31.071602 1.776721 -6.782654
v 37.943211 4.984716 -16.501736
v 39.487957 3.562854 -11.890816
v 38.770672 -0.000000 -5.201164
v 38.048588 0.569459 -8.678734
v 37.571083 2.372563 -13.361069
v 42.965607 4.399436 4.804916
v 39.922836 2.184413 1.415840
v 37.895023 -0.033231 -5.576286
v 40.227833 0.968530 -3.029793
v 42.542858 2.711934 1.091751
v 49.142281 7.904131 -3.640503
v 44.932526 3.406236 -3.258804
v 37.282017 -1.139886 -5.872169
v 40.701290 1.536041 -6.466232
v 45.548874 5.261480 -5.893822
v 36.275204 3.302642 4.788017
v 38.091949 1.867675 0.925171
v 37.922878 -0.028412 -5.568825
v 36.674629 0.470862 -2.667763
v 35.784779 1.711483 1.544243
v 42.821083 6.364671 -9.361664
v 41.763859 3.011300 -7.732597
v 37.945656 -0.754048 -5.462929
v 38.709785 1.382254 -7.019218
v 40.525841 4.321077 -8.730042
v 43.087254 9.184270 0.309143
v 40.391487 4.581447 -0.917519
v 37.489338 -1.185752 -6.012779
v 39.890129 1.678060 -4.946938
v 42.393860 5.890601 -2.573242
v 33.177292 7.889522 -2.587341
v 34.011978 3.943017 -4.561661
v 37.875042 -1.329896 -6.239937
v 37.030331 1.176233 -4.458641
v 35.253071 4.909520 -2.765923
v 38.027122 9.136574 -11.986206
v 39.316696 5.365204 -9.375664
v 38.098282 -0.528316 -5.497353
v 37.341534 1.828811 -7.802704
v 37.105640 5.667417 -10.573296
v 33.328022 6.398353 -12.614540
v 36.370426 3.533770 -10.261009
v 38.336731 -0.855028 -4.893631
v 36.101482 0.725376 -6.918594
v 33.832825 3.556196 -10.017532
v -21.514284 0.000000 -13.506632
v -21.226686 6.608556 -13.486782
v -21.133501 11.397728 -13.544721
v -21.431215 16.068371 -13.508778
v -21.416506 20.739012 -13.509157
v -21.721895 25.409657 -13.501269
v -22.161516 30.080299 -13.489915
v -22.129366 34.281132 -13.490746
v -20.936998 0.000000 -13.521542
v -20.685549 6.600410 -13.500758
v -20.689104 11.378386 -13.556198
v -21.002321 16.133615 -13.503577
v -20.966784 20.781345 -13.509736
v -21.262270 25.446888 -13.501918
v -21.768923 30.087402 -13.494350
v -21.771273 34.281132 -13.499994
v -21.203905 0.000000 -13.166304
v -20.875994 9.016316 -13.191075
v -21.185518 18.431772 -13.159649
v -21.674440 27.756550 -13.149733
v -21.933428 34.281132 -13.147462
v -21.967653 0.000000 -13.494922
v -22.592669 4.263782 -13.072375
v -23.323122 8.538782 -13.188366
v -24.153597 11.864157 -13.145473
v -25.155031 15.098169 -13.084392
v -26.584856 18.410324 -13.275450
v -27.731279 21.817062 -13.389647
v -28.025011 25.182762 -13.239862
v -21.447191 0.108165 -13.269341
v -22.103472 4.359088 -12.861019
v -22.919344 8.607599 -13.014951
v -23.783922 11.991608 -12.962257
v -24.753267 15.380987 -12.933964
v -26.180941 18.523113 -13.085177
v -27.380754 21.895348 -13.230963
v -27.702150 25.249859 -13.099934
v -21.827852 0.022821 -13.056641
v -22.774019 6.750031 -12.763324
v -24.600344 13.831003 -12.756676
v -27.060747 20.136631 -12.906952
v -27.988375 25.184143 -12.846298
v -27.060915 19.824982 -13.322869
v -26.730486 20.067692 -13.151950
v -24.627291 13.609287 -13.177129
v -24.252001 13.757069 -12.992048
v -22.893511 6.614284 -13.186201
v -22.425570 6.606183 -12.992917
v -28.026628 23.255440 -13.360204
v -27.922899 23.388435 -12.923640
v -27.702379 23.391956 -13.209181
v -20.841402 2.918241 -12.705038
v -21.174944 7.248354 -12.678040
v -20.046297 12.840399 -11.398987
v -17.675173 16.173573 -9.877243
v -15.254427 20.016851 -8.280163
v -13.183931 23.042385 -6.960142
v -18.185549 16.557999 -10.092273
v -15.749178 20.398777 -8.469299
v -13.488604 23.277576 -7.076612
v -21.514284 0.000000 -13.506632
v -21.483629 2.973196 -13.100635
v -19.308931 11.894920 -11.134468
v -20.296862 7.077172 -12.167177
v -21.052813 -0.111743 -13.258224
v -22.731218 2.977409 -12.352758
v -22.885225 7.406572 -12.683730
v -24.170641 13.102859 -11.383111
v -26.317888 16.418802 -9.299961
v -28.544832 20.255276 -7.156100
v -30.435579 23.266769 -5.352010
v -25.941439 16.834263 -9.701962
v -28.174532 20.669170 -7.527702
v -30.207552 23.521645 -5.580841
v -22.024263 0.000000 -13.189207
v -22.251116 3.053478 -12.954953
v -24.686266 12.102297 -10.824827
v -23.540880 7.202322 -11.883904
v -22.373064 -0.131269 -12.786981
v -22.020491 -0.004406 -12.278733
v -22.111893 4.316984 -11.254192
v -22.537266 8.501148 -9.797563
v -22.591656 11.787699 -8.547928
v -22.499372 14.985979 -7.195407
v -22.321987 18.185753 -5.333727
v -22.296640 21.504730 -3.722733
v -22.640913 24.869242 -2.949370
v -22.223793 0.172674 -12.806260
v -22.302235 4.476952 -11.750794
v -22.693241 8.623163 -10.208673
v -22.728697 11.969798 -8.927816
v -22.712793 15.313352 -7.549180
v -22.473988 18.355844 -5.747440
v -22.429554 21.631207 -4.081341
v -22.767023 24.979084 -3.276598
v -21.791319 0.139777 -12.666004
v -22.241798 6.856944 -10.838820
v -22.381903 13.831227 -8.078312
v -22.060997 19.985374 -4.874434
v -22.371437 24.978319 -3.232066
v -22.311460 19.563969 -4.664757
v -22.453638 19.856052 -4.984325
v -22.635181 13.497080 -7.827816
v -22.778570 13.699884 -8.209366
v -22.451193 6.605609 -10.498803
v -22.620621 6.658033 -10.987057
v -22.355095 22.930351 -3.238614
v -22.124294 23.182423 -3.575829
v -22.487347 23.111889 -3.560833
v -22.875757 -0.690925 -12.395315
v -24.907410 3.012956 -12.712888
v -27.054338 6.960348 -12.846154
v -29.034729 10.387180 -12.977921
v -31.283491 13.931634 -13.211731
v -34.036125 17.873558 -13.603143
v -36.314255 20.975723 -13.996363
v -37.731133 23.241207 -14.603745
v -42.364017 25.451361 -15.971270
v -22.539520 -0.521723 -12.971653
v -24.481762 3.227153 -13.442490
v -26.533287 7.222552 -13.739283
v -28.451038 10.680906 -13.978413
v -30.666637 14.242050 -14.269066
v -33.410698 18.421928 -14.580317
v -35.845963 21.245657 -14.828962
v -37.245842 23.344564 -15.276261
v -42.162788 25.498796 -16.331045
v -25.480642 5.272849 -13.043592
v -28.499496 10.695015 -13.348171
v -32.187035 16.293066 -13.773113
v -37.276470 23.273708 -14.429084
v -42.130325 25.589613 -16.175236
v -22.335035 -0.000000 -12.621543
v -23.334522 6.683644 -12.004143
v -24.053070 11.509867 -11.418339
v -24.452286 16.218801 -10.569591
v -25.062077 20.932861 -9.965290
v -25.480392 25.636440 -9.094246
v -25.818430 30.335634 -8.111362
v -26.378195 34.576130 -7.583608
v -22.680328 0.018897 -13.102571
v -23.657143 6.693137 -12.456124
v -24.316395 11.504894 -11.791197
v -24.703564 16.301622 -10.927515
v -25.327257 20.992294 -10.340643
v -25.750689 25.691088 -9.478634
v -26.049377 30.356678 -8.440763
v -26.592384 34.587852 -7.881997
v -23.598457 9.180031 -12.149908
v -24.605183 18.676138 -10.662251
v -25.514866 28.070141 -9.022375
v -26.203203 34.645424 -7.942786
v -21.088520 3.446851 -11.217802
v -21.957455 8.376974 -10.079423
v -20.755728 14.934108 -8.256470
v -18.007149 18.851919 -6.329498
v -15.227410 23.361767 -4.249234
v -12.851061 26.909323 -2.521669
v -18.661646 19.286133 -6.464428
v -15.847019 23.799532 -4.391733
v -13.232615 27.178896 -2.609419
v -21.896914 -0.007563 -12.136669
v -21.955641 3.469144 -11.434294
v -19.793167 13.852426 -8.155760
v -20.783333 8.228432 -9.792352
v -21.293554 -0.116808 -11.977658
v -21.991560 0.107926 -13.108900
v -22.711826 5.193227 -13.196744
v -22.799812 10.334074 -13.429947
v -23.038658 14.364526 -13.914206
v -23.303286 18.311522 -14.612267
v -23.293512 22.425520 -15.813491
v -23.456718 26.535673 -16.536823
v -23.706436 30.599892 -16.506439
v -22.238310 0.147983 -12.471060
v -22.942675 5.223433 -12.598211
v -22.988688 10.347470 -12.937410
v -23.243402 14.451375 -13.452711
v -23.474537 18.578091 -14.091502
v -23.504301 22.489775 -15.313591
v -23.539661 26.638636 -16.233433
v -23.859497 30.624741 -16.110781
v -22.504932 0.092434 -12.922373
v -23.197159 8.128681 -13.029914
v -23.608252 16.723717 -14.132838
v -23.829788 24.507036 -16.102766
v -24.170897 30.576462 -16.446356
v -23.323294 24.161308 -16.166704
v -23.520498 24.390070 -15.734897
v -23.101683 16.487909 -14.215198
v -23.309263 16.597761 -13.744017
v -22.696028 8.007607 -13.208549
v -22.901905 7.920181 -12.651040
v -23.493731 28.420116 -16.658264
v -24.011717 28.539562 -16.497995
v -23.662949 28.525860 -16.250242
v -21.531694 -0.532256 -13.434978
v -21.096128 6.718031 -12.543306
v -20.587730 13.486820 -11.714678
v -19.989645 18.039801 -11.112304
v -19.045080 23.214275 -10.356007
v -18.169765 27.332634 -9.694126
v -17.074657 32.071510 -9.008352
v -16.194679 36.591831 -8.321302
v -21.764574 -0.602460 -12.716713
v -21.423971 6.619199 -11.532136
v -20.991997 13.364950 -10.467805
v -20.416880 17.911005 -9.794592
v -19.612919 23.322283 -9.065894
v -18.501156 27.264805 -8.654202
v -17.548172 32.248760 -8.006596
v -16.333206 36.563477 -7.886596
v -21.630428 6.715726 -12.093600
v -21.134726 13.475792 -11.140472
v -20.043707 20.728342 -10.158589
v -18.175777 30.003622 -8.903309
v -16.269867 36.576439 -8.085364
v -22.291874 -0.626966 -13.106630
v -23.432182 5.470769 -11.309702
v -24.483768 11.525567 -9.476674
v -24.957657 15.450561 -8.380638
v -25.636936 20.051777 -6.847070
v -26.187653 23.358742 -5.679029
v -27.105442 27.580708 -4.021215
v -28.077898 31.169525 -2.544918
v -21.701273 -0.636644 -12.767402
v -22.600740 5.457144 -10.832138
v -23.458517 11.508767 -8.887790
v -23.874155 15.432806 -7.758300
v -24.661528 20.068729 -6.273001
v -25.341209 23.373455 -5.180860
v -26.378395 27.593342 -3.593318
v -27.724070 31.175676 -2.336676
v -23.780897 11.621989 -9.411884
v -24.656843 17.846628 -7.539511
v -26.177696 25.716278 -4.805679
v -27.885857 31.172863 -2.431894
v -22.692526 -0.082876 -12.610224
v -24.289753 4.429952 -12.366920
v -25.893358 8.940298 -12.112497
v -27.424545 13.427020 -11.962008
v -28.685898 17.814180 -11.809850
v -30.424774 22.981676 -11.796799
v -31.771805 26.697380 -11.814805
v -33.791634 31.436546 -11.875948
v -35.730415 35.446255 -11.885010
v -22.322309 0.061206 -13.256171
v -23.821091 4.612349 -13.184642
v -25.319653 9.163576 -13.113497
v -26.781872 13.677139 -13.083338
v -28.006710 18.078510 -12.994887
v -29.822769 23.257912 -12.868864
v -31.249399 26.937096 -12.745125
v -33.342915 31.642439 -12.675039
v -35.512039 35.546455 -12.273898
v -22.491589 -0.004676 -12.960814
v -24.528255 6.888005 -12.549938
v -26.795303 13.655561 -12.387283
v -28.991074 20.617165 -12.203422
v -32.371170 29.417778 -12.087489
v -35.611885 35.500637 -12.096080
v -23.202385 2.759888 -11.300055
v -23.422182 7.178206 -10.769600
v -24.981153 12.517747 -8.526260
v -27.430511 15.362260 -6.085667
v -29.978199 18.706253 -3.492521
v -32.133739 21.307037 -1.354944
v -27.020267 15.850491 -6.353392
v -29.577457 19.186914 -3.731578
v -31.886959 21.603029 -1.502155
v -22.335035 0.000000 -12.621543
v -22.658548 2.954307 -11.818148
v -25.533840 11.423429 -8.236952
v -24.159992 6.818528 -10.103835
v -22.724419 -0.208955 -12.294535
v -22.639116 0.005249 -12.958070
v -24.373487 6.520844 -13.726340
v -25.929176 11.179575 -14.395793
v -27.617851 15.714455 -14.757634
v -28.947737 20.297848 -15.156525
v -30.382807 24.776829 -15.374132
v -31.658522 29.398870 -15.103775
v -32.544903 33.686409 -15.024246
v -22.436281 0.020403 -13.514489
v -24.181061 6.527038 -14.247296
v -25.759874 11.173772 -14.814695
v -27.470667 15.794599 -15.169973
v -28.791950 20.354282 -15.589702
v -30.222012 24.828672 -15.816310
v -31.519836 29.416471 -15.484315
v -32.419754 33.695438 -15.370414
v -22.212202 0.114270 -13.128785
v -24.672344 8.982050 -14.157695
v -27.872452 18.148472 -15.042598
v -30.618797 27.179476 -15.415420
v -32.158867 33.792053 -15.085678
v -24.134176 2.168177 -11.794492
v -24.545734 5.827130 -11.724833
v -26.663805 10.268572 -11.121316
v -29.475737 12.632683 -10.674086
v -32.426979 15.411594 -10.188408
v -34.897366 17.572220 -9.806235
v -29.072929 13.037807 -10.694631
v -32.043716 15.811207 -10.193144
v -34.661350 17.818302 -9.809152
v -22.923359 -0.131424 -12.190275
v -23.524181 2.325825 -11.914145
v -27.172201 9.359978 -11.123442
v -25.356039 5.532797 -11.583840
v -23.339865 -0.303400 -12.131814
v -23.142273 -0.183632 -12.002003
v -24.220007 4.024575 -11.073600
v -25.668232 8.202747 -10.568167
v -26.954607 11.411219 -9.922480
v -28.364313 14.497532 -9.178017
v -30.290173 17.575245 -8.433287
v -31.946548 20.802525 -7.760509
v -32.717987 24.152576 -7.292977
v -22.592451 0.028425 -12.062840
v -23.702457 4.217443 -11.131717
v -25.239841 8.351959 -10.617599
v -26.561184 11.613883 -9.942528
v -27.987186 14.861390 -9.235094
v -29.860750 17.769556 -8.465429
v -31.573746 20.951107 -7.795183
v -32.376930 24.284117 -7.330716
v -22.799393 -0.117244 -11.683706
v -24.656902 6.513922 -10.570529
v -27.490009 13.332030 -9.241030
v -30.818996 19.247227 -7.768063
v -32.484100 24.176924 -6.962619
v -30.977989 18.915382 -8.153912
v -30.645344 19.226797 -8.158440
v -27.690475 13.085941 -9.612253
v -27.294788 13.310205 -9.632417
v -24.954292 6.337862 -10.891757
v -24.446306 6.421805 -10.960669
v -32.441788 22.202267 -7.504302
v -32.150597 22.373285 -7.163004
v -32.106037 22.404575 -7.529120
v -18.641197 2.594394 -12.449108
v -18.783413 6.496937 -11.732512
v -17.145863 11.484268 -10.726955
v -14.546494 14.310040 -9.641870
v -11.859298 17.592739 -8.468611
v -9.592949 20.161057 -7.490541
v -15.020124 14.697733 -9.714088
v -12.306599 17.979702 -8.549540
v -9.868397 20.399349 -7.540376
v -19.634365 -0.015566 -12.933244
v -19.319723 2.682453 -12.548437
v -16.495798 10.570624 -10.675511
v -17.875408 6.286686 -11.597256
v -19.169653 -0.148437 -12.853406
v -19.616360 0.000000 -13.506632
v -19.222168 6.394138 -12.068863
v -18.998060 11.052831 -11.144516
v -19.157749 15.628320 -10.357393
v -19.032608 20.172134 -9.446442
v -19.184616 24.752872 -8.686649
v -19.452827 29.349085 -7.990233
v -19.323896 33.433662 -7.161983
v -19.116558 -0.066570 -13.234043
v -18.753860 6.323810 -11.814922
v -18.613771 10.982759 -10.938415
v -18.793114 15.639847 -10.128586
v -18.647831 20.159771 -9.216638
v -18.791477 24.734373 -8.452996
v -19.115658 29.309845 -7.798697
v -19.013863 33.392376 -6.992891
v -19.524426 -0.089540 -13.067831
v -19.015272 8.649931 -11.181574
v -19.068552 17.845221 -9.485716
v -19.266071 26.976988 -7.914051
v -19.331038 33.357323 -6.777219
v -18.087454 2.239824 -14.119257
v -16.512486 5.848593 -13.609522
v -13.836533 10.356360 -14.651389
v -11.315044 12.708290 -16.658789
v -8.571875 15.476983 -18.704027
v -6.318300 17.620970 -20.440096
v -11.436532 13.122791 -16.219154
v -8.693101 15.891738 -18.292137
v -6.392950 17.876375 -20.186451
v -19.492828 -0.123381 -13.431616
v -18.373266 2.380116 -13.505539
v -13.807732 9.429769 -15.284293
v -16.150724 5.570805 -14.433497
v -19.304218 -0.292626 -13.850863
v -19.417150 -0.012282 -13.463817
v -18.341125 5.291464 -13.375588
v -16.434214 12.546650 -12.438257
v -14.290309 18.524950 -11.913638
v -12.229774 22.496733 -11.303888
v -10.521624 26.617023 -10.743977
v -9.902748 30.786644 -10.426126
v -20.077667 0.193270 -13.670042
v -18.962383 5.476686 -13.569601
v -17.594463 10.653940 -12.791927
v -16.254778 14.792308 -12.411856
v -14.782004 18.926346 -12.011918
v -12.741537 22.694448 -11.478142
v -10.966675 26.763294 -10.890358
v -10.312471 30.914150 -10.554049
v -19.631601 0.097407 -13.986768
v -17.947464 8.406606 -13.382101
v -15.112773 17.047855 -12.460643
v -11.536064 24.661795 -11.535707
v -9.986256 30.855581 -10.908195
v -11.520458 24.207693 -11.071386
v -11.928614 24.558094 -11.208919
v -15.056259 16.702503 -11.979289
v -15.529144 16.940758 -12.144615
v -17.768772 8.161077 -12.893940
v -18.370096 8.213964 -13.084296
v -10.042587 28.381994 -10.583467
v -10.203218 28.625322 -11.090649
v -10.449594 28.597313 -10.713934
v -21.505081 4.271798 -13.429679
v -21.252350 10.508810 -13.837357
v -23.526634 18.586884 -13.142293
v -27.514694 23.359529 -12.229213
v -31.621681 28.868399 -11.292813
v -35.106598 33.199772 -10.522514
v -26.746252 23.924952 -12.410053
v -30.883694 29.431997 -11.442350
v -34.652149 33.546841 -10.614599
v -20.155764 0.047304 -13.951900
v -20.475834 4.354256 -13.776743
v -24.602875 17.205427 -12.895396
v -22.644949 10.254941 -13.392410
v -20.879875 -0.119630 -13.743292
v -19.616360 -0.000000 -13.506632
v -19.395037 11.255000 -13.188036
v -18.609486 20.046137 -12.748169
v -18.305588 25.872250 -12.524199
v -17.620378 31.672634 -12.181208
v -16.775295 37.462234 -11.788314
v -16.524494 42.703827 -11.593905
v -20.303995 0.046400 -13.721270
v -19.982944 11.277466 -13.371925
v -19.109291 20.162373 -12.923676
v -18.833895 25.961456 -12.702379
v -18.160767 31.756283 -12.363543
v -17.240131 37.502781 -11.940676
v -16.951046 42.732609 -11.727048
v -19.845123 0.033394 -14.033934
v -19.621813 11.303936 -13.693657
v -18.595678 23.021990 -13.143755
v -17.372671 34.611900 -12.500692
v -16.616951 42.728027 -12.078660
v -19.738728 4.774618 -11.816244
v -20.170755 11.611768 -12.317258
v -19.838377 20.541416 -9.938908
v -19.539320 25.886089 -5.580595
v -19.238626 32.042084 -1.108072
v -19.008059 36.888802 2.691681
v -19.609859 26.486473 -6.458970
v -19.280281 32.641491 -1.948124
v -19.033712 37.257912 2.174381
v -20.058039 0.099470 -13.260120
v -19.943541 4.836969 -12.993102
v -19.743494 19.053286 -8.694771
v -19.919649 11.370965 -10.725438
v -19.951984 -0.064288 -12.435335
v -20.924173 -0.000000 -14.585850
v -20.281050 6.735537 -15.021973
v -19.911829 11.614089 -15.438344
v -19.960562 16.393475 -15.849294
v -19.689894 21.158957 -16.218643
v -19.739405 25.936064 -16.659311
v -19.923157 30.718037 -17.129883
v -19.660799 35.003483 -17.457867
v -20.346781 -0.020952 -14.457236
v -19.740261 6.707586 -14.900764
v -19.468401 11.578224 -15.337792
v -19.531992 16.445957 -15.742810
v -19.240471 21.186829 -16.110886
v -19.280394 25.958389 -16.548758
v -19.531502 30.711546 -17.037331
v -19.302633 34.990486 -17.378086
v -20.698957 0.020308 -14.171407
v -19.872911 9.207359 -14.833841
v -19.672266 18.828440 -15.630747
v -19.649626 28.361124 -16.486301
v -19.550037 35.027943 -17.068918
v -20.291098 -0.061117 -14.932708
v -19.499454 3.669676 -15.321219
v -18.700165 7.399874 -15.702641
v -17.971336 11.135546 -16.149384
v -17.375166 14.915929 -16.538151
v -16.564655 18.610857 -17.090124
v -15.850932 22.243042 -17.646675
v -15.025780 25.921207 -18.369080
v -13.979542 29.265547 -19.008797
v -20.735155 -0.026607 -15.344365
v -20.061596 3.713364 -15.842346
v -19.388304 7.453351 -16.340572
v -18.742195 11.195456 -16.864000
v -18.189823 14.979238 -17.293367
v -17.296122 18.698601 -17.777899
v -16.485687 22.319187 -18.243515
v -15.570997 25.986610 -18.881731
v -14.244879 29.297382 -19.258287
v -20.532112 -0.042386 -15.156137
v -19.619791 5.623169 -15.624450
v -18.570408 11.230090 -16.335222
v -17.570177 16.866411 -17.003712
v -15.939259 24.182564 -18.106945
v -14.123555 29.282824 -19.144209
v -21.193621 2.740514 -15.853720
v -20.236275 6.797895 -16.664230
v -20.479979 12.018466 -18.981575
v -21.681692 14.956996 -21.833715
v -22.856150 18.372700 -24.853609
v -23.873039 21.042044 -27.375286
v -21.295340 15.365605 -21.489670
v -22.497677 18.782263 -24.519695
v -23.652294 21.294254 -27.169662
v -20.924173 0.000000 -14.585850
v -20.681398 2.828791 -15.327641
v -21.077477 11.057932 -19.384022
v -20.928892 6.581287 -17.362930
v -21.274055 -0.138980 -14.950328
v -21.377634 -0.224651 -14.665396
v -21.868526 4.077355 -15.640045
v -22.331860 8.231867 -17.156918
v -22.985514 11.497673 -18.275721
v -23.818525 14.676015 -19.393810
v -25.011347 17.850317 -20.881420
v -25.936108 21.144863 -22.252062
v -26.080246 24.490757 -23.146421
v -20.909609 -0.043655 -14.351460
v -21.428820 4.241031 -15.343793
v -21.969208 8.356985 -16.910559
v -22.655941 11.682665 -18.045345
v -23.440533 15.004704 -19.231098
v -24.650278 18.023556 -20.631571
v -25.622265 21.274075 -22.035757
v -25.789928 24.603035 -22.951687
v -21.344650 -0.072274 -14.219759
v -21.988129 6.607316 -16.102934
v -23.416859 13.535802 -18.580387
v -25.479862 19.645649 -21.143837
v -26.140045 24.607256 -22.763020
v -25.395357 19.218386 -21.450583
v -25.095470 19.512381 -21.274725
v -23.352932 13.195122 -18.923889
v -23.017118 13.400734 -18.696156
v -22.010872 6.348806 -16.496498
v -21.593525 6.405235 -16.193161
v -26.158033 22.561756 -22.709658
v -26.154453 22.821280 -22.306221
v -25.865232 22.745501 -22.523882
v -21.224993 0.010916 -14.652858
v -21.215773 4.756793 -15.295205
v -21.218042 9.503869 -15.931490
v -21.117319 14.191926 -16.617626
v -20.831427 18.714037 -17.159687
v -20.615246 24.080107 -18.072830
v -20.523928 27.959742 -18.803741
v -20.631308 32.981892 -19.927773
v -20.928625 37.299313 -20.964041
v -20.557858 -0.058738 -15.005203
v -20.371231 4.668617 -15.741250
v -20.184208 9.395929 -16.477507
v -19.959209 14.071010 -17.229280
v -19.607517 18.586254 -17.806089
v -19.506376 24.003006 -18.664221
v -19.561670 27.892834 -19.316938
v -19.804783 32.924435 -20.368580
v -20.526384 37.271339 -21.178564
v -20.862902 -0.026890 -14.844094
v -20.544107 7.121120 -15.579048
v -20.325697 14.170305 -16.646080
v -19.999580 21.388121 -17.657681
v -20.015497 30.653931 -19.354549
v -20.710308 37.284119 -21.080471
v -20.211433 -0.027325 -15.588877
v -20.553698 4.128319 -17.120520
v -20.775452 8.077202 -19.161865
v -21.247765 11.182351 -20.743298
v -21.896587 14.196111 -22.344269
v -22.837196 17.155382 -24.367592
v -23.534082 20.254059 -26.244852
v -23.542648 23.476799 -27.529541
v -19.804443 0.199590 -15.223034
v -20.171520 4.335320 -16.774796
v -20.460535 8.238337 -18.873611
v -20.963083 11.400393 -20.483162
v -21.553427 14.550653 -22.158752
v -22.524712 17.364710 -24.081707
v -23.262201 20.414663 -25.994755
v -23.290188 23.617556 -27.302605
v -20.255789 0.174978 -15.164149
v -20.607038 6.588820 -17.884647
v -21.632751 13.163758 -21.348572
v -23.264671 18.899197 -24.909878
v -23.667686 23.634117 -27.177336
v -23.126581 18.442120 -25.147129
v -22.862497 18.761673 -24.957932
v -21.509176 12.788128 -21.635252
v -21.218006 13.026527 -21.379017
v -20.560867 6.287089 -18.244442
v -20.201340 6.387694 -17.883244
v -23.682922 21.605919 -26.893311
v -23.749687 21.909273 -26.527193
v -23.426895 21.816790 -26.682941
v -19.377960 -0.862866 -15.522947
v -16.401237 4.752896 -17.453814
v -13.539928 9.954732 -19.266243
v -11.396647 13.367166 -20.464737
v -8.729395 17.163559 -21.784639
v -6.492979 20.154970 -22.793505
v -4.948587 22.391962 -23.139351
v -0.167530 24.480865 -24.137590
v -19.439672 -0.607045 -14.886868
v -16.488113 5.113037 -16.558344
v -13.647058 10.398823 -18.162043
v -11.509865 13.836491 -19.297802
v -8.883809 17.859653 -20.717705
v -6.566267 20.548813 -21.885265
v -5.105032 22.602543 -22.345844
v -0.198288 24.582390 -23.736429
v -19.411455 -0.724019 -15.177711
v -16.743107 5.096754 -17.045448
v -13.868745 10.334727 -18.750683
v -10.337002 15.723145 -20.650269
v -5.434458 22.429331 -23.110790
v -0.293259 24.655645 -23.874966
v -19.781693 -0.000000 -15.412660
v -19.125206 6.493747 -17.270489
v -18.713045 11.166302 -18.736526
v -18.701477 15.709460 -20.290033
v -18.395910 20.274855 -21.712420
v -18.376427 24.808949 -23.293236
v -18.476892 29.329926 -24.940479
v -18.185160 33.437939 -26.210430
v -19.265785 0.056444 -15.126955
v -18.642117 6.538697 -17.000183
v -18.317101 11.190852 -18.510666
v -18.322615 15.819936 -20.084198
v -17.997131 20.363440 -21.493624
v -17.969208 24.893574 -23.067822
v -18.128586 29.376926 -24.743610
v -17.865135 33.472958 -26.033203
v -19.686607 0.132805 -14.969256
v -18.820549 8.970438 -17.580400
v -18.519957 18.147457 -20.596138
v -18.371685 27.210636 -23.694653
v -18.192341 33.559559 -25.823660
v -21.498404 3.320082 -16.610588
v -21.182623 8.020988 -18.649910
v -23.030596 14.371279 -20.655430
v -26.329227 18.181623 -21.758814
v -29.719812 22.562250 -23.065418
v -32.597420 26.008123 -24.095951
v -25.678167 18.590670 -21.968372
v -29.097195 22.977718 -23.254072
v -32.214012 26.263966 -24.212124
v -20.383383 -0.040357 -15.664555
v -20.620792 3.318416 -16.781050
v -23.947596 13.342193 -20.200684
v -22.368578 7.906655 -18.397961
v -20.997715 -0.133104 -15.541052
v -19.887571 0.184867 -14.845425
v -19.189499 5.194610 -15.740948
v -19.003439 10.312967 -16.249119
v -18.576475 14.352080 -16.447506
v -18.036142 18.332546 -16.453411
v -17.532293 22.554367 -15.914550
v -17.073025 26.705376 -15.877001
v -16.853077 30.715841 -16.547024
v -19.932606 0.134234 -15.527143
v -19.232401 5.139820 -16.379387
v -19.039751 10.256582 -16.772518
v -18.585197 14.371303 -16.959358
v -18.099941 18.524736 -17.028368
v -17.551758 22.546259 -16.460457
v -17.125534 26.766432 -16.198002
v -16.881014 30.684435 -16.969898
v -19.500679 0.117840 -15.225434
v -18.815155 8.056474 -16.482481
v -17.964138 16.683996 -16.801384
v -16.920826 24.621405 -16.154226
v -16.457256 30.658855 -16.791891
v -17.353710 24.315355 -15.839434
v -17.356537 24.479216 -16.340254
v -18.389158 16.489103 -16.484562
v -18.399355 16.529804 -17.009356
v -19.194483 7.986495 -16.096586
v -19.242920 7.821441 -16.672134
v -16.985350 28.585598 -16.032942
v -16.582998 28.655193 -16.409149
v -17.003719 28.631971 -16.484396
v -20.168135 -0.384389 -14.275453
v -20.927715 6.720371 -15.855610
v -21.727514 13.359578 -17.284893
v -22.516716 17.834679 -18.179787
v -23.684027 22.927231 -19.150688
v -24.750381 26.980301 -19.925722
v -26.025158 31.658140 -20.712654
v -27.105728 36.106884 -21.561617
v -20.259821 -0.553127 -15.009067
v -21.056791 6.482823 -16.888386
v -21.886677 13.066658 -18.558407
v -22.684919 17.525114 -19.525654
v -23.712727 22.847635 -20.561836
v -24.888313 26.769844 -20.989933
v -26.017740 31.687027 -21.834375
v -27.163383 36.018906 -22.006475
v -21.473537 13.248729 -18.028025
v -22.865520 20.382467 -19.415850
v -25.074123 29.532904 -20.992964
v -27.137020 36.059135 -21.803064
v -17.842077 3.439563 -14.898238
v -17.728941 8.590245 -15.257275
v -15.424247 15.129142 -14.743598
v -12.329439 18.935677 -13.050423
v -9.096938 23.342485 -11.344472
v -6.396769 26.803396 -9.860985
v -12.809201 19.418846 -13.473577
v -9.541023 23.820837 -11.765100
v -6.670238 27.097969 -10.120008
v -19.231956 0.036872 -15.182514
v -18.604200 3.545048 -15.363888
v -14.803766 13.970309 -14.108042
v -16.724548 8.333569 -14.604567
v -18.726656 -0.122812 -14.828655
v -19.617336 -0.561007 -14.875521
v -19.430500 3.281569 -16.808725
v -19.231979 7.124426 -18.740952
v -19.140886 10.925207 -20.663866
v -19.167051 14.657515 -22.366993
v -19.190342 18.996048 -24.638783
v -19.178150 22.102774 -26.356844
v -19.038113 26.036903 -28.789680
v -18.772974 29.362024 -30.998302
v -20.295910 -0.577330 -14.932537
v -20.289522 3.260906 -16.880905
v -20.283539 7.099130 -18.829308
v -20.318853 10.896872 -20.762844
v -20.411945 14.627569 -22.471592
v -20.316814 19.000088 -24.749729
v -20.155684 22.106281 -26.453121
v -19.877758 26.039911 -28.872377
v -19.181599 29.363491 -31.038546
v -19.985636 -0.569867 -14.906466
v -19.874920 5.333963 -17.542175
v -19.805426 11.053267 -20.441357
v -19.790663 16.949173 -23.314903
v -19.551647 24.335743 -27.450081
v -18.994757 29.362820 -31.020142
v -19.462412 -0.103959 -15.561146
v -18.109564 4.248595 -17.044729
v -16.755623 8.596997 -18.540642
v -15.423579 12.938545 -19.909754
v -14.337087 17.196653 -21.154491
v -12.757719 22.217512 -22.576979
v -11.522844 25.825512 -23.615582
v -9.658095 30.414602 -25.031956
v -7.889925 34.279079 -26.364666
v -19.525635 0.137225 -14.844975
v -18.189596 4.553916 -16.138111
v -16.853596 8.970751 -17.430820
v -15.533331 13.357229 -18.666519
v -14.453074 17.639128 -19.840622
v -12.851314 22.653866 -21.398476
v -11.604064 26.204176 -22.592896
v -9.727859 30.739841 -24.153526
v -7.923878 34.437359 -25.937164
v -19.496727 0.026944 -15.172441
v -17.812328 6.693197 -17.305452
v -15.814577 13.251904 -19.294968
v -13.890102 20.004488 -21.299484
v -10.860169 28.520208 -23.981155
v -7.908353 34.364979 -26.132639
v -19.547899 2.528014 -17.328409
v -19.565319 6.831419 -18.482368
v -19.088913 11.766609 -21.857365
v -17.892103 14.154236 -25.450970
v -16.669649 17.013083 -29.288940
v -15.611935 19.212152 -32.455166
v -18.150517 14.693633 -25.103664
v -16.931541 17.541008 -28.970371
v -15.773208 19.537249 -32.258991
v -19.781693 0.000000 -15.412660
v -19.822378 2.813752 -16.661333
v -18.711370 10.615736 -22.203262
v -19.177441 6.353132 -19.341301
v -19.566751 -0.268473 -15.841540
v -19.364088 0.028010 -15.237831
v -17.457378 6.478696 -16.134691
v -15.757236 11.087308 -16.799763
v -14.066353 15.528792 -17.780481
v -12.685135 20.043327 -18.584488
v -11.285108 24.426687 -19.581547
v -10.235049 28.902662 -20.969652
v -9.458128 33.092171 -21.979313
v -19.313463 0.121124 -14.654960
v -17.412277 6.558096 -15.586857
v -15.734200 11.141300 -16.351734
v -14.025893 15.665924 -17.358974
v -12.643730 20.159939 -18.137516
v -11.244457 24.540110 -19.123787
v -10.200382 28.973516 -20.571995
v -9.425689 33.149643 -21.617069
v -19.679096 0.180902 -14.920532
v -17.000729 8.952642 -16.197803
v -13.711583 17.960831 -17.953102
v -11.049976 26.799582 -19.961288
v -9.782135 33.226318 -21.776875
v -18.495438 1.947265 -17.194685
v -18.145912 5.542084 -17.913910
v -16.472696 9.751030 -19.929344
v -14.107617 11.879919 -21.818851
v -11.631769 14.407383 -23.856049
v -9.549307 16.361902 -25.517483
v -14.463604 12.306980 -21.685839
v -11.976705 14.825974 -23.744678
v -9.761719 16.619673 -25.448902
v -19.430176 -0.215470 -16.028612
v -18.997915 2.152735 -16.853271
v -16.012184 8.821600 -20.019375
v -17.470997 5.187120 -18.340048
v -19.077387 -0.416754 -16.232317
v -19.311100 -0.302244 -16.282356
v -18.718588 3.696249 -18.124485
v -17.611868 7.694305 -19.737141
v -16.712540 10.723714 -21.279819
v -15.743196 13.613180 -22.946608
v -14.305920 16.464548 -24.828049
v -13.082456 19.488184 -26.552086
v -12.574770 22.708687 -27.738327
v -19.783718 -0.053317 -16.026152
v -19.163118 3.923983 -17.881660
v -17.979275 7.872627 -19.533575
v -17.060539 10.949505 -21.124348
v -16.060560 14.002235 -22.786011
v -14.681479 16.685564 -24.645565
v -13.405675 19.660940 -26.384912
v -12.867938 22.863096 -27.579403
v -19.756094 -0.254848 -16.434084
v -18.530588 6.078534 -19.088943
v -16.511282 12.515524 -22.370441
v -14.104175 18.012035 -25.868374
v -12.926073 22.706732 -27.940845
v -13.797873 17.720121 -25.543961
v -14.097130 18.048368 -25.442232
v -16.173401 12.304486 -22.087856
v -16.523373 12.551831 -21.934200
v -18.125780 5.925388 -18.901054
v -18.557257 6.045900 -18.638088
v -12.739184 20.816628 -27.174646
v -13.146836 20.962025 -27.382498
v -13.032874 21.039335 -27.038925
v -12.982952 0.058131 -31.424006
v -13.212110 -0.188967 -31.175329
v -12.596653 1.228373 -29.790874
v -12.877917 1.121791 -27.787334
v -10.539234 4.804012 -27.414352
v -11.906838 2.631069 -25.587391
v -8.926764 7.261817 -23.603476
v -10.156038 5.124618 -23.865093
v -12.453946 2.173300 -28.293718
v -9.149963 7.096171 -23.473408
v -9.239008 6.517560 -25.436281
v -9.901836 6.027156 -25.140917
v -13.272063 -0.119981 -31.460817
v -12.831843 0.063437 -31.174473
v -12.815498 1.453086 -34.191399
v -12.035286 1.932456 -34.021702
v -12.987807 3.497878 -37.338974
v -11.821259 3.330793 -36.469109
v -14.475970 8.204493 -41.245323
v -14.054963 8.196733 -41.004410
v -11.745073 2.789789 -35.445213
v -7.511748 7.691636 -36.388367
v -7.657154 7.290162 -35.736603
v -13.193105 -0.181697 -31.567511
v -13.130040 -0.035828 -31.034424
v -15.812380 1.489848 -32.263493
v -16.000156 1.917999 -31.458036
v -18.515911 3.685259 -33.673870
v -18.206867 3.357893 -31.956627
v -21.264446 8.642063 -36.412865
v -22.533058 6.985926 -29.560886
v -28.481371 11.377107 -32.485859
v -21.236839 8.600386 -35.930328
v -19.108818 3.858067 -32.405544
v -21.871353 6.287563 -31.290470
v -23.044796 7.371712 -30.672085
v -29.063469 10.228746 -29.532463
v -17.388275 2.823754 -31.771677
v -20.034391 7.528600 -28.070169
v -19.393408 7.105654 -27.938385
v -24.809071 8.052229 -29.010565
v -29.053259 10.185750 -29.211723
v -28.468510 10.802363 -32.645710
v -26.256054 8.141115 -32.207035
v -13.263952 -0.208631 -31.114040
v -12.944953 0.075715 -31.468487
v -16.125229 1.534184 -32.815151
v -14.459406 1.402541 -33.414551
v -19.526466 6.382579 -34.215359
v -15.081665 4.733274 -38.527004
v -21.165363 8.149622 -42.339817
v -19.094984 6.388807 -34.437008
v -15.364000 1.756133 -33.981907
v -16.130741 3.956435 -37.039387
v -16.339947 4.956009 -38.414829
v -18.780807 7.220464 -44.297031
v -15.900877 5.586617 -40.811905
v -18.496025 7.208560 -44.450596
v -21.217340 7.567595 -42.219028
v -19.369263 5.219920 -40.418285
v -12.859769 -0.075146 -31.468565
v -13.318180 0.010550 -31.165335
v -11.617915 2.855662 -31.383667
v -12.238759 3.324636 -30.871861
v -10.091591 6.230433 -32.015617
v -11.265353 5.820374 -30.748436
v -8.921194 11.749250 -34.808323
v -11.968268 11.414910 -28.334885
v -8.527178 18.502840 -29.402800
v -9.239134 11.710384 -34.443974
v -10.664059 6.766277 -30.842924
v -10.888906 10.416998 -29.660105
v -11.104536 12.011526 -29.072098
v -9.620574 18.043291 -26.407232
v -11.626442 4.894567 -30.794230
v -14.682079 10.298426 -28.720568
v -14.954007 9.569539 -28.764128
v -11.479967 13.687596 -27.231924
v -9.820086 18.010687 -26.154337
v -8.165085 18.044548 -29.280712
v -8.542267 14.594805 -28.924841
v -59.278320 3.567848 11.200260
v -57.459866 0.313800 10.705578
v -53.229782 -3.340024 11.533237
v -54.789139 -1.266997 12.164839
v -57.209408 1.584783 12.227861
v -53.215950 6.303935 4.032209
v -52.059204 1.837440 6.663153
v -53.255318 -3.758941 12.226143
v -54.302689 -0.979952 9.902323
v -54.578629 3.107820 6.565815
v -47.920448 5.047535 12.537130
v -49.801224 1.217921 13.425493
v -53.681259 -3.898816 12.141005
v -51.918076 -1.466915 11.398754
v -49.537575 2.155797 11.323738
v -55.903393 6.648532 16.530100
v -55.476982 3.169654 13.514828
v -53.362450 -3.120978 11.459429
v -54.186012 -0.841326 13.673126
v -55.244888 3.008606 15.956190
v -54.514915 3.600533 19.693346
v -55.193573 0.820795 16.023016
v -53.144470 -3.438013 10.868469
v -52.837196 -1.904419 13.779053
v -53.200386 0.842557 17.488161
vt 0.077855 0.162531
vt 0.080301 0.158731
vt 0.071165 0.159072
vt 0.094777 0.165356
vt 0.091756 0.158918
vt 0.100461 0.167035
vt 0.113011 0.162893
vt 0.104168 0.158918
vt 0.129764 0.158979
vt 0.116579 0.158918
vt 0.076194 0.155590
vt 0.094663 0.153199
vt 0.104386 0.152390
vt 0.112668 0.155476
vt 0.088798 0.151699
vt 0.089724 0.167091
vt 0.779042 0.474084
vt 0.772585 0.472810
vt 0.772955 0.475187
vt 0.766129 0.471536
vt 0.752818 0.473848
vt 0.766831 0.476278
vt 0.754134 0.480350
vt 0.752923 0.468034
vt 0.738752 0.463722
vt 0.741238 0.473697
vt 0.737349 0.484314
vt 0.728984 0.473287
vt 0.722649 0.467334
vt 0.718920 0.469008
vt 0.715744 0.474172
vt 0.721098 0.479302
vt 0.640058 0.899305
vt 0.633652 0.898041
vt 0.634019 0.900399
vt 0.627245 0.896776
vt 0.614038 0.899071
vt 0.627943 0.901482
vt 0.615344 0.905522
vt 0.614142 0.893301
vt 0.600081 0.889023
vt 0.602548 0.898920
vt 0.598689 0.909455
vt 0.590389 0.898514
vt 0.584104 0.892607
vt 0.580403 0.894268
vt 0.577252 0.899391
vt 0.582564 0.904483
vt 0.489929 0.336473
vt 0.491164 0.330214
vt 0.488861 0.330573
vt 0.492399 0.323955
vt 0.490158 0.311051
vt 0.487802 0.324633
vt 0.483855 0.312327
vt 0.495795 0.311153
vt 0.499974 0.297415
vt 0.490305 0.299826
vt 0.480012 0.296055
vt 0.490702 0.287947
vt 0.496473 0.281805
vt 0.494850 0.278190
vt 0.489845 0.275111
vt 0.484870 0.280301
vt 0.488149 0.179795
vt 0.491860 0.182184
vt 0.491527 0.173262
vt 0.485390 0.196321
vt 0.491677 0.193371
vt 0.483750 0.201872
vt 0.487795 0.214129
vt 0.491677 0.205492
vt 0.491617 0.230490
vt 0.491677 0.217614
vt 0.494927 0.178173
vt 0.497262 0.196210
vt 0.498052 0.205705
vt 0.495038 0.213794
vt 0.498727 0.190482
vt 0.483696 0.191387
vt 0.749751 0.308320
vt 0.754150 0.311152
vt 0.753755 0.300577
vt 0.746481 0.327907
vt 0.753933 0.324411
vt 0.744538 0.334486
vt 0.749332 0.349013
vt 0.753933 0.338777
vt 0.753862 0.368403
vt 0.753933 0.353142
vt 0.757785 0.306398
vt 0.760552 0.327775
vt 0.761489 0.339029
vt 0.757917 0.348615
vt 0.762289 0.320987
vt 0.744474 0.322059
vt 0.907276 0.901277
vt 0.913176 0.900208
vt 0.913535 0.902512
vt 0.919794 0.903747
vt 0.919115 0.899150
vt 0.932698 0.901506
vt 0.931421 0.895202
vt 0.932595 0.907142
vt 0.943923 0.901653
vt 0.946333 0.911322
vt 0.947693 0.891360
vt 0.955802 0.902050
vt 0.961943 0.907821
vt 0.968638 0.901192
vt 0.965559 0.906198
vt 0.963448 0.896218
vt 0.577269 0.834154
vt 0.579146 0.820149
vt 0.587288 0.843011
vt 0.579722 0.846090
vt 0.589178 0.862284
vt 0.583483 0.885224
vt 0.563992 0.884656
vt 0.569387 0.882807
vt 0.567280 0.897334
vt 0.566827 0.865007
vt 0.569162 0.897077
vt 0.576164 0.820242
vt 0.472666 0.695168
vt 0.476357 0.694919
vt 0.474979 0.716635
vt 0.469557 0.714466
vt 0.473599 0.727069
vt 0.506434 0.753722
vt 0.461030 0.735155
vt 0.470729 0.733561
vt 0.506894 0.749088
vt 0.459566 0.777291
vt 0.457176 0.778732
vt 0.011874 0.658969
vt 0.024262 0.656932
vt 0.021658 0.663866
vt 0.030728 0.687385
vt 0.042661 0.692848
vt 0.035665 0.697560
vt 0.047084 0.709086
vt 0.020731 0.716216
vt 0.020859 0.637167
vt 0.024266 0.638530
vt 0.010331 0.703371
vt 0.007812 0.704890
vt 0.046807 0.740239
vt 0.023571 0.741594
vt 0.020874 0.738921
vt 0.048662 0.739842
vt 0.583679 0.587052
vt 0.579808 0.587313
vt 0.581253 0.564540
vt 0.586939 0.566815
vt 0.582700 0.553598
vt 0.595881 0.545119
vt 0.583553 0.547146
vt 0.586145 0.540246
vt 0.577119 0.516841
vt 0.565243 0.511405
vt 0.572205 0.506716
vt 0.560842 0.495246
vt 0.587067 0.488150
vt 0.548267 0.525648
vt 0.547785 0.530508
vt 0.597416 0.500933
vt 0.599923 0.499421
vt 0.561118 0.464244
vt 0.584241 0.462896
vt 0.586925 0.465555
vt 0.559272 0.464640
vt 0.629352 0.642638
vt 0.625481 0.642899
vt 0.626926 0.620126
vt 0.632612 0.622402
vt 0.628373 0.609185
vt 0.641554 0.600706
vt 0.629226 0.602733
vt 0.631818 0.595833
vt 0.622792 0.572428
vt 0.610916 0.566991
vt 0.617878 0.562302
vt 0.606515 0.550833
vt 0.632740 0.543737
vt 0.593940 0.581235
vt 0.593458 0.586095
vt 0.643089 0.556519
vt 0.645596 0.555008
vt 0.606791 0.519831
vt 0.629914 0.518482
vt 0.632598 0.521142
vt 0.604945 0.520226
vt 0.687034 0.703747
vt 0.690725 0.703498
vt 0.689348 0.725215
vt 0.683925 0.723045
vt 0.687968 0.735648
vt 0.720803 0.762301
vt 0.675399 0.743734
vt 0.685098 0.742140
vt 0.721263 0.757667
vt 0.673934 0.785870
vt 0.671544 0.787311
vt 0.824787 0.838873
vt 0.826664 0.824869
vt 0.834806 0.847731
vt 0.827240 0.850809
vt 0.836696 0.867003
vt 0.831001 0.889944
vt 0.811510 0.889375
vt 0.816905 0.887526
vt 0.814798 0.902054
vt 0.814345 0.869726
vt 0.816680 0.901796
vt 0.823682 0.824961
vt 0.624435 0.151860
vt 0.628305 0.151599
vt 0.626861 0.174372
vt 0.621175 0.172097
vt 0.625414 0.185313
vt 0.612233 0.193793
vt 0.624561 0.191765
vt 0.621969 0.198665
vt 0.630995 0.222070
vt 0.642871 0.227507
vt 0.635909 0.232196
vt 0.647271 0.243666
vt 0.621047 0.250761
vt 0.659847 0.213263
vt 0.660329 0.208403
vt 0.610698 0.237979
vt 0.608191 0.239490
vt 0.646996 0.274667
vt 0.623873 0.276016
vt 0.621189 0.273356
vt 0.648842 0.274272
vt 0.799723 0.057839
vt 0.822345 0.098917
vt 0.812905 0.135741
vt 0.825118 0.045816
vt 0.813334 0.007812
vt 0.409384 0.795456
vt 0.373988 0.814949
vt 0.342257 0.806814
vt 0.419745 0.817338
vt 0.452492 0.807184
vt 0.803406 0.748183
vt 0.825341 0.788012
vt 0.816187 0.823717
vt 0.828030 0.736525
vt 0.816604 0.699676
vt 0.790883 0.283464
vt 0.813807 0.325089
vt 0.804241 0.362404
vt 0.816617 0.271280
vt 0.804676 0.232769
vt 0.789410 0.453628
vt 0.812646 0.495820
vt 0.802949 0.533642
vt 0.815494 0.441278
vt 0.803390 0.402243
vt 0.834659 0.208096
vt 0.812725 0.168267
vt 0.821879 0.132562
vt 0.810036 0.219754
vt 0.821462 0.256602
vt 0.851419 0.294682
vt 0.830304 0.256341
vt 0.839116 0.221970
vt 0.827716 0.305904
vt 0.838715 0.341376
vt 0.788673 0.634947
vt 0.811909 0.677139
vt 0.802212 0.714961
vt 0.814757 0.622597
vt 0.802654 0.583562
vt 0.806781 0.148787
vt 0.783432 0.106389
vt 0.793176 0.068381
vt 0.780570 0.161197
vt 0.792733 0.200422
vt 0.266181 0.347858
vt 0.289948 0.353231
vt 0.278238 0.376215
vt 0.280585 0.323397
vt 0.262245 0.305098
vt 0.283751 0.310313
vt 0.321061 0.381732
vt 0.295368 0.327967
vt 0.290895 0.280792
vt 0.314065 0.295094
vt 0.319986 0.273588
vt 0.325916 0.286083
vt 0.336876 0.309173
vt 0.349115 0.276582
vt 0.371760 0.250472
vt 0.372895 0.290626
vt 0.262668 0.309607
vt 0.286396 0.261947
vt 0.297366 0.262329
vt 0.332756 0.258198
vt 0.352301 0.258352
vt 0.312191 0.345887
vt 0.258277 0.282932
vt 0.434238 0.125721
vt 0.410471 0.120348
vt 0.422181 0.097364
vt 0.419834 0.150181
vt 0.438174 0.168481
vt 0.416668 0.163266
vt 0.379358 0.091846
vt 0.405051 0.145612
vt 0.409524 0.192786
vt 0.386354 0.178485
vt 0.380433 0.199990
vt 0.374503 0.187496
vt 0.363543 0.164405
vt 0.351303 0.196997
vt 0.328659 0.223107
vt 0.327523 0.182952
vt 0.437751 0.163972
vt 0.414022 0.211632
vt 0.403053 0.211250
vt 0.367663 0.215380
vt 0.348117 0.215227
vt 0.388228 0.127692
vt 0.442142 0.190646
vt 0.120153 0.613268
vt 0.144013 0.621463
vt 0.147483 0.607123
vt 0.108652 0.622013
vt 0.114407 0.634137
vt 0.098016 0.599605
vt 0.086139 0.631232
vt 0.063062 0.617603
vt 0.064164 0.656570
vt 0.142638 0.627146
vt 0.136358 0.645064
vt 0.147003 0.645435
vt 0.083047 0.648923
vt 0.102014 0.649072
vt 0.168274 0.625465
vt 0.163243 0.621027
vt 0.235587 0.442875
vt 0.240960 0.419108
vt 0.263945 0.430819
vt 0.211127 0.428471
vt 0.192827 0.446811
vt 0.198042 0.425305
vt 0.269462 0.387995
vt 0.215696 0.413688
vt 0.168522 0.418161
vt 0.182823 0.394991
vt 0.161318 0.389071
vt 0.173812 0.383140
vt 0.196903 0.372180
vt 0.164312 0.359941
vt 0.138202 0.337296
vt 0.178356 0.336161
vt 0.197337 0.446388
vt 0.149676 0.422660
vt 0.150059 0.411691
vt 0.145928 0.376300
vt 0.146081 0.356755
vt 0.233616 0.396865
vt 0.170662 0.450779
vt 0.285937 0.611931
vt 0.294133 0.588071
vt 0.279792 0.584601
vt 0.294682 0.623432
vt 0.306806 0.617677
vt 0.272274 0.634068
vt 0.303901 0.645945
vt 0.290273 0.669022
vt 0.329239 0.667920
vt 0.299815 0.589446
vt 0.317733 0.595726
vt 0.318104 0.585081
vt 0.321592 0.649037
vt 0.321741 0.630070
vt 0.298135 0.563810
vt 0.293696 0.568841
vt 0.721264 0.394646
vt 0.697818 0.389345
vt 0.709370 0.366670
vt 0.707055 0.418776
vt 0.667124 0.361227
vt 0.692471 0.414268
vt 0.724730 0.432380
vt 0.727193 0.458820
vt 0.674026 0.446698
vt 0.675874 0.396590
vt 0.701810 0.440451
vt 0.722945 0.459098
vt 0.105267 0.222238
vt 0.110644 0.198455
vt 0.133644 0.210174
vt 0.080789 0.207825
vt 0.062477 0.226177
vt 0.067696 0.204656
vt 0.139166 0.167320
vt 0.085362 0.193031
vt 0.038154 0.197507
vt 0.052466 0.174321
vt 0.030945 0.168396
vt 0.043448 0.162461
vt 0.066555 0.151494
vt 0.033941 0.139246
vt 0.007812 0.116585
vt 0.047995 0.115449
vt 0.066989 0.225754
vt 0.019295 0.202009
vt 0.019678 0.191032
vt 0.015544 0.155617
vt 0.015698 0.136057
vt 0.103295 0.176196
vt 0.040296 0.230148
vt 0.397745 0.629283
vt 0.373884 0.621087
vt 0.370414 0.635428
vt 0.409245 0.620538
vt 0.403490 0.608413
vt 0.419881 0.642946
vt 0.431758 0.611318
vt 0.454835 0.624947
vt 0.453733 0.585980
vt 0.375260 0.615404
vt 0.381539 0.597487
vt 0.370894 0.597116
vt 0.434850 0.593627
vt 0.415883 0.593478
vt 0.349623 0.617085
vt 0.354655 0.621524
vt 0.053474 0.353890
vt 0.025116 0.365947
vt 0.048101 0.377657
vt 0.077934 0.368294
vt 0.091019 0.371460
vt 0.096234 0.349954
vt 0.019599 0.408770
vt 0.073365 0.383077
vt 0.106238 0.401774
vt 0.120539 0.378604
vt 0.115249 0.413625
vt 0.127743 0.407694
vt 0.092158 0.424585
vt 0.124749 0.436824
vt 0.110705 0.460604
vt 0.150859 0.459469
vt 0.091724 0.350377
vt 0.139002 0.385074
vt 0.139385 0.374105
vt 0.142980 0.440010
vt 0.143133 0.420465
vt 0.055445 0.399900
vt 0.118399 0.345986
vt 0.724948 0.041231
vt 0.713054 0.013255
vt 0.701501 0.035930
vt 0.710738 0.065361
vt 0.670807 0.007812
vt 0.696154 0.060854
vt 0.728414 0.078966
vt 0.730876 0.105405
vt 0.677709 0.093283
vt 0.679558 0.043175
vt 0.705493 0.087036
vt 0.726629 0.105683
vt 0.574708 0.641344
vt 0.582904 0.617483
vt 0.568563 0.614013
vt 0.583453 0.652844
vt 0.595578 0.647089
vt 0.561045 0.663480
vt 0.592672 0.675357
vt 0.579044 0.698434
vt 0.618011 0.697332
vt 0.588587 0.618859
vt 0.606504 0.625138
vt 0.606875 0.614493
vt 0.610364 0.678449
vt 0.610513 0.659482
vt 0.586906 0.593222
vt 0.582467 0.598253
vt 0.266181 0.217382
vt 0.289948 0.222756
vt 0.278238 0.245740
vt 0.280585 0.192922
vt 0.262245 0.174623
vt 0.283751 0.179838
vt 0.321061 0.251257
vt 0.295368 0.197491
vt 0.290895 0.150317
vt 0.314065 0.164619
vt 0.319986 0.143113
vt 0.325916 0.155607
vt 0.336876 0.178698
vt 0.349115 0.146107
vt 0.371760 0.119997
vt 0.372895 0.160151
vt 0.262668 0.179132
vt 0.286396 0.131472
vt 0.297366 0.131854
vt 0.332756 0.127723
vt 0.352301 0.127877
vt 0.312191 0.215411
vt 0.258277 0.152457
vt 0.434238 0.256196
vt 0.410471 0.250823
vt 0.422181 0.227839
vt 0.419834 0.280657
vt 0.438174 0.298956
vt 0.416668 0.293741
vt 0.379358 0.222322
vt 0.405051 0.276087
vt 0.409524 0.323261
vt 0.386354 0.308960
vt 0.380433 0.330465
vt 0.374503 0.317971
vt 0.363543 0.294880
vt 0.351303 0.327472
vt 0.328659 0.353582
vt 0.327523 0.313428
vt 0.437751 0.294447
vt 0.414022 0.342107
vt 0.403053 0.341725
vt 0.367663 0.345855
vt 0.348117 0.345702
vt 0.388228 0.258167
vt 0.442142 0.321122
vt 0.105198 0.342816
vt 0.110571 0.319049
vt 0.133556 0.330759
vt 0.080738 0.328412
vt 0.062438 0.346752
vt 0.067653 0.325246
vt 0.139073 0.287936
vt 0.085307 0.313629
vt 0.038133 0.318102
vt 0.052434 0.294932
vt 0.030929 0.289011
vt 0.043423 0.283081
vt 0.066514 0.272121
vt 0.033923 0.259882
vt 0.007812 0.237237
vt 0.047967 0.236102
vt 0.066948 0.346329
vt 0.019287 0.322601
vt 0.019670 0.311632
vt 0.015539 0.276241
vt 0.015692 0.256696
vt 0.103227 0.296806
vt 0.040273 0.350720
vt 0.383498 0.015716
vt 0.378125 0.039483
vt 0.355141 0.027773
vt 0.407958 0.030120
vt 0.426258 0.011780
vt 0.421043 0.033286
vt 0.349623 0.070596
vt 0.403389 0.044903
vt 0.450563 0.040430
vt 0.436262 0.063600
vt 0.457767 0.069521
vt 0.445273 0.075451
vt 0.422182 0.086411
vt 0.454773 0.098651
vt 0.480884 0.121295
vt 0.440729 0.122431
vt 0.421748 0.012203
vt 0.469409 0.035932
vt 0.469027 0.046901
vt 0.473157 0.082291
vt 0.473004 0.101837
vt 0.385469 0.061726
vt 0.448423 0.007813
vt 0.692747 0.275717
vt 0.684551 0.299577
vt 0.698892 0.303047
vt 0.684002 0.264216
vt 0.671877 0.269971
vt 0.706410 0.253580
vt 0.674782 0.241703
vt 0.688411 0.218626
vt 0.649444 0.219728
vt 0.678868 0.298202
vt 0.660951 0.291923
vt 0.660580 0.302567
vt 0.657091 0.238611
vt 0.656942 0.257579
vt 0.680549 0.323838
vt 0.684988 0.318807
vt 0.359737 0.430556
vt 0.383504 0.435929
vt 0.371794 0.458913
vt 0.374141 0.406096
vt 0.355801 0.387796
vt 0.377307 0.393011
vt 0.414617 0.464431
vt 0.388924 0.410665
vt 0.384451 0.363491
vt 0.407621 0.377792
vt 0.413542 0.356287
vt 0.419472 0.368781
vt 0.430432 0.391872
vt 0.442671 0.359280
vt 0.465316 0.333170
vt 0.466451 0.373325
vt 0.356224 0.392305
vt 0.379952 0.344645
vt 0.390921 0.345027
vt 0.426312 0.340897
vt 0.445857 0.341050
vt 0.405747 0.428585
vt 0.351833 0.365631
vt 0.663108 0.603491
vt 0.671303 0.579631
vt 0.656962 0.576161
vt 0.671852 0.614992
vt 0.683977 0.609237
vt 0.649444 0.625628
vt 0.681072 0.637505
vt 0.667443 0.660582
vt 0.706410 0.659480
vt 0.676986 0.581006
vt 0.694903 0.587285
vt 0.695274 0.576641
vt 0.698763 0.640597
vt 0.698912 0.621629
vt 0.675305 0.555370
vt 0.670866 0.560401
vt 0.245006 0.015716
vt 0.239633 0.039483
vt 0.216648 0.027773
vt 0.269466 0.030120
vt 0.287766 0.011780
vt 0.282550 0.033286
vt 0.211131 0.070596
vt 0.264897 0.044903
vt 0.312071 0.040430
vt 0.297769 0.063600
vt 0.319275 0.069521
vt 0.306781 0.075451
vt 0.283690 0.086411
vt 0.316281 0.098651
vt 0.342391 0.121295
vt 0.302237 0.122431
vt 0.283256 0.012203
vt 0.330917 0.035932
vt 0.330534 0.046901
vt 0.334665 0.082291
vt 0.334511 0.101837
vt 0.246977 0.061726
vt 0.309931 0.007813
vt 0.127877 0.229570
vt 0.122504 0.253337
vt 0.099519 0.241627
vt 0.152337 0.243974
vt 0.170636 0.225634
vt 0.165421 0.247140
vt 0.094002 0.284450
vt 0.147768 0.258757
vt 0.194942 0.254284
vt 0.180640 0.277454
vt 0.202146 0.283375
vt 0.189652 0.289305
vt 0.166561 0.300265
vt 0.199152 0.312504
vt 0.225262 0.335149
vt 0.185108 0.336284
vt 0.166127 0.226057
vt 0.213787 0.249785
vt 0.213405 0.260754
vt 0.217536 0.296145
vt 0.217382 0.315690
vt 0.129848 0.275580
vt 0.192802 0.221666
vt 0.675803 0.131931
vt 0.667608 0.155791
vt 0.681949 0.159261
vt 0.667059 0.120431
vt 0.654934 0.126186
vt 0.689467 0.109794
vt 0.657839 0.097917
vt 0.671468 0.074840
vt 0.632501 0.075942
vt 0.661925 0.154416
vt 0.644008 0.148137
vt 0.643637 0.158781
vt 0.640148 0.094825
vt 0.639999 0.113793
vt 0.663606 0.180052
vt 0.668045 0.175021
vt 0.173550 0.170107
vt 0.168176 0.193873
vt 0.145192 0.182163
vt 0.198010 0.184510
vt 0.216309 0.166171
vt 0.211094 0.187677
vt 0.139675 0.224986
vt 0.193441 0.199293
vt 0.240615 0.194820
vt 0.226313 0.217991
vt 0.247819 0.223911
vt 0.235325 0.229841
vt 0.212234 0.240802
vt 0.244825 0.253041
vt 0.270935 0.275685
vt 0.230781 0.276821
vt 0.211800 0.166593
vt 0.259460 0.190322
vt 0.259078 0.201291
vt 0.263209 0.236682
vt 0.263055 0.256227
vt 0.175521 0.216117
vt 0.238475 0.162203
vt 0.206213 0.658449
vt 0.182353 0.650254
vt 0.178882 0.664594
vt 0.217713 0.649704
vt 0.211958 0.637580
vt 0.228349 0.672112
vt 0.240226 0.640485
vt 0.263303 0.654114
vt 0.262201 0.615147
vt 0.183728 0.644571
vt 0.190007 0.626653
vt 0.179362 0.626282
vt 0.243318 0.622794
vt 0.224351 0.622645
vt 0.158091 0.646251
vt 0.163123 0.650690
vt 0.531849 0.927609
vt 0.511896 0.938598
vt 0.494009 0.934012
vt 0.537689 0.939945
vt 0.556149 0.934221
vt 0.950002 0.820723
vt 0.965523 0.848905
vt 0.959046 0.874169
vt 0.967425 0.812473
vt 0.959340 0.786400
vt 0.392004 0.070532
vt 0.368880 0.083267
vt 0.348150 0.077953
vt 0.398773 0.084828
vt 0.420167 0.078195
vt 0.287122 0.918345
vt 0.262590 0.931856
vt 0.240597 0.926218
vt 0.294303 0.933512
vt 0.317000 0.926474
vt 0.692042 0.927684
vt 0.716736 0.914085
vt 0.738874 0.919760
vt 0.684814 0.912418
vt 0.661968 0.919502
vt 0.783517 0.024912
vt 0.791249 0.038953
vt 0.788022 0.051539
vt 0.792197 0.020802
vt 0.788169 0.007812
vt 0.620017 0.930551
vt 0.600186 0.941473
vt 0.582408 0.936915
vt 0.625822 0.942811
vt 0.644169 0.937122
vt 0.120441 0.042450
vt 0.104169 0.051412
vt 0.089582 0.047672
vt 0.125204 0.052510
vt 0.140259 0.047842
vt 0.018485 0.463089
vt 0.008978 0.445825
vt 0.012945 0.430350
vt 0.007812 0.468142
vt 0.012765 0.484113
vt 0.007812 0.349749
vt 0.017382 0.367126
vt 0.013389 0.382703
vt 0.018555 0.344663
vt 0.013570 0.328586
vt 0.760680 0.161165
vt 0.770680 0.179323
vt 0.766507 0.195600
vt 0.771905 0.155851
vt 0.766697 0.139052
vt 0.831400 0.039046
vt 0.845524 0.064693
vt 0.839629 0.087683
vt 0.847255 0.031540
vt 0.839898 0.007812
vt 0.122123 0.930374
vt 0.101080 0.941963
vt 0.082215 0.937127
vt 0.128283 0.943383
vt 0.147752 0.937347
vt 0.431741 0.923903
vt 0.409416 0.936198
vt 0.389403 0.931067
vt 0.438276 0.937705
vt 0.458930 0.931301
vt 0.580935 0.731687
vt 0.593311 0.754159
vt 0.588146 0.774304
vt 0.594828 0.725109
vt 0.588381 0.704319
vt 0.377315 0.882428
vt 0.349894 0.897529
vt 0.325313 0.891227
vt 0.385341 0.899379
vt 0.410710 0.891513
vt 0.810773 0.534784
vt 0.832102 0.573514
vt 0.823201 0.608233
vt 0.834717 0.523448
vt 0.823606 0.487616
vt 0.743598 0.833458
vt 0.711819 0.850960
vt 0.683331 0.843656
vt 0.752900 0.853105
vt 0.782300 0.843988
vt 0.399523 0.845796
vt 0.433237 0.827229
vt 0.463460 0.834978
vt 0.389655 0.824954
vt 0.358463 0.834625
vt 0.809653 0.830236
vt 0.790964 0.796300
vt 0.798763 0.765878
vt 0.788673 0.840170
vt 0.798408 0.871566
vt 0.772165 0.878511
vt 0.744745 0.893612
vt 0.720164 0.887310
vt 0.780191 0.895462
vt 0.805560 0.887596
vt 0.810773 0.368584
vt 0.832102 0.407314
vt 0.823201 0.442033
vt 0.834717 0.357247
vt 0.823606 0.321416
vt 0.152059 0.834513
vt 0.120280 0.852015
vt 0.091792 0.844711
vt 0.161361 0.854160
vt 0.190762 0.845043
vt 0.076129 0.840254
vt 0.109843 0.821687
vt 0.140066 0.829435
vt 0.066260 0.819411
vt 0.035069 0.829082
vt 0.192247 0.806224
vt 0.158310 0.824914
vt 0.127888 0.817114
vt 0.202180 0.827204
vt 0.233577 0.817469
vt 0.621214 0.819239
vt 0.656102 0.800025
vt 0.687377 0.808043
vt 0.611002 0.797670
vt 0.578725 0.807678
vt 0.738841 0.313214
vt 0.711703 0.263936
vt 0.723028 0.219762
vt 0.708377 0.327637
vt 0.722513 0.373227
vt 0.537422 0.774434
vt 0.515155 0.734000
vt 0.524447 0.697754
vt 0.512425 0.786269
vt 0.524024 0.823676
vt 0.798249 0.736806
vt 0.774625 0.693910
vt 0.784484 0.655456
vt 0.771730 0.749361
vt 0.784035 0.789047
vt 0.768047 0.547812
vt 0.791826 0.590990
vt 0.781902 0.629697
vt 0.794740 0.535174
vt 0.782354 0.495227
vt 0.255895 0.862444
vt 0.269899 0.864321
vt 0.247037 0.872462
vt 0.243959 0.864897
vt 0.227765 0.874353
vt 0.204824 0.868657
vt 0.205393 0.849166
vt 0.207242 0.854561
vt 0.192714 0.852454
vt 0.225042 0.852001
vt 0.192972 0.854336
vt 0.269807 0.861338
vt 0.439838 0.794808
vt 0.436147 0.795057
vt 0.437524 0.773340
vt 0.442947 0.775510
vt 0.438904 0.762907
vt 0.406069 0.736254
vt 0.451473 0.754821
vt 0.441774 0.756415
vt 0.405609 0.740888
vt 0.452938 0.712685
vt 0.455328 0.711244
vt 0.197396 0.554437
vt 0.217632 0.557697
vt 0.219908 0.552011
vt 0.197134 0.550566
vt 0.230849 0.553458
vt 0.239328 0.566638
vt 0.244201 0.556902
vt 0.237301 0.554311
vt 0.267606 0.547876
vt 0.273043 0.536001
vt 0.277731 0.542963
vt 0.289201 0.531600
vt 0.296297 0.557825
vt 0.258799 0.519025
vt 0.253939 0.518543
vt 0.283515 0.568174
vt 0.285026 0.570680
vt 0.320203 0.531875
vt 0.318892 0.557682
vt 0.321551 0.554998
vt 0.319808 0.530030
vt 0.763557 0.743574
vt 0.751177 0.745610
vt 0.753779 0.738681
vt 0.744716 0.715177
vt 0.732790 0.709718
vt 0.739781 0.705009
vt 0.728371 0.693491
vt 0.754706 0.686365
vt 0.754577 0.765362
vt 0.751173 0.763999
vt 0.765098 0.699202
vt 0.767615 0.697684
vt 0.728647 0.662359
vt 0.751867 0.661005
vt 0.754563 0.663676
vt 0.726794 0.662756
vt 0.376404 0.531714
vt 0.376143 0.527844
vt 0.398916 0.529288
vt 0.396641 0.534974
vt 0.409858 0.530735
vt 0.418337 0.543916
vt 0.416310 0.531588
vt 0.423210 0.534180
vt 0.446615 0.525154
vt 0.452051 0.513278
vt 0.456740 0.520240
vt 0.468210 0.508878
vt 0.475306 0.535102
vt 0.437808 0.496302
vt 0.432948 0.495820
vt 0.462523 0.545451
vt 0.464035 0.547958
vt 0.499212 0.509153
vt 0.500560 0.532276
vt 0.497901 0.534960
vt 0.498816 0.507307
vt 0.432874 0.855775
vt 0.418869 0.853898
vt 0.441732 0.845757
vt 0.444810 0.853322
vt 0.461004 0.843866
vt 0.483944 0.849561
vt 0.483376 0.869053
vt 0.481527 0.863657
vt 0.496054 0.865764
vt 0.463727 0.866218
vt 0.495797 0.863883
vt 0.418962 0.856881
vt 0.084989 0.884746
vt 0.098994 0.886623
vt 0.076132 0.894764
vt 0.073053 0.887199
vt 0.056859 0.896655
vt 0.033919 0.890959
vt 0.034487 0.871468
vt 0.036337 0.876863
vt 0.021809 0.874756
vt 0.054137 0.874303
vt 0.022067 0.876638
vt 0.098902 0.883640
vt 0.751860 0.008061
vt 0.755551 0.007813
vt 0.754174 0.029529
vt 0.748751 0.027359
vt 0.752794 0.039963
vt 0.785629 0.066616
vt 0.740225 0.048049
vt 0.749924 0.046454
vt 0.786089 0.061981
vt 0.738761 0.090185
vt 0.736370 0.091626
vt 0.593992 0.228319
vt 0.597252 0.208082
vt 0.591566 0.205807
vt 0.590122 0.228580
vt 0.593013 0.194866
vt 0.606194 0.186386
vt 0.596458 0.181513
vt 0.593867 0.188413
vt 0.587432 0.158108
vt 0.575556 0.152672
vt 0.582519 0.147983
vt 0.571156 0.136513
vt 0.597380 0.129417
vt 0.558580 0.166916
vt 0.558098 0.171776
vt 0.607729 0.142200
vt 0.610236 0.140689
vt 0.571431 0.105511
vt 0.597238 0.106823
vt 0.594554 0.104163
vt 0.569585 0.105907
vt 0.381738 0.714178
vt 0.379702 0.701791
vt 0.386635 0.704395
vt 0.410155 0.695325
vt 0.415617 0.683391
vt 0.420329 0.690387
vt 0.431855 0.678969
vt 0.438986 0.705322
vt 0.359936 0.705193
vt 0.361300 0.701787
vt 0.426141 0.715721
vt 0.427659 0.718240
vt 0.463009 0.679246
vt 0.464363 0.702481
vt 0.461691 0.705179
vt 0.462611 0.677391
vt 0.571156 0.457996
vt 0.567285 0.458257
vt 0.568730 0.435484
vt 0.574416 0.437760
vt 0.570177 0.424543
vt 0.583358 0.416064
vt 0.571030 0.418091
vt 0.573621 0.411191
vt 0.564595 0.387786
vt 0.552720 0.382349
vt 0.559682 0.377660
vt 0.548319 0.366191
vt 0.574544 0.359095
vt 0.535744 0.396593
vt 0.535262 0.401453
vt 0.584893 0.371877
vt 0.587399 0.370366
vt 0.548595 0.335189
vt 0.571717 0.333840
vt 0.574402 0.336500
vt 0.546749 0.335584
vt 0.741354 0.868133
vt 0.755359 0.870010
vt 0.732497 0.878151
vt 0.729418 0.870586
vt 0.713224 0.880042
vt 0.690284 0.874346
vt 0.690852 0.854855
vt 0.692702 0.860251
vt 0.678174 0.858144
vt 0.710502 0.857690
vt 0.678432 0.860025
vt 0.755266 0.867027
vt 0.763969 0.268365
vt 0.760278 0.268614
vt 0.761655 0.246898
vt 0.767078 0.249068
vt 0.763035 0.236464
vt 0.730200 0.209811
vt 0.775604 0.228378
vt 0.765905 0.229972
vt 0.729740 0.214446
vt 0.777068 0.186242
vt 0.779459 0.184801
vt 0.741481 0.633750
vt 0.729094 0.635787
vt 0.731698 0.628853
vt 0.722628 0.605334
vt 0.710694 0.599871
vt 0.717690 0.595159
vt 0.706272 0.583633
vt 0.732625 0.576503
vt 0.732496 0.655552
vt 0.729090 0.654188
vt 0.743024 0.589347
vt 0.745543 0.587829
vt 0.706549 0.552480
vt 0.729784 0.551125
vt 0.732482 0.553797
vt 0.704694 0.552877
vt 0.316735 0.576702
vt 0.316474 0.572831
vt 0.339247 0.574276
vt 0.336971 0.579962
vt 0.350188 0.575723
vt 0.358667 0.588904
vt 0.356640 0.576576
vt 0.363540 0.579167
vt 0.386945 0.570141
vt 0.392382 0.558266
vt 0.397071 0.565228
vt 0.408540 0.553865
vt 0.415636 0.580090
vt 0.378138 0.541290
vt 0.373278 0.540808
vt 0.402854 0.590439
vt 0.404365 0.592945
vt 0.439542 0.554141
vt 0.440890 0.577263
vt 0.438231 0.579948
vt 0.439147 0.552295
vt 0.183672 0.574387
vt 0.179801 0.574648
vt 0.181246 0.551875
vt 0.186932 0.554150
vt 0.182693 0.540933
vt 0.195874 0.532454
vt 0.183546 0.534481
vt 0.186138 0.527581
vt 0.177112 0.504176
vt 0.165236 0.498740
vt 0.172198 0.494051
vt 0.160835 0.482581
vt 0.187060 0.475485
vt 0.148260 0.512983
vt 0.147778 0.517843
vt 0.197409 0.488267
vt 0.199916 0.486756
vt 0.161111 0.451579
vt 0.184234 0.450231
vt 0.186918 0.452890
vt 0.159265 0.451975
vt 0.772809 0.320969
vt 0.769118 0.321218
vt 0.770495 0.299501
vt 0.775918 0.301671
vt 0.771875 0.289068
vt 0.739040 0.262415
vt 0.784444 0.280982
vt 0.774745 0.282576
vt 0.738580 0.267049
vt 0.785908 0.238846
vt 0.788299 0.237405
vt 0.339137 0.873203
vt 0.353142 0.875080
vt 0.330280 0.883221
vt 0.327202 0.875656
vt 0.311008 0.885111
vt 0.288067 0.879416
vt 0.288635 0.859925
vt 0.290485 0.865320
vt 0.275957 0.863213
vt 0.308285 0.862760
vt 0.276215 0.865095
vt 0.353050 0.872097
vt 0.663975 0.559497
vt 0.660104 0.559758
vt 0.661549 0.536985
vt 0.667235 0.539260
vt 0.662996 0.526044
vt 0.676177 0.517564
vt 0.663849 0.519592
vt 0.666441 0.512692
vt 0.657415 0.489287
vt 0.645539 0.483850
vt 0.652501 0.479161
vt 0.641138 0.467691
vt 0.667363 0.460596
vt 0.628563 0.498094
vt 0.628081 0.502954
vt 0.677712 0.473378
vt 0.680219 0.471867
vt 0.641414 0.436690
vt 0.664537 0.435341
vt 0.667221 0.438001
vt 0.639568 0.437085
vt 0.136240 0.749204
vt 0.135992 0.745513
vt 0.157708 0.746890
vt 0.155538 0.752313
vt 0.168142 0.748270
vt 0.194795 0.715435
vt 0.176228 0.760839
vt 0.174634 0.751140
vt 0.190160 0.714975
vt 0.218364 0.762303
vt 0.219805 0.764694
vt 0.538587 0.670596
vt 0.550974 0.668559
vt 0.548371 0.675493
vt 0.557441 0.699012
vt 0.569374 0.704475
vt 0.562378 0.709187
vt 0.573796 0.720713
vt 0.547444 0.727844
vt 0.547572 0.648794
vt 0.550978 0.650158
vt 0.537044 0.714999
vt 0.534525 0.716517
vt 0.573520 0.751866
vt 0.550284 0.753221
vt 0.547587 0.750549
vt 0.575374 0.751469
vt 0.149513 0.600467
vt 0.149251 0.596596
vt 0.172025 0.598041
vt 0.169749 0.603727
vt 0.182966 0.599488
vt 0.191445 0.612669
vt 0.189418 0.600341
vt 0.196318 0.602932
vt 0.219723 0.593906
vt 0.225159 0.582031
vt 0.229848 0.588993
vt 0.241318 0.577630
vt 0.248414 0.603855
vt 0.210916 0.565055
vt 0.206056 0.564573
vt 0.235632 0.614204
vt 0.237143 0.616710
vt 0.272320 0.577906
vt 0.273668 0.601028
vt 0.271009 0.603713
vt 0.271925 0.576060
vt 0.348472 0.732802
vt 0.329174 0.729693
vt 0.327004 0.735115
vt 0.348721 0.736493
vt 0.316570 0.733735
vt 0.289917 0.766570
vt 0.308485 0.721166
vt 0.310079 0.730865
vt 0.294552 0.767030
vt 0.266348 0.719702
vt 0.264907 0.717312
vt 0.608228 0.369300
vt 0.612099 0.369039
vt 0.610654 0.391812
vt 0.604968 0.389537
vt 0.609207 0.402754
vt 0.596027 0.411233
vt 0.608354 0.409206
vt 0.605763 0.416106
vt 0.614789 0.439511
vt 0.626664 0.444947
vt 0.619702 0.449636
vt 0.631065 0.461106
vt 0.604840 0.468202
vt 0.643640 0.430704
vt 0.644122 0.425844
vt 0.594491 0.455420
vt 0.591985 0.456931
vt 0.630790 0.492108
vt 0.607667 0.493456
vt 0.604983 0.490797
vt 0.632635 0.491712
vt 0.282746 0.904506
vt 0.270801 0.902905
vt 0.290302 0.895960
vt 0.292928 0.902414
vt 0.306742 0.894348
vt 0.326310 0.899206
vt 0.325825 0.915832
vt 0.324248 0.911230
vt 0.336640 0.913027
vt 0.309064 0.913414
vt 0.336420 0.911422
vt 0.270879 0.905449
vt 0.253588 0.127239
vt 0.250440 0.127452
vt 0.251615 0.108927
vt 0.256240 0.110778
vt 0.252792 0.100027
vt 0.224783 0.077292
vt 0.263513 0.093130
vt 0.255240 0.094490
vt 0.224391 0.081245
vt 0.264762 0.057187
vt 0.266801 0.055958
vt 0.163812 0.668863
vt 0.146549 0.666082
vt 0.144609 0.670933
vt 0.164034 0.672165
vt 0.135275 0.669698
vt 0.128043 0.658455
vt 0.123886 0.666760
vt 0.129772 0.668970
vt 0.103921 0.674459
vt 0.099284 0.684589
vt 0.095284 0.678650
vt 0.085500 0.688343
vt 0.079448 0.665973
vt 0.111434 0.699070
vt 0.115580 0.699481
vt 0.090351 0.657145
vt 0.089062 0.655007
vt 0.059055 0.688108
vt 0.060174 0.666095
vt 0.057905 0.668384
vt 0.059393 0.689682
vt 0.249955 0.743439
vt 0.260522 0.741702
vt 0.258301 0.747616
vt 0.266038 0.767679
vt 0.276217 0.772339
vt 0.270249 0.776358
vt 0.279989 0.786189
vt 0.257510 0.792272
vt 0.257620 0.724842
vt 0.260525 0.726005
vt 0.248639 0.781315
vt 0.246491 0.782610
vt 0.279753 0.812764
vt 0.259933 0.813919
vt 0.257632 0.811640
vt 0.281335 0.812424
vt 0.696450 0.451140
vt 0.699752 0.450917
vt 0.698520 0.470343
vt 0.693669 0.468402
vt 0.697285 0.479676
vt 0.686042 0.486909
vt 0.696557 0.485180
vt 0.694347 0.491065
vt 0.702046 0.511030
vt 0.712176 0.515667
vt 0.706237 0.519667
vt 0.715930 0.529451
vt 0.693560 0.535504
vt 0.726657 0.503518
vt 0.727068 0.499372
vt 0.684732 0.524600
vt 0.682594 0.525889
vt 0.715695 0.555896
vt 0.695971 0.557046
vt 0.693681 0.554777
vt 0.717269 0.555558
vt 0.753656 0.567829
vt 0.749965 0.568078
vt 0.751342 0.546361
vt 0.756764 0.548531
vt 0.752722 0.535927
vt 0.719887 0.509274
vt 0.765291 0.527842
vt 0.755592 0.529436
vt 0.719427 0.513909
vt 0.766755 0.485705
vt 0.769145 0.484264
vt 0.094566 0.857657
vt 0.108571 0.859534
vt 0.085708 0.867676
vt 0.082630 0.860110
vt 0.066436 0.869566
vt 0.043496 0.863871
vt 0.044064 0.844379
vt 0.045913 0.849775
vt 0.031386 0.847668
vt 0.063713 0.847214
vt 0.031643 0.849550
vt 0.108478 0.856552
vt 0.647768 0.411459
vt 0.643898 0.411721
vt 0.645342 0.388947
vt 0.651029 0.391223
vt 0.646789 0.378006
vt 0.659970 0.369527
vt 0.647643 0.371554
vt 0.650234 0.364654
vt 0.641208 0.341249
vt 0.629333 0.335813
vt 0.636295 0.331124
vt 0.624932 0.319654
vt 0.651156 0.312558
vt 0.612357 0.350056
vt 0.611875 0.354916
vt 0.661506 0.325340
vt 0.664012 0.323829
vt 0.625207 0.288652
vt 0.648330 0.287304
vt 0.651014 0.289963
vt 0.623362 0.289048
vt 0.083096 0.413879
vt 0.079890 0.420884
vt 0.100973 0.410083
vt 0.096902 0.408555
vt 0.077124 0.416777
vt 0.070358 0.423480
vt 0.066172 0.408011
vt 0.052071 0.423318
vt 0.052844 0.408095
vt 0.051275 0.409678
vt 0.052304 0.424406
vt 0.049168 0.796900
vt 0.046059 0.797109
vt 0.047219 0.778816
vt 0.051787 0.780644
vt 0.048382 0.770027
vt 0.058970 0.763216
vt 0.049067 0.764844
vt 0.051149 0.759302
vt 0.020723 0.747576
vt 0.020336 0.751480
vt 0.060203 0.727722
vt 0.062216 0.726508
vt 0.344759 0.924675
vt 0.348644 0.916188
vt 0.323103 0.929273
vt 0.328034 0.931125
vt 0.351995 0.921164
vt 0.360191 0.913044
vt 0.365262 0.931784
vt 0.382345 0.913240
vt 0.381408 0.931682
vt 0.383309 0.929764
vt 0.382063 0.911922
vt 0.223908 0.685578
vt 0.223654 0.681812
vt 0.245815 0.683218
vt 0.243601 0.688751
vt 0.256462 0.684626
vt 0.264714 0.697452
vt 0.262741 0.685456
vt 0.269456 0.687978
vt 0.283661 0.651119
vt 0.278932 0.650649
vt 0.307713 0.698946
vt 0.309183 0.701385
vt 0.617324 0.920329
vt 0.621209 0.911843
vt 0.595668 0.924927
vt 0.600599 0.926779
vt 0.624560 0.916818
vt 0.632756 0.908698
vt 0.637827 0.927438
vt 0.654910 0.908895
vt 0.653973 0.927336
vt 0.655873 0.925418
vt 0.654627 0.907576
vt 0.706473 0.726320
vt 0.702707 0.726575
vt 0.704112 0.704413
vt 0.709646 0.706628
vt 0.705520 0.693766
vt 0.718347 0.685515
vt 0.706351 0.687487
vt 0.708872 0.680773
vt 0.672013 0.666568
vt 0.671544 0.671297
vt 0.719841 0.642516
vt 0.722280 0.641046
vt 0.543692 0.016234
vt 0.533789 0.014907
vt 0.549956 0.009149
vt 0.552133 0.014499
vt 0.563585 0.007812
vt 0.579808 0.011840
vt 0.579406 0.025624
vt 0.578098 0.021808
vt 0.588371 0.023298
vt 0.565510 0.023619
vt 0.588189 0.021968
vt 0.533854 0.017016
vt 0.431569 0.486851
vt 0.431393 0.484241
vt 0.446750 0.485215
vt 0.445215 0.489050
vt 0.454128 0.486191
vt 0.472977 0.462971
vt 0.459846 0.495079
vt 0.458719 0.488221
vt 0.469699 0.462646
vt 0.489644 0.496115
vt 0.490663 0.497805
vt 0.315921 0.767128
vt 0.330232 0.769434
vt 0.331841 0.765412
vt 0.315737 0.764391
vt 0.339579 0.766436
vt 0.345575 0.775757
vt 0.349021 0.768872
vt 0.344142 0.767039
vt 0.365572 0.762489
vt 0.369417 0.754091
vt 0.372733 0.759014
vt 0.380844 0.750979
vt 0.385862 0.769524
vt 0.359344 0.742086
vt 0.355907 0.741745
vt 0.376822 0.776843
vt 0.377891 0.778615
vt 0.402767 0.751174
vt 0.401840 0.769423
vt 0.403721 0.767525
vt 0.402488 0.749868
vt 0.857415 0.849130
vt 0.848654 0.850570
vt 0.850496 0.845667
vt 0.844082 0.829035
vt 0.835643 0.825172
vt 0.840590 0.821840
vt 0.832516 0.813689
vt 0.851151 0.808646
vt 0.851061 0.864548
vt 0.848652 0.863583
vt 0.858506 0.817730
vt 0.860287 0.816656
vt 0.832711 0.791658
vt 0.849143 0.790700
vt 0.851050 0.792590
vt 0.831400 0.791939
vt 0.066193 0.776914
vt 0.066009 0.774177
vt 0.082113 0.775198
vt 0.080504 0.779219
vt 0.089851 0.776221
vt 0.095847 0.785542
vt 0.094413 0.776825
vt 0.099293 0.778657
vt 0.115844 0.772274
vt 0.119689 0.763877
vt 0.123004 0.768800
vt 0.131116 0.760764
vt 0.136133 0.779310
vt 0.109616 0.751872
vt 0.106179 0.751531
vt 0.127094 0.786628
vt 0.128163 0.788401
vt 0.153039 0.760959
vt 0.153993 0.777311
vt 0.152112 0.779209
vt 0.152759 0.759654
vt 0.901400 0.843037
vt 0.903277 0.829033
vt 0.911419 0.851895
vt 0.903853 0.854973
vt 0.913309 0.871167
vt 0.907614 0.894108
vt 0.888122 0.893539
vt 0.893518 0.891690
vt 0.891411 0.906218
vt 0.890958 0.873890
vt 0.893293 0.905960
vt 0.900295 0.829125
vt 0.293886 0.710495
vt 0.293637 0.706804
vt 0.315354 0.708182
vt 0.313184 0.713604
vt 0.325787 0.709562
vt 0.352440 0.676727
vt 0.333873 0.722131
vt 0.332279 0.712432
vt 0.347806 0.676267
vt 0.376009 0.723595
vt 0.377451 0.725985
vt 0.633616 0.653575
vt 0.646004 0.651538
vt 0.643400 0.658472
vt 0.652470 0.681991
vt 0.664403 0.687454
vt 0.657407 0.692166
vt 0.668826 0.703692
vt 0.642473 0.710822
vt 0.642601 0.631773
vt 0.646008 0.633136
vt 0.632073 0.697977
vt 0.629554 0.699496
vt 0.668549 0.734845
vt 0.645313 0.736200
vt 0.642616 0.733527
vt 0.670404 0.734447
vt 0.600622 0.369409
vt 0.596752 0.369670
vt 0.598196 0.346897
vt 0.603882 0.349173
vt 0.599643 0.335956
vt 0.612824 0.327477
vt 0.600496 0.329504
vt 0.603088 0.322604
vt 0.594062 0.299199
vt 0.582186 0.293762
vt 0.589148 0.289073
vt 0.577786 0.277603
vt 0.604010 0.270508
vt 0.565210 0.308006
vt 0.564728 0.312866
vt 0.614359 0.283290
vt 0.616866 0.281779
vt 0.578061 0.246602
vt 0.601184 0.245253
vt 0.603868 0.247913
vt 0.576215 0.246997
vt 0.607492 0.008074
vt 0.611362 0.007812
vt 0.609918 0.030586
vt 0.604232 0.028310
vt 0.608471 0.041527
vt 0.595290 0.050006
vt 0.607617 0.047979
vt 0.605026 0.054879
vt 0.614052 0.078284
vt 0.625928 0.083721
vt 0.618965 0.088410
vt 0.630328 0.099879
vt 0.604104 0.106975
vt 0.642904 0.069477
vt 0.643386 0.064617
vt 0.593755 0.094193
vt 0.591248 0.095704
vt 0.630053 0.130881
vt 0.606930 0.132230
vt 0.604246 0.129570
vt 0.631899 0.130486
vt 0.614841 0.703739
vt 0.618532 0.703490
vt 0.617155 0.725207
vt 0.611732 0.723037
vt 0.615775 0.735641
vt 0.648610 0.762294
vt 0.603206 0.743726
vt 0.612905 0.742132
vt 0.649070 0.757659
vt 0.601742 0.785863
vt 0.599351 0.787304
vt 0.432693 0.869659
vt 0.446698 0.871536
vt 0.423836 0.879678
vt 0.420758 0.872112
vt 0.404564 0.881568
vt 0.381623 0.875873
vt 0.382191 0.856382
vt 0.384041 0.861777
vt 0.369513 0.859670
vt 0.401841 0.859217
vt 0.369771 0.861552
vt 0.446606 0.868554
vt 0.479313 0.541339
vt 0.483183 0.541078
vt 0.481739 0.563851
vt 0.476053 0.561576
vt 0.480292 0.574792
vt 0.467111 0.583272
vt 0.479438 0.581244
vt 0.476847 0.588144
vt 0.485873 0.611549
vt 0.497749 0.616986
vt 0.490786 0.621675
vt 0.502149 0.633145
vt 0.475925 0.640240
vt 0.514724 0.602742
vt 0.515207 0.597882
vt 0.465576 0.627458
vt 0.463069 0.628969
vt 0.501874 0.664146
vt 0.478751 0.665495
vt 0.476067 0.662835
vt 0.503720 0.663751
vt 0.658112 0.857185
vt 0.672116 0.859062
vt 0.649254 0.867204
vt 0.646176 0.859638
vt 0.629982 0.869094
vt 0.607041 0.863399
vt 0.607610 0.843907
vt 0.609459 0.849303
vt 0.594931 0.847196
vt 0.627259 0.846743
vt 0.595189 0.849078
vt 0.672024 0.856080
vt 0.137050 0.726889
vt 0.137299 0.730580
vt 0.115582 0.729203
vt 0.117752 0.723780
vt 0.105149 0.727823
vt 0.078496 0.760658
vt 0.097063 0.715254
vt 0.098657 0.724953
vt 0.083130 0.761118
vt 0.054927 0.713789
vt 0.053486 0.711399
vt 0.124644 0.717858
vt 0.122607 0.705470
vt 0.129540 0.708074
vt 0.153060 0.699004
vt 0.158523 0.687071
vt 0.163235 0.694067
vt 0.174761 0.682648
vt 0.181891 0.709001
vt 0.102842 0.708873
vt 0.104205 0.705466
vt 0.169046 0.719401
vt 0.170565 0.721920
vt 0.205914 0.682925
vt 0.207269 0.706161
vt 0.204596 0.708858
vt 0.205516 0.681070
vt 0.043612 0.665622
vt 0.039751 0.665883
vt 0.041192 0.643170
vt 0.046863 0.645439
vt 0.042635 0.632257
vt 0.055781 0.623800
vt 0.043486 0.625822
vt 0.046071 0.618940
vt 0.037069 0.595597
vt 0.025224 0.590175
vt 0.032168 0.585498
vt 0.020835 0.574059
vt 0.008293 0.604381
vt 0.007812 0.609228
vt 0.057312 0.579730
vt 0.059812 0.578223
vt 0.021110 0.543139
vt 0.019269 0.543533
vt 0.537509 0.528869
vt 0.541379 0.528607
vt 0.539935 0.551381
vt 0.534249 0.549105
vt 0.538488 0.562322
vt 0.525307 0.570801
vt 0.537635 0.568774
vt 0.535043 0.575674
vt 0.544069 0.599079
vt 0.555945 0.604516
vt 0.548983 0.609204
vt 0.560345 0.620674
vt 0.534121 0.627770
vt 0.572921 0.590272
vt 0.573403 0.585412
vt 0.523772 0.614988
vt 0.521265 0.616499
vt 0.560070 0.651676
vt 0.536947 0.653024
vt 0.534263 0.650365
vt 0.561916 0.651281
vt 0.280699 0.708231
vt 0.280948 0.711922
vt 0.259231 0.710545
vt 0.261401 0.705122
vt 0.248798 0.709165
vt 0.222144 0.742000
vt 0.240712 0.696596
vt 0.242306 0.706295
vt 0.226779 0.742460
vt 0.198575 0.695132
vt 0.197134 0.692741
vt 0.538226 0.818518
vt 0.540103 0.804513
vt 0.548245 0.827375
vt 0.540679 0.830454
vt 0.550135 0.846648
vt 0.544440 0.869588
vt 0.524949 0.869020
vt 0.530344 0.867171
vt 0.528237 0.881698
vt 0.527784 0.849370
vt 0.530119 0.881441
vt 0.537121 0.804606
vt 0.650411 0.046362
vt 0.641925 0.042477
vt 0.655009 0.068018
vt 0.656861 0.063087
vt 0.646900 0.039126
vt 0.638780 0.030930
vt 0.657520 0.025859
vt 0.638977 0.008776
vt 0.657418 0.009713
vt 0.655500 0.007812
vt 0.637658 0.009059
vt 0.503891 0.729008
vt 0.500125 0.729262
vt 0.501531 0.707101
vt 0.507064 0.709315
vt 0.502939 0.696454
vt 0.515765 0.688202
vt 0.503769 0.690175
vt 0.506291 0.683460
vt 0.469432 0.669255
vt 0.468962 0.673985
vt 0.517259 0.645204
vt 0.519698 0.643733
vt 0.081949 0.263614
vt 0.074773 0.260329
vt 0.085837 0.281926
vt 0.087403 0.277757
vt 0.078980 0.257496
vt 0.072114 0.250565
vt 0.087960 0.246278
vt 0.072281 0.231832
vt 0.087875 0.232625
vt 0.086253 0.231018
vt 0.071165 0.232071
vt 0.195876 0.360209
vt 0.195661 0.357024
vt 0.214400 0.358213
vt 0.212528 0.362892
vt 0.223403 0.359403
vt 0.230380 0.370249
vt 0.228712 0.360106
vt 0.234390 0.362238
vt 0.246402 0.331070
vt 0.242403 0.330674
vt 0.266739 0.371513
vt 0.267983 0.373575
vt 0.349807 0.013824
vt 0.346522 0.021000
vt 0.368119 0.009936
vt 0.363949 0.008370
vt 0.343689 0.016793
vt 0.336758 0.023659
vt 0.332470 0.007812
vt 0.318025 0.023492
vt 0.318817 0.007898
vt 0.317210 0.009520
vt 0.318264 0.024608
vt 0.527073 0.021179
vt 0.527287 0.024364
vt 0.508549 0.023175
vt 0.510421 0.018496
vt 0.499545 0.021984
vt 0.492568 0.011138
vt 0.494236 0.021282
vt 0.488559 0.019150
vt 0.476547 0.050317
vt 0.480546 0.050714
vt 0.456209 0.009875
vt 0.454966 0.007812
vt 0.905851 0.017611
vt 0.911418 0.021195
vt 0.910918 0.007812
vt 0.901713 0.042398
vt 0.911143 0.037974
vt 0.899254 0.050723
vt 0.905320 0.069107
vt 0.911143 0.056153
vt 0.911054 0.093646
vt 0.911143 0.074333
vt 0.916018 0.015178
vt 0.919520 0.042231
vt 0.920705 0.056472
vt 0.916185 0.068604
vt 0.921718 0.033640
vt 0.899172 0.034997
vt 0.147778 0.787101
vt 0.157235 0.788967
vt 0.156693 0.785486
vt 0.166692 0.790833
vt 0.186190 0.787446
vt 0.165663 0.783887
vt 0.184261 0.777922
vt 0.186036 0.795963
vt 0.206793 0.802279
vt 0.203151 0.787669
vt 0.208848 0.772117
vt 0.221100 0.788268
vt 0.230379 0.796988
vt 0.235842 0.794537
vt 0.240494 0.786973
vt 0.232652 0.779457
vt 0.477393 0.741240
vt 0.475541 0.750623
vt 0.478995 0.750085
vt 0.473689 0.760007
vt 0.477050 0.779353
vt 0.480581 0.758986
vt 0.486500 0.777440
vt 0.468599 0.779200
vt 0.462332 0.799797
vt 0.476829 0.796183
vt 0.492260 0.801836
vt 0.476234 0.813992
vt 0.467582 0.823200
vt 0.470014 0.828620
vt 0.477519 0.833236
vt 0.484977 0.825455
vt 0.848323 0.694838
vt 0.846514 0.704005
vt 0.849889 0.703480
vt 0.844705 0.713173
vt 0.847988 0.732075
vt 0.851439 0.712180
vt 0.857221 0.730205
vt 0.839732 0.731925
vt 0.833610 0.752048
vt 0.847773 0.748517
vt 0.862849 0.754040
vt 0.847191 0.765917
vt 0.838738 0.774912
vt 0.841115 0.780208
vt 0.848447 0.784718
vt 0.855733 0.777116
vt 0.910852 0.764714
vt 0.916288 0.768214
vt 0.915800 0.755145
vt 0.906811 0.788921
vt 0.916020 0.784600
vt 0.904408 0.797052
vt 0.910333 0.815005
vt 0.916020 0.802355
vt 0.915932 0.838970
vt 0.916020 0.820109
vt 0.920781 0.762338
vt 0.924201 0.788758
vt 0.925358 0.802666
vt 0.920943 0.814514
vt 0.926347 0.780368
vt 0.904329 0.781693
vt 0.555516 0.761344
vt 0.561958 0.765492
vt 0.561380 0.750003
vt 0.550726 0.790034
vt 0.561641 0.784913
vt 0.547879 0.799670
vt 0.554901 0.820949
vt 0.561641 0.805956
vt 0.561537 0.849351
vt 0.561641 0.826998
vt 0.567284 0.758528
vt 0.571337 0.789841
vt 0.572708 0.806325
vt 0.567476 0.820367
vt 0.573880 0.779897
vt 0.547785 0.781468
vt 0.376888 0.790553
vt 0.368246 0.792118
vt 0.367720 0.788744
vt 0.358552 0.786935
vt 0.359545 0.793669
vt 0.339651 0.790218
vt 0.341520 0.799451
vt 0.339800 0.781962
vt 0.323208 0.790003
vt 0.319677 0.775839
vt 0.317685 0.805079
vt 0.305808 0.789421
vt 0.296813 0.780968
vt 0.287007 0.790677
vt 0.291517 0.783345
vt 0.294609 0.797963
vt 0.438483 0.658695
vt 0.421535 0.665888
vt 0.438477 0.663442
vt 0.398920 0.660830
vt 0.402678 0.680644
vt 0.369657 0.661283
vt 0.370048 0.677903
vt 0.389563 0.682220
vt 0.351833 0.657091
vt 0.353255 0.666578
vt 0.455070 0.661013
vt 0.421760 0.655646
vt 0.373710 0.641833
vt 0.395567 0.638933
vt 0.407515 0.644341
vt 0.705746 0.127900
vt 0.710777 0.127906
vt 0.713369 0.145860
vt 0.690536 0.160717
vt 0.702626 0.145668
vt 0.689666 0.200028
vt 0.730676 0.179740
vt 0.725050 0.202232
vt 0.704036 0.219710
vt 0.712944 0.218324
vt 0.729006 0.165843
vt 0.710279 0.110322
vt 0.684804 0.173378
vt 0.706126 0.110325
vt 0.966209 0.094505
vt 0.970863 0.097960
vt 0.972773 0.029697
vt 0.970192 0.029727
vt 0.971447 0.147225
vt 0.966364 0.149141
vt 0.971654 0.156766
vt 0.940661 0.732144
vt 0.941641 0.688198
vt 0.944550 0.688252
vt 0.943198 0.732114
vt 0.939130 0.796777
vt 0.943659 0.797728
vt 0.943847 0.850889
vt 0.939149 0.850170
vt 0.939882 0.856977
vt 0.549356 0.275925
vt 0.543165 0.276003
vt 0.540576 0.262121
vt 0.546288 0.218083
vt 0.523129 0.239826
vt 0.521265 0.224320
vt 0.526111 0.202413
vt 0.550981 0.179705
vt 0.538959 0.181786
vt 0.543962 0.294827
vt 0.552608 0.262521
vt 0.548687 0.294976
vt 0.546808 0.329223
vt 0.567758 0.203339
vt 0.573322 0.236659
vt 0.523772 0.410842
vt 0.532556 0.436926
vt 0.529161 0.410934
vt 0.526486 0.484293
vt 0.550675 0.461584
vt 0.544948 0.503805
vt 0.552621 0.477779
vt 0.531933 0.522781
vt 0.528196 0.368402
vt 0.523690 0.368030
vt 0.519932 0.437383
vt 0.521577 0.524357
vt 0.504116 0.500010
vt 0.499165 0.470365
vt 0.505845 0.455611
vt 0.503783 0.803218
vt 0.506317 0.800430
vt 0.508011 0.816590
vt 0.505105 0.838992
vt 0.516886 0.827932
vt 0.517834 0.835820
vt 0.515146 0.847973
vt 0.507782 0.857748
vt 0.503743 0.782367
vt 0.505938 0.782548
vt 0.501930 0.816494
vt 0.502714 0.858505
vt 0.494128 0.846155
vt 0.491799 0.832208
vt 0.495052 0.825023
vt 0.346646 0.439526
vt 0.351802 0.439614
vt 0.355050 0.464481
vt 0.349242 0.509799
vt 0.372384 0.488073
vt 0.374246 0.503567
vt 0.370034 0.522607
vt 0.354432 0.546686
vt 0.363871 0.534424
vt 0.346567 0.398566
vt 0.350878 0.398922
vt 0.342972 0.464919
vt 0.344546 0.548130
vt 0.333770 0.532368
vt 0.326898 0.519194
vt 0.323103 0.496474
vt 0.329494 0.482358
vt 0.553464 0.126746
vt 0.548174 0.126720
vt 0.545416 0.108099
vt 0.550818 0.066461
vt 0.528920 0.087019
vt 0.527159 0.072358
vt 0.531349 0.054317
vt 0.543426 0.031581
vt 0.552961 0.145983
vt 0.548753 0.145828
vt 0.556719 0.108279
vt 0.551309 0.171543
vt 0.571960 0.057572
vt 0.556984 0.030557
vt 0.576231 0.083147
vt 0.934685 0.849486
vt 0.934532 0.795810
vt 0.938446 0.732170
vt 0.939075 0.688151
vt 0.975689 0.150569
vt 0.975299 0.092441
vt 0.975029 0.029671
vt 0.143794 0.056428
vt 0.127638 0.065326
vt 0.113155 0.061613
vt 0.148523 0.066416
vt 0.163470 0.061782
vt 0.347417 0.934903
vt 0.327605 0.945814
vt 0.309844 0.941261
vt 0.353217 0.947152
vt 0.371547 0.941468
vt 0.719431 0.930213
vt 0.699618 0.941124
vt 0.681857 0.936571
vt 0.725230 0.942462
vt 0.743560 0.936778
vt 0.480069 0.929263
vt 0.504916 0.915580
vt 0.527190 0.921290
vt 0.472797 0.913902
vt 0.449809 0.921030
vt 0.656466 0.873055
vt 0.628292 0.888571
vt 0.603035 0.882096
vt 0.664713 0.890473
vt 0.690779 0.882390
vt 0.486279 0.875633
vt 0.458114 0.891144
vt 0.432866 0.884671
vt 0.494523 0.893045
vt 0.520580 0.884965
vt 0.029033 0.826401
vt 0.010129 0.792076
vt 0.018018 0.761306
vt 0.007812 0.836449
vt 0.017659 0.868205
vt 0.828453 0.124150
vt 0.836489 0.171645
vt 0.842245 0.149194
vt 0.843936 0.116820
vt 0.836751 0.093650
vt 0.575841 0.944183
vt 0.563973 0.922633
vt 0.568926 0.903315
vt 0.562518 0.950490
vt 0.568700 0.970428
vt 0.162747 0.026630
vt 0.193185 0.009867
vt 0.220471 0.016862
vt 0.153838 0.007812
vt 0.125678 0.016544
vt 0.160519 0.912292
vt 0.135544 0.926046
vt 0.113155 0.920307
vt 0.167829 0.927732
vt 0.190935 0.920568
vt 0.438915 0.897368
vt 0.412418 0.911960
vt 0.388666 0.905871
vt 0.446670 0.913749
vt 0.471183 0.906148
vt 0.528382 0.894391
vt 0.501711 0.909079
vt 0.477802 0.902950
vt 0.536188 0.910880
vt 0.560863 0.903229
vt 0.764353 0.934646
vt 0.784911 0.923325
vt 0.803339 0.928050
vt 0.758336 0.921937
vt 0.739317 0.927835
vt 0.875715 0.889900
vt 0.861831 0.864689
vt 0.867625 0.842090
vt 0.860129 0.897279
vt 0.867361 0.920602
vt 0.023398 0.926834
vt 0.009514 0.901624
vt 0.015308 0.879024
vt 0.007812 0.934214
vt 0.015044 0.957537
vt 0.919455 0.159584
vt 0.902043 0.127968
vt 0.909309 0.099626
vt 0.899909 0.168838
vt 0.908979 0.198088
vt 0.099356 0.814834
vt 0.135206 0.795091
vt 0.167344 0.803330
vt 0.088863 0.792671
vt 0.055695 0.802956
vt 0.735089 0.783666
vt 0.699251 0.803402
vt 0.667124 0.795166
vt 0.745578 0.805821
vt 0.778734 0.795541
vt 0.768047 0.367798
vt 0.792100 0.411475
vt 0.782062 0.450628
vt 0.795048 0.355014
vt 0.782519 0.314606
vt 0.651682 0.821191
vt 0.591248 0.831417
vt 0.619815 0.838741
vt 0.661009 0.840892
vt 0.690492 0.831750
vt 0.173260 0.888187
vt 0.145839 0.903288
vt 0.121258 0.896986
vt 0.181286 0.905138
vt 0.206655 0.897272
vt 0.845766 0.673966
vt 0.824437 0.635236
vt 0.833338 0.600517
vt 0.821823 0.685303
vt 0.832933 0.721134
vt 0.339907 0.838316
vt 0.308128 0.855817
vt 0.279640 0.848513
vt 0.349209 0.857962
vt 0.378610 0.848846
vt 0.716287 0.830972
vt 0.750001 0.812405
vt 0.780224 0.820153
vt 0.706419 0.810129
vt 0.675227 0.819801
vt 0.330002 0.811349
vt 0.296066 0.830038
vt 0.265644 0.822239
vt 0.339936 0.832329
vt 0.371332 0.822594
vt 0.500592 0.077115
vt 0.492103 0.061700
vt 0.495646 0.047880
vt 0.491062 0.081627
vt 0.495484 0.095889
vt 0.219871 0.475512
vt 0.209460 0.456608
vt 0.213805 0.439661
vt 0.208184 0.481046
vt 0.213607 0.498536
vt 0.219421 0.387925
vt 0.238326 0.377514
vt 0.255273 0.381859
vt 0.213888 0.376238
vt 0.196398 0.381661
vt 0.920560 0.912098
vt 0.896852 0.925155
vt 0.875599 0.919706
vt 0.927500 0.926755
vt 0.949433 0.919954
vt 0.097101 0.898287
vt 0.070218 0.913092
vt 0.046119 0.906914
vt 0.104970 0.914907
vt 0.129842 0.907195
vt 0.704092 0.890888
vt 0.677219 0.905688
vt 0.653128 0.899512
vt 0.711959 0.907502
vt 0.736821 0.899793
vt 0.251143 0.826071
vt 0.218391 0.844108
vt 0.189031 0.836581
vt 0.260730 0.846319
vt 0.291031 0.836924
vt 0.434379 0.443170
vt 0.426711 0.397852
vt 0.421219 0.419273
vt 0.419606 0.450164
vt 0.426461 0.472272
vt 0.709846 0.780452
vt 0.730408 0.769128
vt 0.748841 0.773854
vt 0.703827 0.767740
vt 0.684804 0.773639
vt 0.255159 0.878242
vt 0.226116 0.894236
vt 0.200081 0.887562
vt 0.263659 0.896197
vt 0.290529 0.887865
vt 0.344466 0.633610
vt 0.331342 0.609779
vt 0.336819 0.588417
vt 0.329733 0.640585
vt 0.336569 0.662632
vt 0.779159 0.901449
vt 0.753877 0.915372
vt 0.731214 0.909561
vt 0.786559 0.917078
vt 0.809949 0.909826
vt 0.234345 0.903214
vt 0.208897 0.917229
vt 0.186085 0.911380
vt 0.241794 0.918947
vt 0.265338 0.911647
vt 0.956002 0.521922
vt 0.956174 0.472319
vt 0.953044 0.455014
vt 0.953621 0.522062
vt 0.955742 0.437594
vt 0.955958 0.402872
vt 0.953248 0.385304
vt 0.955805 0.368148
vt 0.956372 0.333421
vt 0.953430 0.315975
vt 0.955611 0.298697
vt 0.955022 0.267783
vt 0.953259 0.267827
vt 0.950002 0.472388
vt 0.951458 0.521948
vt 0.950752 0.437747
vt 0.951031 0.402394
vt 0.950645 0.367838
vt 0.951080 0.333151
vt 0.951089 0.298647
vt 0.951645 0.267867
vt 0.987146 0.458072
vt 0.987002 0.499752
vt 0.989631 0.514292
vt 0.989147 0.457954
vt 0.987173 0.513508
vt 0.987364 0.528929
vt 0.987183 0.558104
vt 0.989460 0.572866
vt 0.987240 0.571087
vt 0.987312 0.587282
vt 0.986835 0.616461
vt 0.989307 0.631120
vt 0.987101 0.628577
vt 0.987474 0.645638
vt 0.987701 0.657521
vt 0.987970 0.671613
vt 0.989451 0.671577
vt 0.989404 0.658380
vt 0.992188 0.499694
vt 0.990964 0.458050
vt 0.991557 0.528800
vt 0.991906 0.512677
vt 0.991323 0.558506
vt 0.991647 0.587542
vt 0.991470 0.571643
vt 0.991282 0.616688
vt 0.991274 0.645680
vt 0.991278 0.629967
vt 0.990807 0.671543
vt 0.991051 0.658035
vt 0.303663 0.469764
vt 0.300254 0.466851
vt 0.320962 0.444937
vt 0.281077 0.494732
vt 0.277828 0.491865
vt 0.260776 0.512623
vt 0.259751 0.511598
vt 0.342524 0.378006
vt 0.337548 0.377138
vt 0.346028 0.357540
vt 0.317045 0.438270
vt 0.336507 0.407379
vt 0.329817 0.405655
vt 0.342649 0.356447
vt 0.482222 0.434445
vt 0.499923 0.409039
vt 0.478732 0.431464
vt 0.459109 0.459994
vt 0.455784 0.457061
vt 0.438335 0.478302
vt 0.437286 0.477253
vt 0.521988 0.340550
vt 0.525573 0.319607
vt 0.516895 0.339662
vt 0.495915 0.402218
vt 0.515831 0.370607
vt 0.508984 0.368842
vt 0.522115 0.318488
vt 0.979484 0.487845
vt 0.977431 0.487966
vt 0.976934 0.430170
vt 0.979632 0.445087
vt 0.979457 0.430974
vt 0.979260 0.415154
vt 0.977110 0.370079
vt 0.979446 0.385223
vt 0.979387 0.371904
vt 0.979314 0.355290
vt 0.977267 0.310317
vt 0.979803 0.325355
vt 0.979531 0.312926
vt 0.979147 0.295423
vt 0.978915 0.283232
vt 0.977167 0.282351
vt 0.977119 0.268813
vt 0.978639 0.268775
vt 0.975567 0.487868
vt 0.974312 0.445146
vt 0.974600 0.431827
vt 0.974959 0.415286
vt 0.975199 0.384811
vt 0.975048 0.371334
vt 0.974866 0.355024
vt 0.975241 0.325122
vt 0.975245 0.311499
vt 0.975249 0.295380
vt 0.975478 0.282705
vt 0.975728 0.268847
vt 0.886358 0.039081
vt 0.887300 0.007813
vt 0.889621 0.054800
vt 0.885751 0.070522
vt 0.885324 0.101949
vt 0.889802 0.101950
vt 0.885176 0.133383
vt 0.889888 0.149100
vt 0.885582 0.164815
vt 0.886011 0.196233
vt 0.890317 0.211941
vt 0.887656 0.227587
vt 0.888524 0.255601
vt 0.889927 0.255699
vt 0.892002 0.007863
vt 0.892413 0.039081
vt 0.892841 0.070515
vt 0.893575 0.101950
vt 0.893890 0.133384
vt 0.893484 0.164817
vt 0.892881 0.196246
vt 0.893622 0.227688
vt 0.891109 0.255781
vt 0.968471 0.775988
vt 0.963702 0.775913
vt 0.965540 0.709688
vt 0.968641 0.726835
vt 0.968213 0.692426
vt 0.965742 0.640611
vt 0.968427 0.658019
vt 0.968275 0.623610
vt 0.965922 0.571911
vt 0.968837 0.589198
vt 0.968084 0.554789
vt 0.965753 0.524200
vt 0.967500 0.524156
vt 0.962525 0.726903
vt 0.963269 0.692577
vt 0.963545 0.657545
vt 0.963162 0.623303
vt 0.963593 0.588930
vt 0.963602 0.554740
vt 0.964153 0.524239
vt 0.184491 0.057892
vt 0.181048 0.061922
vt 0.155143 0.037443
vt 0.214006 0.084592
vt 0.210617 0.088432
vt 0.235156 0.108590
vt 0.233944 0.109801
vt 0.076024 0.011954
vt 0.074998 0.017837
vt 0.051832 0.007812
vt 0.147263 0.042073
vt 0.110746 0.019067
vt 0.108708 0.026976
vt 0.050539 0.011807
vt 0.962892 0.266086
vt 0.965254 0.265946
vt 0.965826 0.332452
vt 0.962722 0.315288
vt 0.962924 0.331528
vt 0.963150 0.349732
vt 0.965624 0.401599
vt 0.962936 0.384173
vt 0.963003 0.399499
vt 0.963088 0.418617
vt 0.965444 0.470368
vt 0.962525 0.453063
vt 0.962839 0.467366
vt 0.963280 0.487507
vt 0.963547 0.501534
vt 0.965558 0.502548
vt 0.965613 0.518127
vt 0.963865 0.518170
vt 0.967400 0.266059
vt 0.968844 0.315219
vt 0.968512 0.330546
vt 0.968100 0.349580
vt 0.967823 0.384647
vt 0.967996 0.400155
vt 0.968206 0.418924
vt 0.967775 0.453331
vt 0.967771 0.469007
vt 0.967766 0.487556
vt 0.967502 0.502140
vt 0.967214 0.518087
vt 0.851982 0.568077
vt 0.850563 0.620825
vt 0.847978 0.568078
vt 0.852802 0.515149
vt 0.847775 0.515148
vt 0.852969 0.479862
vt 0.847679 0.462218
vt 0.852513 0.444577
vt 0.852031 0.409307
vt 0.847197 0.391674
vt 0.850184 0.374110
vt 0.849210 0.342662
vt 0.847635 0.342552
vt 0.845306 0.620769
vt 0.844604 0.568080
vt 0.843540 0.515148
vt 0.843186 0.479860
vt 0.843642 0.444575
vt 0.844319 0.409292
vt 0.843488 0.373996
vt 0.846309 0.342460
vt 0.906005 0.699459
vt 0.899650 0.699311
vt 0.900264 0.744812
vt 0.904788 0.744861
vt 0.906711 0.653912
vt 0.902385 0.653911
vt 0.906854 0.623546
vt 0.902302 0.608363
vt 0.906462 0.593182
vt 0.906047 0.562830
vt 0.901888 0.547656
vt 0.904458 0.532541
vt 0.903620 0.505479
vt 0.902264 0.505385
vt 0.898740 0.653911
vt 0.898436 0.623545
vt 0.898828 0.593180
vt 0.899411 0.562817
vt 0.898695 0.532443
vt 0.901123 0.505305
vt 0.877199 0.801953
vt 0.876154 0.836132
vt 0.873375 0.836096
vt 0.873634 0.784777
vt 0.877863 0.767597
vt 0.878330 0.733255
vt 0.873436 0.733255
vt 0.878491 0.698906
vt 0.873342 0.681733
vt 0.878048 0.664560
vt 0.877578 0.630229
vt 0.872874 0.613064
vt 0.875781 0.595968
vt 0.874833 0.565356
vt 0.873300 0.565249
vt 0.871033 0.836066
vt 0.870584 0.801953
vt 0.870116 0.767604
vt 0.869314 0.733254
vt 0.868969 0.698905
vt 0.869413 0.664558
vt 0.870072 0.630214
vt 0.869263 0.595857
vt 0.872009 0.565159
vt 0.480747 0.165323
vt 0.484245 0.168311
vt 0.463001 0.190793
vt 0.503919 0.139709
vt 0.507252 0.142650
vt 0.524745 0.121354
vt 0.525797 0.122406
vt 0.440880 0.259457
vt 0.445985 0.260347
vt 0.437286 0.280452
vt 0.467019 0.197632
vt 0.447053 0.229323
vt 0.453917 0.231092
vt 0.440753 0.281574
vt 0.921057 0.471144
vt 0.918512 0.471294
vt 0.917895 0.399605
vt 0.921241 0.418108
vt 0.920780 0.380980
vt 0.918113 0.325070
vt 0.921011 0.343854
vt 0.920847 0.306726
vt 0.918307 0.250942
vt 0.921453 0.269595
vt 0.920640 0.232467
vt 0.918125 0.199461
vt 0.920010 0.199414
vt 0.916199 0.471173
vt 0.914642 0.418181
vt 0.915444 0.381143
vt 0.915742 0.343343
vt 0.915330 0.306395
vt 0.915795 0.269306
vt 0.915804 0.232414
vt 0.916399 0.199504
vt 0.271940 0.482550
vt 0.269049 0.480080
vt 0.286609 0.461498
vt 0.252788 0.503722
vt 0.250033 0.501291
vt 0.235573 0.518893
vt 0.234704 0.518023
vt 0.304892 0.404744
vt 0.300673 0.404008
vt 0.307863 0.387390
vt 0.283287 0.455845
vt 0.299790 0.429651
vt 0.294117 0.428189
vt 0.304998 0.386463
vt 0.975368 0.494074
vt 0.977420 0.493953
vt 0.977917 0.551749
vt 0.975219 0.536832
vt 0.975395 0.550945
vt 0.975592 0.566765
vt 0.977741 0.611840
vt 0.975405 0.596696
vt 0.975464 0.610015
vt 0.975537 0.626629
vt 0.977585 0.671602
vt 0.975049 0.656564
vt 0.975321 0.668994
vt 0.975704 0.686497
vt 0.975937 0.698687
vt 0.977684 0.699568
vt 0.977732 0.713107
vt 0.976212 0.713144
vt 0.979285 0.494051
vt 0.980540 0.536773
vt 0.980251 0.550092
vt 0.979893 0.566633
vt 0.979653 0.597108
vt 0.979803 0.610585
vt 0.979985 0.626896
vt 0.979610 0.656797
vt 0.979607 0.670420
vt 0.979603 0.686539
vt 0.979374 0.699214
vt 0.979123 0.713072
vt 0.249802 0.487558
vt 0.246685 0.484895
vt 0.265617 0.464861
vt 0.229154 0.510383
vt 0.226184 0.507762
vt 0.210595 0.526739
vt 0.209658 0.525802
vt 0.285328 0.403674
vt 0.280779 0.402881
vt 0.288531 0.384965
vt 0.262035 0.458767
vt 0.279828 0.430527
vt 0.273711 0.428950
vt 0.285442 0.383965
vt 0.951106 0.528188
vt 0.953469 0.528049
vt 0.954042 0.594598
vt 0.950935 0.577422
vt 0.951364 0.611889
vt 0.953839 0.663790
vt 0.951149 0.646352
vt 0.951302 0.680819
vt 0.953659 0.732603
vt 0.950739 0.715287
vt 0.951494 0.749753
vt 0.953829 0.780393
vt 0.952079 0.780437
vt 0.955616 0.528162
vt 0.957061 0.577354
vt 0.956317 0.611737
vt 0.956040 0.646827
vt 0.956423 0.681126
vt 0.955991 0.715556
vt 0.955983 0.749803
vt 0.955431 0.780354
vt 0.046994 0.450358
vt 0.049656 0.447240
vt 0.069690 0.466172
vt 0.024168 0.429709
vt 0.026789 0.426739
vt 0.007812 0.411150
vt 0.008750 0.410213
vt 0.130878 0.485884
vt 0.131671 0.481334
vt 0.149587 0.489087
vt 0.075785 0.462591
vt 0.104025 0.480383
vt 0.105602 0.474267
vt 0.150587 0.485997
vt 0.931997 0.729947
vt 0.929495 0.730095
vt 0.928889 0.659644
vt 0.932177 0.677827
vt 0.931963 0.660624
vt 0.931837 0.623098
vt 0.929103 0.586396
vt 0.931879 0.588620
vt 0.931790 0.568369
vt 0.929294 0.513549
vt 0.932385 0.531880
vt 0.932054 0.516729
vt 0.931586 0.495393
vt 0.931303 0.480534
vt 0.929173 0.479460
vt 0.929114 0.462957
vt 0.930967 0.462911
vt 0.927222 0.729975
vt 0.925692 0.677899
vt 0.926044 0.661663
vt 0.926481 0.641501
vt 0.926773 0.604353
vt 0.926590 0.587926
vt 0.926368 0.568044
vt 0.926825 0.531596
vt 0.926829 0.514990
vt 0.926834 0.495341
vt 0.927113 0.479892
vt 0.927419 0.462999
vt 0.069545 0.095967
vt 0.105304 0.120883
vt 0.073739 0.091056
vt 0.033582 0.063434
vt 0.037711 0.058755
vt 0.007812 0.034194
vt 0.009289 0.032717
vt 0.201707 0.151940
vt 0.231184 0.156986
vt 0.202956 0.144772
vt 0.114906 0.115241
vt 0.159400 0.143273
vt 0.161883 0.133637
vt 0.232759 0.152119
vt 0.888583 0.595990
vt 0.885582 0.596167
vt 0.884855 0.511644
vt 0.888528 0.511572
vt 0.885112 0.423766
vt 0.888528 0.445913
vt 0.888335 0.402138
vt 0.885341 0.336368
vt 0.889050 0.358361
vt 0.888091 0.314586
vt 0.885125 0.275671
vt 0.887348 0.275616
vt 0.882855 0.596023
vt 0.881493 0.511711
vt 0.882317 0.445310
vt 0.881830 0.401748
vt 0.882379 0.358020
vt 0.882390 0.314524
vt 0.883091 0.275722
vt 0.075601 0.077267
vt 0.114868 0.104627
vt 0.080207 0.071874
vt 0.036110 0.041543
vt 0.040644 0.036404
vt 0.007812 0.009434
vt 0.009434 0.007812
vt 0.220728 0.138730
vt 0.253097 0.144272
vt 0.222100 0.130860
vt 0.125411 0.098431
vt 0.174270 0.129214
vt 0.176997 0.118632
vt 0.254826 0.138927
vt 0.938595 0.274608
vt 0.941035 0.274464
vt 0.941626 0.343188
vt 0.938419 0.325451
vt 0.938861 0.361044
vt 0.941417 0.414641
vt 0.938640 0.396634
vt 0.938797 0.432226
vt 0.941231 0.485703
vt 0.938215 0.467822
vt 0.938995 0.503414
vt 0.941406 0.535055
vt 0.939599 0.535100
vt 0.943252 0.274581
vt 0.944745 0.325381
vt 0.943976 0.360887
vt 0.943690 0.397124
vt 0.944086 0.432543
vt 0.943640 0.468098
vt 0.943631 0.503465
vt 0.943061 0.535014
vt 0.941467 0.035364
vt 0.944341 0.049210
vt 0.944550 0.007842
vt 0.942309 0.007812
vt 0.940932 0.063059
vt 0.940556 0.090742
vt 0.944501 0.090743
vt 0.940425 0.118431
vt 0.944576 0.132275
vt 0.940783 0.146117
vt 0.941161 0.173792
vt 0.944954 0.187629
vt 0.942610 0.201410
vt 0.943374 0.226086
vt 0.944610 0.226173
vt 0.946800 0.035364
vt 0.946438 0.007866
vt 0.947177 0.063054
vt 0.947824 0.090743
vt 0.948101 0.118432
vt 0.947743 0.146119
vt 0.947212 0.173804
vt 0.947865 0.201500
vt 0.945651 0.226245
vt 0.485383 0.266443
vt 0.482049 0.263595
vt 0.502299 0.242166
vt 0.463297 0.290859
vt 0.460120 0.288055
vt 0.443445 0.308354
vt 0.442443 0.307351
vt 0.523383 0.176718
vt 0.518517 0.175869
vt 0.526809 0.156705
vt 0.498468 0.235647
vt 0.517500 0.205440
vt 0.510957 0.203754
vt 0.523505 0.155636
vt 0.991266 0.451847
vt 0.989215 0.451968
vt 0.988719 0.394222
vt 0.991414 0.409125
vt 0.991239 0.395025
vt 0.991042 0.379218
vt 0.988894 0.334183
vt 0.991228 0.349314
vt 0.991170 0.336006
vt 0.991096 0.319407
vt 0.989051 0.274472
vt 0.991585 0.289498
vt 0.991313 0.277079
vt 0.990929 0.259591
vt 0.990697 0.247411
vt 0.988951 0.246531
vt 0.988903 0.233004
vt 0.990422 0.232967
vt 0.987352 0.451869
vt 0.986098 0.409185
vt 0.986387 0.395877
vt 0.986745 0.379350
vt 0.986984 0.348902
vt 0.986834 0.335436
vt 0.986652 0.319140
vt 0.987027 0.289265
vt 0.987030 0.275654
vt 0.987034 0.259548
vt 0.987263 0.246885
vt 0.987513 0.233039
vt 0.870997 0.041962
vt 0.872041 0.007812
vt 0.874818 0.007848
vt 0.874560 0.059123
vt 0.870333 0.076288
vt 0.869868 0.110600
vt 0.874757 0.110601
vt 0.869706 0.144919
vt 0.874851 0.162078
vt 0.870149 0.179235
vt 0.870618 0.213537
vt 0.875319 0.230687
vt 0.872414 0.247768
vt 0.873361 0.278353
vt 0.874893 0.278460
vt 0.877158 0.007879
vt 0.877607 0.041962
vt 0.878074 0.076281
vt 0.878876 0.110601
vt 0.879220 0.144920
vt 0.878776 0.179237
vt 0.878118 0.213551
vt 0.878927 0.247879
vt 0.876183 0.278550
vt 0.975368 0.719252
vt 0.977420 0.719131
vt 0.977917 0.776927
vt 0.975219 0.762010
vt 0.975395 0.776123
vt 0.975592 0.791943
vt 0.977741 0.837018
vt 0.975405 0.821874
vt 0.975464 0.835193
vt 0.975537 0.851807
vt 0.977585 0.896780
vt 0.975049 0.881742
vt 0.975321 0.894171
vt 0.975704 0.911674
vt 0.975937 0.923865
vt 0.977684 0.924746
vt 0.977732 0.938284
vt 0.976212 0.938322
vt 0.979285 0.719229
vt 0.980540 0.761951
vt 0.980251 0.775270
vt 0.979893 0.791811
vt 0.979653 0.822286
vt 0.979803 0.835763
vt 0.979985 0.852073
vt 0.979610 0.881975
vt 0.979607 0.895598
vt 0.979603 0.911717
vt 0.979374 0.924392
vt 0.979123 0.938250
vt 0.885318 0.649160
vt 0.886578 0.602153
vt 0.889123 0.602186
vt 0.888886 0.649158
vt 0.884587 0.696315
vt 0.889066 0.696316
vt 0.884439 0.727754
vt 0.889152 0.743473
vt 0.884845 0.759190
vt 0.885275 0.790614
vt 0.889581 0.806324
vt 0.886920 0.821972
vt 0.887788 0.849990
vt 0.889191 0.850088
vt 0.891266 0.602214
vt 0.891891 0.649157
vt 0.892840 0.696316
vt 0.893155 0.727755
vt 0.892748 0.759192
vt 0.892145 0.790627
vt 0.892886 0.822074
vt 0.890373 0.850170
vt 0.928282 0.007956
vt 0.930725 0.007812
vt 0.931316 0.076596
vt 0.928105 0.058844
vt 0.928549 0.094468
vt 0.931107 0.148111
vt 0.928327 0.130088
vt 0.928484 0.165712
vt 0.930921 0.219236
vt 0.927902 0.201338
vt 0.928683 0.236962
vt 0.931096 0.268631
vt 0.929287 0.268675
vt 0.932944 0.007929
vt 0.934437 0.058773
vt 0.933667 0.094311
vt 0.933382 0.130579
vt 0.933777 0.166030
vt 0.933331 0.201616
vt 0.933322 0.237013
vt 0.932752 0.268590
vt 0.058477 0.113314
vt 0.061920 0.109283
vt 0.087825 0.133763
vt 0.028962 0.086614
vt 0.032351 0.082774
vt 0.007812 0.062616
vt 0.009025 0.061404
vt 0.166944 0.159251
vt 0.167970 0.153369
vt 0.191136 0.163393
vt 0.095705 0.129132
vt 0.132222 0.152139
vt 0.134260 0.144230
vt 0.192429 0.159398
vt 0.954789 0.007952
vt 0.957151 0.007812
vt 0.957723 0.074318
vt 0.954619 0.057154
vt 0.954821 0.073394
vt 0.955047 0.091598
vt 0.957520 0.143465
vt 0.954832 0.126039
vt 0.954900 0.141366
vt 0.954985 0.160483
vt 0.957341 0.212234
vt 0.954422 0.194929
vt 0.954735 0.209232
vt 0.955177 0.229373
vt 0.955444 0.243400
vt 0.957455 0.244414
vt 0.957510 0.259993
vt 0.955761 0.260036
vt 0.959296 0.007925
vt 0.960741 0.057086
vt 0.960409 0.072412
vt 0.959996 0.091446
vt 0.959720 0.126514
vt 0.959893 0.142021
vt 0.960103 0.160790
vt 0.959671 0.195197
vt 0.959667 0.210873
vt 0.959662 0.229422
vt 0.959399 0.244007
vt 0.959111 0.259953
vt 0.853663 0.111984
vt 0.854649 0.060697
vt 0.858619 0.111984
vt 0.853499 0.146768
vt 0.858714 0.164160
vt 0.853949 0.181551
vt 0.854424 0.216318
vt 0.859188 0.233701
vt 0.856244 0.251014
vt 0.857204 0.282015
vt 0.858757 0.282123
vt 0.855871 0.007813
vt 0.861053 0.007867
vt 0.861745 0.059806
vt 0.862794 0.111985
vt 0.863142 0.146770
vt 0.862693 0.181553
vt 0.862026 0.216333
vt 0.862845 0.251127
vt 0.860065 0.282214
vt 0.082351 0.060031
vt 0.085814 0.055976
vt 0.111873 0.080601
vt 0.052661 0.033172
vt 0.056070 0.029309
vt 0.031386 0.009031
vt 0.032605 0.007812
vt 0.191463 0.106241
vt 0.192495 0.100324
vt 0.215799 0.110407
vt 0.119801 0.075943
vt 0.156534 0.099086
vt 0.158585 0.091130
vt 0.217099 0.106389
vt 0.902882 0.468618
vt 0.899679 0.453190
vt 0.899446 0.499286
vt 0.901943 0.499319
vt 0.903478 0.437758
vt 0.903897 0.406911
vt 0.899501 0.406910
vt 0.904042 0.376058
vt 0.899417 0.360632
vt 0.903644 0.345207
vt 0.903222 0.314369
vt 0.898996 0.298951
vt 0.901608 0.283595
vt 0.900756 0.256098
vt 0.899379 0.256002
vt 0.896939 0.468618
vt 0.897343 0.499259
vt 0.896519 0.437764
vt 0.895798 0.406910
vt 0.895489 0.376057
vt 0.895888 0.345205
vt 0.896480 0.314356
vt 0.895753 0.283495
vt 0.898219 0.255922
vt 0.867623 0.524994
vt 0.866578 0.559173
vt 0.863798 0.559137
vt 0.864057 0.507818
vt 0.868287 0.490638
vt 0.868753 0.456296
vt 0.863860 0.456295
vt 0.868915 0.421947
vt 0.863766 0.404773
vt 0.868471 0.387601
vt 0.868002 0.353270
vt 0.863297 0.336105
vt 0.866204 0.319009
vt 0.865257 0.288397
vt 0.863724 0.288290
vt 0.861456 0.559107
vt 0.861007 0.524994
vt 0.860539 0.490645
vt 0.859737 0.456295
vt 0.859393 0.421946
vt 0.859837 0.387599
vt 0.860496 0.353255
vt 0.859686 0.318898
vt 0.862432 0.288200
vt 0.482336 0.375389
vt 0.478838 0.372401
vt 0.500082 0.349919
vt 0.459164 0.401003
vt 0.455831 0.398062
vt 0.438338 0.419358
vt 0.437286 0.418306
vt 0.522203 0.281255
vt 0.517098 0.280365
vt 0.525797 0.260260
vt 0.496064 0.343080
vt 0.516030 0.311389
vt 0.509166 0.309620
vt 0.522330 0.259138
vt 0.913565 0.477431
vt 0.916111 0.477281
vt 0.916727 0.548970
vt 0.913381 0.530468
vt 0.913843 0.567596
vt 0.916509 0.623505
vt 0.913611 0.604721
vt 0.913775 0.641849
vt 0.916315 0.697633
vt 0.913169 0.678980
vt 0.913982 0.716108
vt 0.916498 0.749114
vt 0.914613 0.749161
vt 0.918423 0.477403
vt 0.919980 0.530394
vt 0.919178 0.567432
vt 0.918880 0.605233
vt 0.919292 0.642180
vt 0.918827 0.679269
vt 0.918818 0.716161
vt 0.918223 0.749071
vt 0.490728 0.129241
vt 0.487837 0.126771
vt 0.505397 0.108189
vt 0.471576 0.150413
vt 0.468821 0.147982
vt 0.454362 0.165584
vt 0.453492 0.164714
vt 0.523681 0.051435
vt 0.519461 0.050699
vt 0.526652 0.034081
vt 0.502075 0.102536
vt 0.518579 0.076342
vt 0.512905 0.074880
vt 0.523786 0.033154
vt 0.981998 0.007933
vt 0.984050 0.007812
vt 0.984547 0.065608
vt 0.981849 0.050692
vt 0.982025 0.064805
vt 0.982222 0.080625
vt 0.984371 0.125699
vt 0.982035 0.110555
vt 0.982094 0.123875
vt 0.982167 0.140489
vt 0.984215 0.185462
vt 0.981678 0.170423
vt 0.981951 0.182853
vt 0.982334 0.200356
vt 0.982567 0.212547
vt 0.984314 0.213428
vt 0.984362 0.226966
vt 0.982842 0.227004
vt 0.985915 0.007911
vt 0.987169 0.050633
vt 0.986881 0.063952
vt 0.986523 0.080493
vt 0.986283 0.110968
vt 0.986433 0.124445
vt 0.986615 0.140755
vt 0.986240 0.170656
vt 0.986237 0.184279
vt 0.986233 0.200399
vt 0.986004 0.213074
vt 0.985753 0.226932
vt 0.177809 0.871984
vt 0.191813 0.873861
vt 0.168951 0.882002
vt 0.165873 0.874437
vt 0.149679 0.883892
vt 0.126738 0.878197
vt 0.127307 0.858706
vt 0.129156 0.864101
vt 0.114628 0.861994
vt 0.146956 0.861541
vt 0.114886 0.863876
vt 0.191721 0.870878
vt 0.750709 0.167697
vt 0.747018 0.167946
vt 0.748395 0.146229
vt 0.753818 0.148399
vt 0.749775 0.135796
vt 0.716940 0.109142
vt 0.762344 0.127710
vt 0.752645 0.129304
vt 0.716480 0.113777
vt 0.763809 0.085573
vt 0.766199 0.084132
vt 0.034593 0.564373
vt 0.054830 0.567633
vt 0.057105 0.561947
vt 0.034332 0.560503
vt 0.068047 0.563394
vt 0.076526 0.576575
vt 0.081399 0.566839
vt 0.074499 0.564247
vt 0.104804 0.557813
vt 0.110240 0.545937
vt 0.114929 0.552899
vt 0.126399 0.541537
vt 0.133495 0.567761
vt 0.095997 0.528961
vt 0.091137 0.528479
vt 0.120713 0.578110
vt 0.122224 0.580617
vt 0.157401 0.541812
vt 0.156090 0.567619
vt 0.158749 0.564935
vt 0.157005 0.539966
vt 0.730116 0.375169
vt 0.742495 0.373134
vt 0.739893 0.380063
vt 0.748957 0.403566
vt 0.760883 0.409025
vt 0.753891 0.413734
vt 0.765302 0.425252
vt 0.738967 0.432378
vt 0.739095 0.353382
vt 0.742499 0.354744
vt 0.728574 0.419542
vt 0.726057 0.421059
vt 0.765025 0.456385
vt 0.741805 0.457739
vt 0.739110 0.455068
vt 0.766879 0.455988
vt 0.131968 0.495535
vt 0.132230 0.499406
vt 0.109456 0.497962
vt 0.111732 0.492275
vt 0.098515 0.496514
vt 0.090036 0.483334
vt 0.092063 0.495661
vt 0.085163 0.493070
vt 0.061758 0.502096
vt 0.056321 0.513971
vt 0.051633 0.507009
vt 0.040163 0.518372
vt 0.033067 0.492147
vt 0.070565 0.530947
vt 0.075425 0.531429
vt 0.045849 0.481798
vt 0.044338 0.479292
vt 0.009161 0.518097
vt 0.007812 0.494974
vt 0.010472 0.492290
vt 0.009556 0.519942
vt 0.831948 0.936840
vt 0.820960 0.916887
vt 0.825546 0.899000
vt 0.819613 0.942680
vt 0.825337 0.961140
vt 0.772210 0.617550
vt 0.756689 0.589367
vt 0.763166 0.564103
vt 0.754787 0.625799
vt 0.762871 0.651872
vt 0.214469 0.926921
vt 0.191344 0.939656
vt 0.170615 0.934342
vt 0.221237 0.941217
vt 0.242631 0.934584
vt 0.852459 0.916852
vt 0.838949 0.892319
vt 0.844587 0.870327
vt 0.837293 0.924033
vt 0.844330 0.946730
vt 0.059987 0.933780
vt 0.084681 0.920180
vt 0.106818 0.925856
vt 0.052759 0.918514
vt 0.029912 0.925598
vn -0.050254 0.684782 0.727013
vn -0.230453 0.826664 0.513341
vn -0.041413 0.905816 0.421642
vn 0.262442 0.778425 0.570245
vn 0.195154 0.906201 0.375119
vn 0.421937 0.760680 0.493291
vn 0.403338 0.862835 0.304688
vn 0.511621 0.766091 0.389034
vn 0.422553 0.859011 0.289051
vn 0.390999 0.869366 0.302198
vn -0.250483 0.954422 0.162288
vn 0.186008 0.976464 0.109177
vn 0.307336 0.950039 0.054503
vn 0.436875 0.892870 0.109195
vn 0.143802 0.958299 0.246951
vn 0.224285 0.852908 0.471428
vn -0.123958 0.965599 0.228587
vn -0.123957 0.965600 0.228586
vn -0.123957 0.965600 0.228586
vn -0.163920 0.921955 0.350897
vn -0.233858 0.947039 0.220064
vn -0.107823 0.970092 0.217474
vn -0.273390 0.960530 -0.051392
vn 0.080012 0.865673 0.494175
vn 0.017070 0.992682 0.119542
vn 0.227486 0.916206 0.329874
vn -0.044873 0.989487 -0.137483
vn 0.268702 0.963046 -0.018475
vn 0.466233 0.880943 0.081028
vn 0.431067 0.895478 -0.110906
vn 0.470796 0.881349 -0.039677
vn 0.238972 0.933131 -0.268624
vn 0.211601 0.869023 0.447241
vn 0.211595 0.869024 0.447241
vn 0.211594 0.869024 0.447241
vn 0.304192 0.820323 0.484290
vn 0.189401 0.829064 0.526099
vn 0.200205 0.882894 0.424755
vn -0.046724 0.854894 0.516694
vn 0.457520 0.841272 0.287989
vn 0.128946 0.945468 0.299105
vn 0.331275 0.933513 0.137154
vn -0.095225 0.947361 0.305677
vn 0.040671 0.998000 0.048396
vn 0.144664 0.981832 -0.122796
vn -0.020451 0.992042 -0.124237
vn 0.036953 0.988590 -0.146026
vn -0.173373 0.984663 0.019502
vn 0.507424 0.602723 0.615829
vn 0.507424 0.602723 0.615830
vn 0.507424 0.602723 0.615830
vn 0.507317 0.602778 0.615864
vn 0.507380 0.602815 0.615776
vn 0.404310 0.674596 0.617620
vn 0.363162 0.675723 0.641492
vn 0.386691 0.714061 0.583598
vn 0.117099 0.826196 0.551079
vn 0.023640 0.886894 0.461367
vn -0.031295 0.842024 0.538531
vn -0.320992 0.885553 0.335797
vn -0.470862 0.845322 0.252426
vn -0.559462 0.808064 0.184487
vn -0.597940 0.752280 0.276663
vn -0.467542 0.851281 0.238171
vn 0.193250 0.960120 0.202051
vn 0.273225 0.953053 0.130533
vn 0.135634 0.981828 0.132729
vn -0.027821 0.995808 0.087133
vn -0.011499 0.995419 0.094916
vn -0.149775 0.987653 0.045928
vn -0.176554 0.983039 0.049633
vn -0.217343 0.976057 0.008654
vn -0.208548 0.977031 0.043788
vn -0.202920 0.978218 0.043731
vn 0.200580 0.967395 0.154644
vn -0.066716 0.994996 0.074372
vn -0.174367 0.981880 0.074218
vn -0.221995 0.973046 0.062444
vn 0.053566 0.996389 0.065881
vn -0.013838 0.976194 0.216456
vn 0.229512 0.927166 0.296122
vn 0.218153 0.893269 0.393040
vn 0.207326 0.951360 0.227882
vn 0.174613 0.975233 -0.135758
vn 0.267810 0.963382 -0.013185
vn 0.288658 0.896653 -0.335694
vn 0.270417 0.892396 -0.361252
vn 0.229561 0.841801 -0.488542
vn 0.210951 0.816550 -0.537350
vn 0.208896 0.810083 -0.547839
vn 0.207165 0.917220 0.340280
vn 0.271867 0.953171 -0.132491
vn 0.232430 0.907309 -0.350380
vn 0.254768 0.826759 -0.501560
vn 0.376568 0.925390 0.043011
vn 0.023336 0.999709 -0.006094
vn 0.036028 0.936548 0.348683
vn 0.036025 0.936548 0.348682
vn 0.036025 0.936548 0.348682
vn 0.036105 0.936580 0.348590
vn 0.083471 0.968013 0.236607
vn 0.035991 0.936588 0.348579
vn 0.126278 0.968232 0.215827
vn 0.059197 0.980233 0.188785
vn 0.145097 0.964125 -0.222285
vn 0.171333 0.981731 -0.082754
vn 0.247283 0.946584 -0.206952
vn 0.255746 0.805807 -0.534107
vn 0.290487 0.690383 -0.662562
vn 0.405908 0.587205 -0.700306
vn 0.299654 0.602197 -0.739977
vn 0.276221 0.689711 -0.669329
vn 0.400589 0.726803 0.557930
vn 0.559700 0.621019 0.548700
vn 0.403788 0.736130 0.543202
vn 0.396244 0.762856 0.510923
vn 0.585068 0.696640 0.415196
vn 0.579920 0.704664 0.408830
vn 0.241659 0.912111 0.331141
vn 0.259984 0.909124 0.325425
vn 0.290407 0.883006 0.368732
vn 0.378679 0.813915 0.440619
vn 0.269385 0.905476 0.327939
vn 0.335308 0.778683 0.530303
vn 0.452943 0.857700 0.243298
vn 0.469055 0.862800 0.188583
vn 0.459358 0.824610 0.330164
vn 0.452943 0.857700 0.243298
vn 0.487585 0.822103 0.293951
vn 0.459597 0.769914 0.442723
vn 0.765550 0.643168 0.016353
vn 0.685142 0.728153 -0.019340
vn 0.458382 0.769721 0.444315
vn 0.793455 0.608013 -0.027374
vn 0.790140 0.611677 -0.039116
vn 0.452062 0.845119 -0.285331
vn 0.520069 0.853313 -0.037227
vn 0.468443 0.881898 0.053066
vn 0.561006 0.814610 0.147251
vn 0.469675 0.879725 0.074089
vn 0.584281 0.749542 0.311132
vn 0.274491 0.960219 0.051332
vn 0.854098 0.110476 0.508244
vn 0.658016 0.746995 0.094941
vn 0.563967 0.824017 0.054191
vn 0.647683 0.704709 -0.289641
vn 0.708349 0.660303 -0.249482
vn 0.274494 0.960218 0.051334
vn 0.859567 0.077492 0.505114
vn 0.859570 0.077509 0.505105
vn 0.274498 0.960216 0.051337
vn -0.364339 0.907627 0.208495
vn -0.386957 0.885751 0.256340
vn -0.361651 0.924946 0.116980
vn -0.364339 0.907627 0.208495
vn -0.394095 0.906514 0.151396
vn -0.607610 0.560667 0.562550
vn -0.484036 0.760271 0.433240
vn -0.378330 0.829005 0.411845
vn -0.392615 0.868567 0.302399
vn -0.375778 0.822473 0.427000
vn -0.299114 0.939204 0.168603
vn -0.248752 0.769192 0.588614
vn -0.326799 0.779680 -0.534137
vn -0.350904 0.936384 -0.007179
vn -0.349509 0.936894 -0.008538
vn -0.732801 0.569007 0.373141
vn -0.749364 0.593677 0.293260
vn -0.248754 0.769200 0.588602
vn -0.330447 0.759319 -0.560570
vn -0.330445 0.759321 -0.560568
vn -0.248756 0.769210 0.588588
vn 0.272022 0.873783 0.403122
vn 0.312523 0.877880 0.362845
vn 0.235937 0.843041 0.483338
vn 0.272022 0.873783 0.403122
vn 0.280500 0.842978 0.459030
vn 0.670157 0.740896 0.044304
vn 0.481497 0.853904 0.197505
vn 0.365702 0.907059 0.208580
vn 0.335960 0.885852 0.319996
vn 0.369447 0.909108 0.192436
vn 0.193174 0.883849 0.426021
vn 0.314202 0.949317 -0.008623
vn 0.005114 0.392847 0.919590
vn 0.182213 0.791204 0.583776
vn 0.180385 0.791023 0.584588
vn 0.721075 0.647981 0.245301
vn 0.705701 0.628607 0.326865
vn 0.314199 0.949318 -0.008619
vn 0.002620 0.361853 0.932232
vn 0.002626 0.361856 0.932230
vn 0.314196 0.949319 -0.008614
vn 0.324719 0.923568 -0.203912
vn 0.270171 0.940998 -0.203787
vn 0.400326 0.884020 -0.241346
vn 0.324719 0.923568 -0.203912
vn 0.359782 0.896301 -0.259232
vn 0.497385 0.818969 -0.286178
vn 0.005121 0.864146 -0.503216
vn 0.002943 0.919120 -0.393966
vn 0.499102 0.818157 -0.285511
vn -0.049224 0.847020 -0.529276
vn -0.059155 0.850753 -0.522226
vn 0.204586 0.804801 -0.557171
vn 0.048794 0.878890 -0.474522
vn 0.215986 0.810300 -0.544760
vn 0.252754 0.813637 -0.523555
vn 0.146508 0.920953 -0.361084
vn 0.157680 0.920046 -0.358681
vn 0.509744 0.738886 -0.440691
vn 0.500932 0.751677 -0.429010
vn 0.450152 0.769294 -0.453376
vn 0.327571 0.816121 -0.476072
vn 0.492731 0.757906 -0.427544
vn 0.286700 0.774335 -0.564099
vn 0.052079 0.872159 0.486442
vn 0.109069 0.866587 0.486961
vn -0.034382 0.855383 0.516854
vn 0.052079 0.872159 0.486442
vn 0.013509 0.846987 0.531442
vn 0.557136 0.650854 0.515741
vn 0.338041 0.803160 0.490573
vn 0.259090 0.871380 0.416617
vn 0.156714 0.866696 0.473581
vn 0.273361 0.871120 0.407951
vn -0.016860 0.894577 0.446596
vn 0.383078 0.895201 0.227741
vn -0.576110 0.489547 0.654554
vn -0.150805 0.822301 0.548707
vn -0.152678 0.822444 0.547974
vn 0.435616 0.575367 0.692237
vn 0.364454 0.567342 0.738442
vn 0.383073 0.895203 0.227744
vn -0.591925 0.460725 0.661330
vn -0.591919 0.460728 0.661333
vn 0.383068 0.895204 0.227746
vn 0.273259 0.961587 0.026054
vn -0.036564 0.995857 0.083260
vn 0.249938 0.966783 -0.053494
vn 0.384957 0.918864 -0.086584
vn 0.399668 0.912888 -0.083068
vn 0.180822 0.963498 -0.197421
vn 0.044380 0.996155 0.075533
vn 0.042718 0.993525 -0.105281
vn 0.110387 0.961518 -0.251592
vn 0.165848 0.920224 -0.354518
vn -0.256422 0.964766 0.058947
vn 0.085237 0.994983 -0.052373
vn -0.040547 0.995061 0.090613
vn -0.181459 0.963903 0.194843
vn -0.335642 0.920852 0.198432
vn 0.030991 0.962183 -0.270636
vn 0.067832 0.995927 0.059404
vn -0.023274 0.993428 -0.112068
vn -0.079990 0.920181 -0.383235
vn -0.074369 0.914014 -0.398807
vn 0.196055 0.963003 0.184897
vn -0.047723 0.995678 -0.079673
vn 0.109992 0.993824 0.014697
vn 0.251332 0.960941 0.115869
vn 0.303259 0.916584 0.260591
vn -0.060235 0.963996 -0.259006
vn 0.088933 0.995210 0.040586
vn -0.075935 0.994862 -0.066964
vn -0.195963 0.963264 -0.183632
vn -0.201461 0.919657 -0.337112
vn -0.264822 0.963766 -0.032016
vn 0.084738 0.995721 0.036857
vn -0.094020 0.994138 0.053380
vn -0.266406 0.962289 0.055023
vn -0.393744 0.918680 -0.031511
vn -0.024764 0.963104 0.267988
vn 0.009301 0.995699 -0.092179
vn 0.057213 0.993825 0.095068
vn 0.064909 0.961139 0.268324
vn 0.081336 0.916878 0.390793
vn 0.379284 0.921387 -0.084794
vn -0.076345 0.996049 0.045371
vn 0.078370 0.993438 -0.083307
vn 0.337627 0.919401 -0.201767
vn 0.360883 0.910776 -0.200626
vn 0.277041 0.847207 -0.453309
vn 0.428519 0.801165 -0.417739
vn 0.126211 0.939224 -0.319263
vn 0.026964 0.953808 -0.299204
vn -0.008798 0.961748 -0.273796
vn -0.032201 0.995551 0.088546
vn 0.064869 0.941473 -0.330788
vn -0.019965 0.977149 -0.211617
vn -0.004338 0.952067 -0.305859
vn 0.061681 0.965192 -0.254164
vn 0.121368 0.974793 -0.187211
vn 0.186474 0.957416 -0.220414
vn 0.243636 0.967844 -0.062606
vn 0.394380 0.874877 -0.281166
vn 0.560530 0.757010 -0.335771
vn 0.539471 0.657216 -0.526344
vn 0.063816 0.996198 0.059299
vn 0.389727 0.919140 0.057405
vn 0.367842 0.905599 0.211147
vn 0.118025 0.569709 -0.813327
vn 0.287204 0.954896 -0.075413
vn -0.297099 0.953164 -0.056655
vn -0.004338 0.952067 -0.305859
vn -0.655491 0.697343 -0.289904
vn -0.679985 0.601858 -0.418793
vn -0.486946 0.836356 -0.251779
vn -0.429675 0.884455 -0.181984
vn -0.393213 0.904372 -0.165815
vn -0.064890 0.945499 -0.319093
vn -0.471859 0.859651 -0.195829
vn -0.335391 0.922911 -0.189072
vn -0.422211 0.893630 -0.152198
vn -0.405791 0.883286 -0.234820
vn -0.372519 0.871881 -0.317889
vn -0.426768 0.832927 -0.352281
vn -0.311363 0.823502 -0.474234
vn -0.555257 0.683323 -0.474088
vn -0.655138 0.515045 -0.552741
vn -0.800837 0.428014 -0.418884
vn -0.131429 0.912774 -0.386743
vn -0.257704 0.727688 -0.635657
vn -0.108967 0.723113 -0.682080
vn -0.866615 0.490719 0.090406
vn -0.339045 0.796232 -0.501062
vn -0.076788 0.996873 -0.018643
vn -0.422211 0.893630 -0.152198
vn 0.056964 0.995219 0.079338
vn -0.228552 0.917346 0.325946
vn -0.042303 0.985000 0.167288
vn 0.151071 0.985283 -0.079964
vn 0.079211 0.945719 0.315184
vn 0.037765 0.826762 0.561283
vn 0.518229 0.830423 0.204541
vn 0.717133 0.675306 0.172285
vn 0.739228 0.614986 0.274470
vn 0.158791 0.975074 -0.154975
vn 0.177842 0.865699 -0.467907
vn 0.210757 0.874845 -0.436151
vn 0.301273 0.946177 -0.118252
vn 0.536840 0.810303 -0.234973
vn 0.116841 0.992832 0.025164
vn 0.116841 0.992832 0.025164
vn 0.426656 0.793850 0.433320
vn 0.355307 0.741394 0.569290
vn 0.335505 0.904298 0.263974
vn 0.339190 0.926288 0.164135
vn 0.322988 0.938199 0.124346
vn -0.022235 0.999462 0.024097
vn 0.360665 0.909425 0.207041
vn 0.265905 0.958703 0.100913
vn 0.352618 0.925973 0.135037
vn 0.288208 0.938771 0.188802
vn 0.210184 0.949547 0.232775
vn 0.226817 0.925896 0.302109
vn 0.061043 0.944216 0.323620
vn 0.234360 0.826720 0.511477
vn 0.243323 0.695350 0.676226
vn 0.427746 0.583506 0.690329
vn -0.015389 0.992166 0.123972
vn -0.091374 0.895540 0.435499
vn -0.236745 0.894500 0.379239
vn 0.796866 0.501218 0.337321
vn 0.062945 0.927757 0.367839
vn 0.176273 0.962842 -0.204605
vn 0.352618 0.925973 0.135037
vn -0.533682 0.844477 0.045182
vn -0.423852 0.845778 -0.324052
vn -0.504302 0.859463 -0.083681
vn -0.512505 0.827726 0.228494
vn -0.651926 0.745040 -0.141095
vn -0.698406 0.608416 -0.376906
vn -0.856319 0.481699 0.186236
vn -0.911767 0.267531 0.311621
vn -0.954329 0.184748 0.234785
vn -0.473760 0.830150 0.293942
vn -0.272431 0.786439 0.554342
vn -0.316991 0.774641 0.547218
vn -0.582359 0.738015 0.340869
vn -0.628181 0.542235 0.558004
vn -0.546937 0.828065 0.123161
vn -0.546938 0.828065 0.123161
vn 0.200703 0.948249 0.246054
vn 0.061889 0.750902 0.657507
vn 0.046487 0.757981 0.650618
vn 0.002356 0.829297 0.558804
vn -0.024315 0.584479 0.811045
vn -0.154310 0.775988 0.611580
vn 0.055990 0.832329 0.551446
vn 0.055989 0.832329 0.551447
vn -0.175776 0.608025 0.774214
vn -0.127333 0.518765 0.845381
vn 0.004750 0.659124 0.752019
vn 0.055987 0.832329 0.551447
vn -0.163708 0.751470 -0.639134
vn -0.005179 0.751663 -0.659527
vn -0.298488 0.832197 -0.467283
vn -0.167645 0.914229 -0.368890
vn -0.069229 0.938199 -0.339102
vn 0.032279 0.999462 0.005752
vn -0.343137 0.820034 -0.458041
vn -0.283377 0.924763 -0.253988
vn -0.076184 0.925973 -0.369825
vn 0.003811 0.938770 -0.344522
vn 0.082889 0.949547 -0.302474
vn 0.132343 0.925896 -0.353838
vn 0.239767 0.944216 -0.225760
vn 0.304673 0.826720 -0.472977
vn 0.438646 0.695350 -0.569279
vn 0.351181 0.583505 -0.732253
vn 0.112736 0.992166 -0.053817
vn 0.416131 0.895540 -0.157618
vn 0.447043 0.894500 -0.004835
vn -0.145072 0.501218 -0.853073
vn 0.275997 0.927757 -0.251183
vn -0.602777 0.794303 -0.075775
vn -0.076184 0.925973 -0.369825
vn 0.420255 0.906669 0.036562
vn 0.101487 0.980780 -0.166645
vn 0.315564 0.948289 -0.034156
vn 0.574030 0.814566 0.083490
vn 0.204282 0.970917 0.124860
vn -0.069876 0.985029 0.157594
vn 0.357144 0.775443 0.520707
vn 0.362570 0.604739 0.709108
vn 0.253805 0.597184 0.760890
vn 0.634269 0.769876 0.070662
vn 0.850465 0.525983 0.007191
vn 0.836690 0.545641 0.047183
vn 0.626855 0.747786 0.218788
vn 0.721991 0.551082 0.418374
vn 0.480291 0.873521 0.079254
vn 0.480291 0.873521 0.079254
vn -0.325241 0.900764 -0.287824
vn -0.157349 0.974030 -0.162807
vn -0.471253 0.848780 -0.239777
vn -0.056196 0.986477 -0.153964
vn 0.053320 0.972959 0.224740
vn -0.017356 0.991024 -0.132556
vn -0.098009 0.978443 -0.181779
vn 0.001957 0.997488 -0.070805
vn -0.084645 0.991008 -0.103629
vn -0.026046 0.985980 -0.164817
vn -0.204058 0.977391 -0.055379
vn -0.135016 0.990425 -0.028797
vn -0.240098 0.964679 0.108386
vn -0.418908 0.902539 -0.099701
vn -0.596814 0.720836 -0.352433
vn -0.591912 0.792210 -0.148469
vn -0.045678 0.976926 0.208635
vn -0.328249 0.862895 0.384272
vn -0.369811 0.898053 0.238205
vn -0.285088 0.953308 0.099644
vn -0.217166 0.678922 -0.701359
vn 0.296644 0.954075 0.041742
vn -0.026046 0.985980 -0.164817
vn -0.526468 0.838865 -0.138334
vn -0.708554 0.656686 0.258292
vn -0.721269 0.645318 0.251668
vn -0.627622 0.745178 0.225389
vn -0.752630 0.492490 0.437038
vn -0.565341 0.728602 0.386689
vn -0.653805 0.735193 0.178969
vn -0.653805 0.735193 0.178970
vn -0.641132 0.557025 0.527895
vn -0.704349 0.452108 0.547258
vn -0.740650 0.562545 0.367398
vn -0.653805 0.735193 0.178970
vn 0.182590 0.931925 0.313330
vn -0.118274 0.836939 0.534363
vn 0.080096 0.914609 0.396327
vn 0.279632 0.947310 0.156237
vn 0.190759 0.825822 0.530687
vn 0.126496 0.658913 0.741507
vn 0.614475 0.682412 0.395897
vn 0.792581 0.514183 0.327768
vn 0.803440 0.429128 0.412716
vn 0.288342 0.954100 0.080947
vn 0.303012 0.919882 -0.249002
vn 0.335812 0.916834 -0.215978
vn 0.424655 0.898675 0.109780
vn 0.644266 0.763962 -0.035827
vn 0.243345 0.934402 0.260146
vn 0.243345 0.934402 0.260146
vn 0.357220 0.697343 0.621374
vn 0.300765 0.601857 0.739803
vn 0.243837 0.836356 0.490972
vn 0.238917 0.884455 0.400821
vn 0.219072 0.904372 0.366222
vn -0.136340 0.945500 0.295706
vn 0.264751 0.859651 0.436929
vn 0.158689 0.922911 0.350789
vn 0.250510 0.893630 0.372385
vn 0.188414 0.883286 0.429309
vn 0.112465 0.871881 0.476628
vn 0.135880 0.832927 0.536441
vn -0.029298 0.823502 0.566557
vn 0.167481 0.683323 0.710647
vn 0.201527 0.515044 0.833137
vn 0.398175 0.428014 0.811333
vn -0.122679 0.912774 0.389606
vn -0.168018 0.727688 0.665012
vn -0.315420 0.723114 0.614505
vn 0.752354 0.490717 0.439499
vn -0.022836 0.796232 0.604561
vn 0.050904 0.996873 0.060437
vn 0.250509 0.893630 0.372385
vn -0.491456 0.847207 0.201772
vn -0.592586 0.801165 0.083522
vn -0.290557 0.939224 0.182851
vn -0.198657 0.953808 0.225356
vn -0.154793 0.961748 0.226010
vn 0.078324 0.995551 -0.052370
vn -0.247901 0.941473 0.228415
vn -0.109023 0.977149 0.182467
vn -0.177349 0.952067 0.249231
vn -0.200025 0.965192 0.168505
vn -0.208573 0.974793 0.079218
vn -0.280711 0.957416 0.067500
vn -0.233503 0.967844 -0.093566
vn -0.484302 0.874877 -0.006435
vn -0.650584 0.757010 -0.060638
vn -0.746281 0.657216 0.105504
vn -0.016405 0.996198 -0.085556
vn -0.280361 0.919140 -0.276731
vn -0.171808 0.905599 -0.387780
vn -0.576082 0.569711 0.586139
vn -0.276211 0.954896 -0.108998
vn 0.206103 0.953164 0.221358
vn -0.177349 0.952067 0.249231
vn -0.076491 0.847207 0.525728
vn -0.229753 0.801165 0.552583
vn 0.009486 0.939224 0.343173
vn 0.092852 0.953808 0.285707
vn 0.115743 0.961749 0.248281
vn -0.005208 0.995552 -0.094075
vn 0.070419 0.941473 0.329651
vn 0.101563 0.977149 0.186723
vn 0.124249 0.952067 0.279519
vn 0.043222 0.965192 0.257946
vn -0.037983 0.974793 0.219853
vn -0.084790 0.957416 0.275981
vn -0.199397 0.967844 0.153359
vn -0.252063 0.874877 0.413586
vn -0.383361 0.757010 0.529123
vn -0.289067 0.657216 0.696066
vn -0.081993 0.996198 -0.029430
vn -0.380908 0.919140 0.100456
vn -0.421236 0.905599 -0.049509
vn 0.211276 0.569710 0.794225
vn -0.234420 0.954896 0.182265
vn 0.295447 0.953164 -0.064725
vn 0.124249 0.952067 0.279519
vn 0.820114 0.550272 -0.156887
vn 0.876556 0.480818 -0.021534
vn 0.674814 0.716758 -0.175739
vn 0.603684 0.762266 -0.233486
vn 0.567555 0.787043 -0.241752
vn 0.334975 0.942196 -0.007624
vn 0.643326 0.730921 -0.227784
vn 0.526984 0.824246 -0.207140
vn 0.586915 0.766614 -0.260449
vn 0.602149 0.778337 -0.177783
vn 0.602074 0.793481 -0.088855
vn 0.658301 0.749980 -0.064576
vn 0.598907 0.796208 0.085807
vn 0.797731 0.601274 0.045758
vn 0.891524 0.433275 0.132127
vn 0.958236 0.285764 -0.011087
vn 0.416186 0.908368 0.040701
vn 0.596824 0.753313 0.276261
vn 0.478838 0.796894 0.368340
vn 0.831963 0.221605 -0.508654
vn 0.629975 0.768975 0.108671
vn 0.238365 0.924827 -0.296441
vn 0.586914 0.766615 -0.260448
vn -0.083570 0.995219 -0.050551
vn 0.081985 0.917346 -0.389558
vn -0.026881 0.985000 -0.170448
vn -0.107463 0.985283 0.132923
vn -0.196759 0.945719 -0.258653
vn -0.255415 0.826761 -0.501227
vn -0.556912 0.830423 0.015696
vn -0.727113 0.675307 0.123561
vn -0.787607 0.614987 0.038294
vn -0.085067 0.975074 0.204928
vn 0.020461 0.865699 0.500147
vn -0.022292 0.874845 0.483890
vn -0.230512 0.946177 0.227186
vn -0.401212 0.810303 0.427128
vn -0.117324 0.992832 0.022803
vn -0.117324 0.992832 0.022803
vn -0.562669 0.793850 -0.230662
vn -0.550529 0.741394 -0.383734
vn -0.412275 0.904298 -0.110795
vn -0.376407 0.926288 -0.017549
vn -0.345865 0.938199 0.012665
vn 0.010969 0.999462 -0.030899
vn -0.413023 0.909425 -0.048555
vn -0.284166 0.958703 0.011766
vn -0.377312 0.925973 0.014485
vn -0.339230 0.938771 -0.060275
vn -0.284780 0.949547 -0.131384
vn -0.327335 0.925896 -0.188594
vn -0.183371 0.944216 -0.273553
vn -0.416592 0.826720 -0.378134
vn -0.489611 0.695350 -0.526089
vn -0.664725 0.583505 -0.466543
vn -0.034595 0.992166 -0.120037
vn -0.087220 0.895540 -0.436350
vn 0.068564 0.894500 -0.441779
vn -0.865315 0.501218 0.003168
vn -0.202506 0.927757 -0.313462
vn -0.081627 0.962842 0.257434
vn -0.377312 0.925973 0.014485
vn 0.553201 0.820642 -0.143235
vn 0.560388 0.792425 0.240889
vn 0.565242 0.824854 -0.010831
vn 0.476525 0.821971 -0.311910
vn 0.714869 0.699183 -0.010270
vn 0.820653 0.539292 0.188923
vn 0.791782 0.458680 -0.403353
vn 0.791546 0.254870 -0.555425
vn 0.849384 0.163500 -0.501811
vn 0.420096 0.832182 -0.361929
vn 0.146970 0.821818 -0.550469
vn 0.190654 0.807453 -0.558275
vn 0.502679 0.740112 -0.446709
vn 0.466877 0.563555 -0.681492
vn 0.541095 0.810987 -0.222520
vn 0.541095 0.810987 -0.222520
vn -0.376702 0.847207 -0.374615
vn -0.306974 0.801165 -0.513713
vn -0.281289 0.939224 -0.196810
vn -0.284794 0.953808 -0.095617
vn -0.268372 0.961748 -0.054937
vn 0.078664 0.995552 0.051858
vn -0.306726 0.941473 -0.139812
vn -0.210478 0.977149 -0.029655
vn -0.298527 0.952067 -0.066712
vn -0.232931 0.965192 -0.118942
vn -0.153961 0.974793 -0.161475
vn -0.171160 0.957416 -0.232506
vn -0.004398 0.967844 -0.251513
vn -0.182040 0.874877 -0.448833
vn -0.196626 0.757009 -0.623117
vn -0.386886 0.657216 -0.646828
vn 0.072482 0.996198 -0.048325
vn 0.146221 0.919140 -0.365789
vn 0.290697 0.905598 -0.308848
vn -0.763783 0.569710 -0.303423
vn -0.006752 0.954896 -0.296863
vn -0.124010 0.953164 0.275861
vn -0.298527 0.952067 -0.066712
vn -0.434014 0.697343 0.570389
vn -0.565071 0.601858 0.564325
vn -0.357842 0.836356 0.415281
vn -0.276668 0.884455 0.375757
vn -0.252483 0.904372 0.344039
vn -0.325442 0.945499 -0.010880
vn -0.299918 0.859651 0.413581
vn -0.261698 0.922911 0.282400
vn -0.245962 0.893630 0.375404
vn -0.322524 0.883286 0.340271
vn -0.395612 0.871881 0.288642
vn -0.441648 0.832927 0.333436
vn -0.533514 0.823501 0.192896
vn -0.589932 0.683323 0.430174
vn -0.689604 0.515044 0.509092
vn -0.593185 0.428014 0.681862
vn -0.406677 0.912775 0.038155
vn -0.678091 0.727688 0.103264
vn -0.688754 0.723114 -0.052185
vn -0.113035 0.490718 0.863955
vn -0.566030 0.796232 0.213601
vn -0.035942 0.996873 0.070371
vn -0.245962 0.893630 0.375404
vn 0.028194 0.961536 -0.273229
vn 0.291242 0.956615 0.008160
vn 0.121037 0.976351 -0.179133
vn -0.134622 0.925504 -0.354005
vn 0.264883 0.917258 -0.297446
vn 0.518123 0.819394 -0.245238
vn 0.139768 0.705587 -0.694703
vn 0.105912 0.509990 -0.853635
vn 0.209773 0.450186 -0.867945
vn -0.209325 0.911064 -0.355170
vn -0.517124 0.788523 -0.332889
vn -0.487406 0.791507 -0.368717
vn -0.177877 0.853401 -0.489967
vn -0.298640 0.665475 -0.684074
vn -0.028513 0.944215 -0.328094
vn -0.028513 0.944215 -0.328094
vn 0.520452 0.793850 -0.314534
vn 0.636169 0.741395 -0.213598
vn 0.334584 0.904298 -0.265141
vn 0.238321 0.926288 -0.291879
vn 0.195860 0.938199 -0.285345
vn 0.018283 0.999462 0.027217
vn 0.285038 0.909425 -0.302818
vn 0.159827 0.958703 -0.235253
vn 0.213131 0.925973 -0.311688
vn 0.250493 0.938771 -0.236565
vn 0.275172 0.949547 -0.150471
vn 0.346474 0.925896 -0.150572
vn 0.328953 0.944216 0.015671
vn 0.551883 0.826720 -0.109354
vn 0.714220 0.695350 -0.079867
vn 0.770708 0.583505 -0.255991
vn 0.117024 0.992166 0.043720
vn 0.402436 0.895540 0.189878
vn 0.313997 0.894500 0.318240
vn 0.512925 0.501218 -0.696914
vn 0.372408 0.927757 0.024076
vn -0.158147 0.962842 -0.218917
vn 0.213130 0.925973 -0.311688
vn -0.107787 0.820641 0.561186
vn -0.457894 0.792424 0.402985
vn -0.232566 0.824854 0.515296
vn 0.077473 0.821971 0.564236
vn -0.297226 0.699183 0.650231
vn -0.522537 0.539293 0.660393
vn 0.024916 0.458680 0.888252
vn 0.162402 0.254870 0.953240
vn 0.089168 0.163500 0.982505
vn 0.146856 0.832182 0.534702
vn 0.434291 0.821818 0.368792
vn 0.422612 0.807453 0.411604
vn 0.188039 0.740112 0.645659
vn 0.415498 0.563555 0.713980
vn -0.030969 0.810987 0.584244
vn -0.030969 0.810987 0.584244
vn -0.094793 0.966016 -0.240474
vn 0.054133 0.992275 -0.111626
vn -0.045005 0.997047 -0.062223
vn -0.152497 0.971421 -0.181896
vn -0.155389 0.968165 -0.196242
vn 0.264655 0.949723 -0.167281
vn -0.035707 0.999362 0.000498
vn 0.056035 0.989921 -0.130066
vn 0.143821 0.953634 -0.264382
vn 0.217890 0.948156 -0.231354
vn 0.114896 0.968585 0.220549
vn -0.036465 0.997785 -0.055639
vn 0.138523 0.990305 0.010362
vn 0.141055 0.988791 0.048941
vn 0.188571 0.963255 0.191262
vn -0.064395 0.997479 -0.029804
vn 0.027415 0.993560 -0.109942
vn -0.053333 0.998562 0.005414
vn -0.200524 0.978540 0.047433
vn -0.202214 0.978271 0.045774
vn -0.211076 0.976059 0.052494
vn 0.110729 0.988991 -0.098163
vn -0.015355 0.997939 0.062310
vn -0.129278 0.973984 0.186122
vn -0.283990 0.938294 0.197367
vn -0.038598 0.966016 -0.255584
vn 0.077731 0.992275 -0.096688
vn -0.029946 0.997047 -0.070713
vn -0.107943 0.971421 -0.211400
vn -0.107553 0.968165 -0.226029
vn 0.295368 0.949723 -0.103841
vn -0.034914 0.999362 -0.007502
vn 0.083710 0.989921 -0.114236
vn 0.199317 0.953634 -0.225511
vn 0.264120 0.948156 -0.176751
vn 0.062649 0.968585 0.240662
vn -0.023095 0.997785 -0.062386
vn 0.132695 0.990305 0.041086
vn 0.126533 0.988791 0.079254
vn 0.141009 0.963255 0.228598
vn -0.056096 0.997479 -0.043454
vn 0.051313 0.993560 -0.101024
vn -0.053192 0.998562 -0.006654
vn -0.206053 0.978540 0.001375
vn -0.207329 0.978271 -0.000620
vn -0.217470 0.976059 0.003948
vn 0.129881 0.988991 -0.070906
vn -0.028904 0.997939 0.057296
vn -0.167636 0.973984 0.152487
vn -0.320943 0.938294 0.128839
vn 0.146596 0.966016 -0.212891
vn 0.122833 0.992275 -0.017403
vn 0.026500 0.997047 -0.072075
vn 0.065783 0.971421 -0.228066
vn 0.076071 0.968165 -0.238474
vn 0.286533 0.949723 0.126192
vn -0.020347 0.999362 -0.029348
vn 0.139194 0.989921 -0.026119
vn 0.299639 0.953634 -0.028267
vn 0.313585 0.948156 0.051624
vn -0.118843 0.968585 0.218448
vn 0.025805 0.997785 -0.061315
vn 0.068733 0.990305 0.120714
vn 0.038139 0.988791 0.144351
vn -0.053415 0.963255 0.263225
vn -0.011221 0.997479 -0.070065
vn 0.106520 0.993560 -0.038630
vn -0.034265 0.998562 -0.041227
vn -0.151297 0.978540 -0.139890
vn -0.150863 0.978271 -0.142218
vn -0.161386 0.976059 -0.145819
vn 0.143258 0.988991 0.037069
vn -0.060269 0.997939 0.022045
vn -0.226590 0.973984 -0.003355
vn -0.322288 0.938294 -0.125438
vn 0.228622 0.966016 -0.120604
vn 0.116892 0.992275 0.041559
vn 0.056909 0.997047 -0.051560
vn 0.164067 0.971421 -0.171533
vn 0.178009 0.968165 -0.175982
vn 0.195308 0.949723 0.244704
vn -0.004412 0.999362 -0.035437
vn 0.135429 0.989921 0.041426
vn 0.278565 0.953634 0.113946
vn 0.253863 0.948156 0.191191
vn -0.206612 0.968585 0.138400
vn 0.051302 0.997785 -0.042350
vn 0.004899 0.990305 0.138824
vn -0.033169 0.988791 0.145574
vn -0.169418 0.963255 0.208418
vn 0.022559 0.997479 -0.067276
vn 0.112286 0.993560 0.015187
vn -0.011232 0.998562 -0.052417
vn -0.069148 0.978540 -0.194109
vn -0.067684 0.978271 -0.195971
vn -0.075336 0.976059 -0.204042
vn 0.109719 0.988991 0.099290
vn -0.063618 0.997939 -0.008426
vn -0.199183 0.973984 -0.108077
vn -0.227334 0.938294 -0.260621
vn 0.226058 0.966016 -0.125345
vn 0.117733 0.992275 0.039113
vn 0.055822 0.997047 -0.052735
vn 0.160455 0.971421 -0.174916
vn 0.174301 0.968165 -0.179654
vn 0.200368 0.949723 0.240579
vn -0.005150 0.999362 -0.035338
vn 0.136264 0.989921 0.038594
vn 0.280880 0.953634 0.108114
vn 0.257794 0.948156 0.185857
vn -0.203681 0.968585 0.142678
vn 0.050408 0.997785 -0.043410
vn 0.007792 0.990305 0.138692
vn -0.030127 0.988791 0.146233
vn -0.165036 0.963255 0.211904
vn 0.021152 0.997479 -0.067732
vn 0.112579 0.993560 0.012842
vn -0.012323 0.998562 -0.052171
vn -0.073179 0.978540 -0.192625
vn -0.071755 0.978271 -0.194517
vn -0.079574 0.976059 -0.202427
vn 0.111766 0.988991 0.096981
vn -0.063780 0.997939 -0.007098
vn -0.201393 0.973984 -0.103901
vn -0.232718 0.938294 -0.255825
vn 0.365698 0.922191 0.125812
vn 0.205066 0.948965 0.239612
vn 0.185372 0.973583 0.133321
vn 0.326039 0.943646 0.056840
vn 0.340163 0.938627 0.057177
vn 0.196129 0.872423 0.447673
vn 0.123176 0.984259 0.126734
vn 0.221901 0.943605 0.245703
vn 0.322225 0.876556 0.357521
vn 0.269893 0.866960 0.418973
vn -0.131562 0.968824 0.209930
vn 0.176842 0.974242 0.139926
vn 0.065324 0.955091 0.289024
vn 0.027601 0.959176 0.281458
vn -0.124226 0.949914 0.286760
vn 0.159719 0.981378 0.106708
vn 0.210872 0.953824 0.213902
vn 0.123182 0.986430 0.108547
vn 0.120788 0.991625 -0.045722
vn 0.122802 0.991320 -0.046959
vn 0.118539 0.991285 -0.057467
vn 0.176433 0.940720 0.289685
vn 0.058416 0.989749 0.130322
vn -0.031632 0.999409 -0.013484
vn -0.004361 0.985489 -0.169684
vn -0.332217 0.493903 0.803549
vn -0.188429 0.406133 0.894176
vn -0.322797 0.508062 0.798546
vn -0.313720 0.544262 0.778048
vn -0.102806 0.525976 0.844263
vn -0.104272 0.535510 0.838067
vn -0.338176 0.741025 0.580102
vn -0.321179 0.741160 0.589513
vn -0.322760 0.702607 0.634168
vn -0.292562 0.616397 0.731069
vn -0.315554 0.737290 0.597351
vn -0.372249 0.549167 0.748229
vn 0.222488 0.762924 0.606998
vn 0.271088 0.770026 0.577556
vn 0.167870 0.722458 0.670727
vn 0.222488 0.762923 0.606998
vn 0.212830 0.718867 0.661765
vn 0.090434 0.659502 0.746243
vn 0.594873 0.525054 0.608642
vn 0.563097 0.623126 0.542804
vn 0.088458 0.659357 0.746608
vn 0.642830 0.489897 0.588872
vn 0.648344 0.494914 0.578541
vn -0.149596 0.774146 -0.615077
vn -0.149596 0.774146 -0.615077
vn -0.234704 0.739619 -0.630776
vn -0.092879 0.777200 -0.622362
vn -0.187935 0.736154 -0.650199
vn 0.379623 0.629581 -0.677875
vn 0.060815 0.816425 -0.574241
vn 0.141807 0.749247 -0.646932
vn -0.044794 0.786751 -0.615643
vn 0.075771 0.819797 -0.567620
vn -0.216658 0.792407 -0.570220
vn 0.198519 0.890490 -0.409412
vn -0.717934 0.278418 -0.638008
vn -0.346538 0.684465 -0.641419
vn -0.348316 0.684450 -0.640472
vn 0.254451 0.507685 -0.823110
vn 0.181139 0.481286 -0.857643
vn 0.198508 0.890491 -0.409415
vn -0.729247 0.246821 -0.638184
vn -0.729250 0.246822 -0.638180
vn 0.198494 0.890493 -0.409418
vn 0.613038 0.679113 -0.403720
vn 0.594023 0.792224 -0.139702
vn 0.496951 0.866421 -0.048519
vn 0.554849 0.827865 0.082354
vn 0.492167 0.870044 -0.028217
vn 0.527234 0.809882 0.257131
vn 0.317112 0.939984 -0.125979
vn 0.685937 0.250190 0.683298
vn 0.657487 0.749257 0.079533
vn 0.584083 0.811678 -0.005055
vn 0.797739 0.523157 -0.299864
vn 0.840562 0.497677 -0.213948
vn 0.317112 0.939984 -0.125978
vn 0.689696 0.217634 0.690619
vn 0.689707 0.217647 0.690604
vn 0.317113 0.939984 -0.125978
vn -0.919435 0.237834 0.313169
vn -0.901578 0.229231 0.366894
vn -0.950187 0.210987 0.229412
vn -0.919435 0.237834 0.313169
vn -0.942189 0.190940 0.275357
vn -0.658959 0.026302 0.751719
vn -0.802473 0.165550 0.573262
vn -0.819502 0.271984 0.504422
vn -0.880598 0.235333 0.411298
vn -0.809864 0.276996 0.517101
vn -0.925341 0.287438 0.247234
vn -0.676934 0.415871 0.607299
vn -0.926734 -0.096776 -0.363040
vn -0.978180 0.174287 0.113086
vn -0.978254 0.175062 0.111228
vn -0.756794 -0.144054 0.637582
vn -0.800438 -0.177588 0.572505
vn -0.676933 0.415874 0.607298
vn -0.915366 -0.120148 -0.384279
vn -0.915367 -0.120148 -0.384275
vn -0.676932 0.415879 0.607296
vn 0.007719 0.726803 0.686803
vn 0.143299 0.621019 0.770585
vn 0.018792 0.736131 0.676578
vn 0.031146 0.762855 0.645819
vn 0.240710 0.696640 0.675834
vn 0.240150 0.704663 0.667666
vn 0.007774 0.912112 0.409867
vn 0.026063 0.909124 0.415709
vn 0.026110 0.883007 0.468633
vn 0.057122 0.813914 0.578171
vn 0.032321 0.905475 0.423167
vn -0.029877 0.778685 0.626704
vn -0.277101 0.414874 0.866657
vn -0.125785 0.322295 0.938245
vn -0.268269 0.429598 0.862251
vn -0.261223 0.467626 0.844446
vn -0.045706 0.447700 0.893015
vn -0.047757 0.457710 0.887818
vn -0.303032 0.680500 0.667152
vn -0.285377 0.680139 0.675256
vn -0.283099 0.637789 0.716296
vn -0.244590 0.544006 0.802641
vn -0.279127 0.675707 0.682281
vn -0.321895 0.473991 0.819583
vn 0.257737 0.710850 0.654419
vn 0.303889 0.721454 0.622218
vn 0.208595 0.663890 0.718150
vn 0.257737 0.710850 0.654419
vn 0.252794 0.661976 0.705608
vn 0.137879 0.593053 0.793270
vn 0.632210 0.481043 0.607378
vn 0.594312 0.583882 0.553060
vn 0.135939 0.592839 0.793765
vn 0.678994 0.448703 0.581062
vn 0.683650 0.454717 0.570838
vn -0.208083 0.705658 -0.677309
vn -0.208083 0.705658 -0.677309
vn -0.295479 0.673351 -0.677710
vn -0.152782 0.705377 -0.692171
vn -0.251836 0.665666 -0.702472
vn 0.303665 0.531833 -0.790532
vn 0.007024 0.742990 -0.669266
vn 0.075633 0.664551 -0.743405
vn -0.103972 0.713502 -0.692896
vn 0.022818 0.746427 -0.665076
vn -0.268008 0.731786 -0.626627
vn 0.167551 0.829055 -0.533474
vn -0.788369 0.235941 -0.568160
vn -0.409268 0.622311 -0.667255
vn -0.410903 0.622480 -0.666091
vn 0.156787 0.399949 -0.903028
vn 0.078796 0.373068 -0.924452
vn 0.167538 0.829056 -0.533476
vn -0.800506 0.205052 -0.563155
vn -0.800515 0.205045 -0.563146
vn 0.167523 0.829058 -0.533478
vn 0.534266 0.778414 -0.329594
vn 0.548997 0.832148 -0.078310
vn 0.480731 0.876834 -0.007752
vn 0.548805 0.828067 0.114535
vn 0.477443 0.878565 0.013090
vn 0.534656 0.794272 0.288575
vn 0.294641 0.953404 -0.064862
vn 0.732157 0.202508 0.650335
vn 0.651937 0.752024 0.097152
vn 0.571581 0.820192 0.024109
vn 0.720830 0.639715 -0.266774
vn 0.769954 0.603491 -0.207291
vn 0.294642 0.953404 -0.064861
vn 0.736875 0.169510 0.654432
vn 0.736884 0.169528 0.654418
vn 0.294642 0.953404 -0.064860
vn -0.896228 0.191488 0.400134
vn -0.874269 0.178548 0.451414
vn -0.932852 0.171508 0.316816
vn -0.896228 0.191488 0.400134
vn -0.921163 0.147662 0.360077
vn -0.600789 -0.052638 0.797673
vn -0.759105 0.098928 0.643407
vn -0.782632 0.210644 0.585762
vn -0.850089 0.181132 0.494511
vn -0.772131 0.214710 0.598091
vn -0.907718 0.246563 0.339491
vn -0.634580 0.347687 0.690234
vn -0.950114 -0.082525 -0.300789
vn -0.969048 0.144632 0.200071
vn -0.969271 0.145567 0.198302
vn -0.704748 -0.214182 0.676355
vn -0.752733 -0.242713 0.611951
vn -0.634581 0.347688 0.690232
vn -0.940072 -0.103716 -0.324820
vn -0.940077 -0.103716 -0.324804
vn -0.634583 0.347688 0.690230
vn 0.305496 0.726802 0.615167
vn 0.464016 0.621018 0.631685
vn 0.311024 0.736130 0.601145
vn 0.308779 0.762855 0.568074
vn 0.510557 0.696638 0.504011
vn 0.506501 0.704662 0.496898
vn 0.185167 0.912111 0.365741
vn 0.204176 0.909124 0.363050
vn 0.227225 0.883006 0.410693
vn 0.302767 0.813914 0.495859
vn 0.213051 0.905476 0.367045
vn 0.245514 0.778685 0.577384
vn 0.407841 0.857701 0.313073
vn 0.432556 0.862801 0.261668
vn 0.400181 0.824612 0.399839
vn 0.407841 0.857701 0.313073
vn 0.433874 0.822103 0.368646
vn 0.382285 0.769913 0.510971
vn 0.752924 0.643164 0.139446
vn 0.679313 0.728151 0.091268
vn 0.380828 0.769720 0.512349
vn 0.787502 0.608015 0.100786
vn 0.786121 0.611680 0.088665
vn 0.492121 0.845117 -0.208792
vn 0.519275 0.853312 0.047025
vn 0.453781 0.881898 0.127823
vn 0.529963 0.814611 0.235686
vn 0.451609 0.879726 0.148768
vn 0.526539 0.749542 0.401178
vn 0.262640 0.960218 0.094873
vn 0.761086 0.110474 0.639175
vn 0.634133 0.746995 0.199685
vn 0.547877 0.824017 0.144319
vn 0.685873 0.704713 -0.181542
vn 0.739277 0.660309 -0.132139
vn 0.262641 0.960218 0.094875
vn 0.766984 0.077490 0.636970
vn 0.766992 0.077508 0.636958
vn 0.262644 0.960217 0.094877
vn -0.615622 0.780320 0.110051
vn -0.642073 0.751456 0.151841
vn -0.597175 0.801829 0.021284
vn -0.615622 0.780320 0.110051
vn -0.630783 0.774490 0.047735
vn -0.836862 0.368874 0.404468
vn -0.741463 0.598246 0.303866
vn -0.654170 0.691693 0.305977
vn -0.653308 0.731376 0.195647
vn -0.653486 0.685319 0.321395
vn -0.553161 0.828678 0.085478
vn -0.556150 0.657679 0.508089
vn -0.384261 0.698696 -0.603463
vn -0.562458 0.821069 -0.097402
vn -0.560973 0.821963 -0.098416
vn -0.915135 0.354688 0.191638
vn -0.919242 0.378077 0.109780
vn -0.556150 0.657680 0.508088
vn -0.376792 0.679264 -0.629784
vn -0.376790 0.679264 -0.629786
vn -0.556151 0.657682 0.508086
vn 0.203543 0.873784 0.441669
vn 0.250002 0.877880 0.408443
vn 0.155010 0.843041 0.515028
vn 0.203543 0.873784 0.441669
vn 0.202905 0.842978 0.498215
vn 0.654271 0.740896 0.151666
vn 0.443398 0.853904 0.272481
vn 0.327330 0.907060 0.264760
vn 0.280032 0.885852 0.369931
vn 0.333626 0.909108 0.249430
vn 0.122034 0.883850 0.451572
vn 0.311488 0.949317 0.042096
vn -0.143068 0.392847 0.908407
vn 0.085806 0.791203 0.605504
vn 0.083868 0.791021 0.606013
vn 0.672140 0.647989 0.358243
vn 0.643825 0.628617 0.436267
vn 0.311486 0.949317 0.042101
vn -0.147559 0.361850 0.920484
vn -0.147559 0.361856 0.920482
vn 0.311484 0.949318 0.042108
vn 0.353322 0.923568 -0.148949
vn 0.299467 0.940999 -0.157611
vn 0.433972 0.884020 -0.173716
vn 0.353322 0.923568 -0.148949
vn 0.396839 0.896301 -0.197898
vn 0.536986 0.818968 -0.202329
vn 0.086110 0.864146 -0.495820
vn 0.066363 0.919120 -0.388348
vn 0.538573 0.818156 -0.201395
vn 0.036666 0.847020 -0.530295
vn 0.025728 0.850753 -0.524936
vn 0.291656 0.804801 -0.516945
vn 0.124587 0.878889 -0.460469
vn 0.300909 0.810299 -0.502861
vn 0.333781 0.813637 -0.476010
vn 0.202754 0.920952 -0.332773
vn 0.213393 0.920046 -0.328602
vn 0.574068 0.738887 -0.352836
vn 0.563489 0.751677 -0.342727
vn 0.517297 0.769295 -0.374953
vn 0.399971 0.816122 -0.417096
vn 0.555161 0.757905 -0.342603
vn 0.373819 0.774332 -0.510558
vn -0.026951 0.813382 0.581105
vn 0.029212 0.806781 0.590128
vn -0.117181 0.794943 0.595259
vn -0.026951 0.813382 0.581105
vn -0.072265 0.784175 0.616317
vn 0.466795 0.581327 0.666454
vn 0.254615 0.739304 0.623379
vn 0.188607 0.816505 0.545662
vn 0.078391 0.807495 0.584642
vn 0.204086 0.816933 0.539416
vn -0.088572 0.841191 0.533436
vn 0.341396 0.858421 0.382836
vn -0.674017 0.425977 0.603527
vn -0.237207 0.760671 0.604246
vn -0.238934 0.760925 0.603244
vn 0.318433 0.489354 0.811870
vn 0.240756 0.477637 0.844925
vn 0.341394 0.858421 0.382836
vn -0.690733 0.396868 0.604469
vn -0.690715 0.396877 0.604485
vn 0.341392 0.858422 0.382837
vn 0.231205 0.857701 0.459232
vn 0.275808 0.862800 0.423681
vn 0.186591 0.824611 0.534042
vn 0.231205 0.857701 0.459232
vn 0.230494 0.822103 0.520595
vn 0.122172 0.769913 0.626344
vn 0.617454 0.643167 0.452866
vn 0.572103 0.728153 0.377480
vn 0.120264 0.769721 0.626950
vn 0.665405 0.608015 0.433075
vn 0.669432 0.611679 0.421556
vn 0.533954 0.845118 0.025882
vn 0.447209 0.853312 0.268071
vn 0.353102 0.881899 0.312367
vn 0.374825 0.814611 0.442623
vn 0.342043 0.879726 0.330287
vn 0.299804 0.749542 0.590173
vn 0.195288 0.960218 0.199608
vn 0.407579 0.110476 0.906463
vn 0.484289 0.746993 0.455483
vn 0.430673 0.824017 0.368126
vn 0.696598 0.704714 0.134644
vn 0.723218 0.660311 0.202350
vn 0.195289 0.960217 0.199612
vn 0.413855 0.077496 0.907038
vn 0.413862 0.077510 0.907034
vn 0.195290 0.960216 0.199617
vn -0.304567 0.933805 -0.187744
vn -0.355956 0.919471 -0.166937
vn -0.238367 0.937586 -0.253206
vn -0.304567 0.933805 -0.187744
vn -0.287339 0.924859 -0.249142
vn -0.760403 0.645818 -0.068602
vn -0.560669 0.822565 -0.095063
vn -0.461936 0.885821 -0.044002
vn -0.393333 0.909259 -0.136155
vn -0.471138 0.881524 -0.030747
vn -0.226676 0.958236 -0.174363
vn -0.495203 0.850363 0.177923
vn 0.214099 0.698646 -0.682682
vn -0.144761 0.930677 -0.335982
vn -0.142771 0.930962 -0.336044
vn -0.721080 0.628453 -0.291704
vn -0.675914 0.641496 -0.362799
vn -0.495200 0.850365 0.177921
vn 0.227203 0.674715 -0.702238
vn 0.227195 0.674718 -0.702238
vn -0.495197 0.850367 0.177918
vn 0.079970 0.996328 -0.030582
vn 0.079970 0.996328 -0.030582
vn 0.126025 0.985809 -0.110895
vn 0.074938 0.996837 0.026460
vn 0.140151 0.987848 -0.067182
vn 0.184059 0.958363 -0.218320
vn 0.370697 0.884629 0.282871
vn 0.254572 0.922101 0.291414
vn 0.183594 0.958012 -0.220244
vn 0.396607 0.855802 0.332123
vn 0.388661 0.855524 0.342084
vn -0.008683 0.873783 0.486238
vn 0.047601 0.877880 0.476510
vn -0.084278 0.843041 0.531206
vn -0.008683 0.873783 0.486238
vn -0.033835 0.842977 0.536884
vn 0.523299 0.740895 0.420991
vn 0.280874 0.853904 0.438130
vn 0.179702 0.907060 0.380724
vn 0.091388 0.885852 0.454878
vn 0.192036 0.909108 0.369655
vn -0.086391 0.883849 0.459725
vn 0.262222 0.949317 0.173312
vn -0.523716 0.392848 0.755905
vn -0.185930 0.791205 0.582602
vn -0.187896 0.791024 0.582216
vn 0.449595 0.647991 0.614794
vn 0.390179 0.628621 0.672753
vn 0.262217 0.949318 0.173314
vn -0.533013 0.361852 0.764827
vn -0.533010 0.361857 0.764827
vn 0.262211 0.949319 0.173317
vn -0.558403 0.672556 -0.485649
vn -0.706032 0.578363 -0.408676
vn -0.556257 0.683847 -0.472156
vn -0.537804 0.713957 -0.448367
vn -0.683283 0.671660 -0.286352
vn -0.676171 0.680109 -0.283277
vn -0.329245 0.875422 -0.353884
vn -0.344544 0.874270 -0.341966
vn -0.388261 0.844712 -0.368395
vn -0.496632 0.772390 -0.395942
vn -0.354283 0.870894 -0.340629
vn -0.486984 0.723580 -0.489162
vn -0.573213 0.806053 0.147327
vn -0.564839 0.799685 0.203618
vn -0.613598 0.786892 0.065573
vn -0.573213 0.806053 0.147327
vn -0.623484 0.774248 0.108666
vn -0.657800 0.751779 -0.046122
vn -0.743436 0.512209 0.430053
vn -0.661757 0.601599 0.447389
vn -0.657367 0.752036 -0.048073
vn -0.747503 0.466578 0.472805
vn -0.739778 0.468755 0.482699
vn 0.691964 0.672194 0.263326
vn 0.691964 0.672194 0.263326
vn 0.736772 0.650461 0.184575
vn 0.676507 0.664289 0.317896
vn 0.735744 0.635852 0.233180
vn 0.527227 0.431322 0.732116
vn 0.575402 0.684454 0.447700
vn 0.603751 0.593124 0.532624
vn 0.652246 0.666538 0.360973
vn 0.563752 0.686313 0.459520
vn 0.679098 0.708940 0.190343
vn 0.377098 0.761011 0.527882
vn 0.892135 0.283606 -0.351657
vn 0.785631 0.614102 0.075249
vn 0.785467 0.614549 0.073294
vn 0.698318 0.309544 0.645395
vn 0.756430 0.290491 0.586028
vn 0.377101 0.761010 0.527881
vn 0.893882 0.254827 -0.368834
vn 0.893881 0.254826 -0.368837
vn 0.377104 0.761009 0.527880
vn 0.166485 0.559741 0.811772
vn -0.050381 0.675552 0.735589
vn -0.072866 0.748377 0.659259
vn -0.218887 0.723389 0.654826
vn -0.089207 0.756160 0.648278
vn -0.369407 0.740359 0.561611
vn 0.075663 0.837141 0.541728
vn -0.872708 0.242642 0.423682
vn -0.264004 0.629177 0.731053
vn -0.151998 0.687839 0.709771
vn 0.002607 0.413492 0.910504
vn -0.077891 0.386770 0.918881
vn 0.075660 0.837142 0.541728
vn -0.883852 0.211649 0.417146
vn -0.883843 0.211657 0.417161
vn 0.075656 0.837143 0.541727
vn 0.098418 0.440269 -0.892456
vn 0.041467 0.438027 -0.898005
vn 0.184686 0.405179 -0.895389
vn 0.098418 0.440269 -0.892456
vn 0.137698 0.392178 -0.909525
vn -0.424641 0.265326 -0.865611
vn -0.192130 0.394497 -0.898587
vn -0.112767 0.488986 -0.864972
vn -0.006851 0.447941 -0.894037
vn -0.127708 0.494374 -0.859817
vn 0.165554 0.478201 -0.862506
vn -0.249995 0.621953 -0.742076
vn 0.688990 0.001653 -0.724769
vn 0.298741 0.354517 -0.886043
vn 0.300540 0.354967 -0.885254
vn -0.297198 0.097159 -0.949860
vn -0.223530 0.060947 -0.972790
vn -0.249986 0.621953 -0.742079
vn 0.701787 -0.026578 -0.711891
vn 0.701785 -0.026577 -0.711893
vn -0.249974 0.621952 -0.742084
vn 0.382942 0.923568 0.019445
vn 0.338207 0.940998 -0.011767
vn 0.466340 0.884020 0.032197
vn 0.382942 0.923568 0.019445
vn 0.443409 0.896301 -0.005724
vn 0.571548 0.818969 0.051207
vn 0.293076 0.864145 -0.409096
vn 0.228575 0.919120 -0.320892
vn 0.572571 0.818157 0.052740
vn 0.263532 0.847021 -0.461635
vn 0.251351 0.850753 -0.461564
vn 0.487369 0.804801 -0.338773
vn 0.312359 0.878890 -0.360533
vn 0.489578 0.810300 -0.322068
vn 0.507513 0.813636 -0.283595
vn 0.327246 0.920953 -0.211556
vn 0.335015 0.920047 -0.203174
vn 0.670369 0.738886 -0.068216
vn 0.656449 0.751675 -0.063709
vn 0.628857 0.769294 -0.112813
vn 0.541515 0.816120 -0.201766
vn 0.648897 0.757902 -0.067217
vn 0.558582 0.774334 -0.297310
vn -0.236605 0.872160 0.428199
vn -0.190239 0.866587 0.461341
vn -0.324859 0.855383 0.403468
vn -0.236605 0.872160 0.428199
vn -0.294021 0.846987 0.442906
vn 0.160123 0.650854 0.742126
vn -0.004829 0.803160 0.595743
vn -0.027020 0.871380 0.489864
vn -0.143548 0.866696 0.477736
vn -0.010360 0.871120 0.490961
vn -0.270180 0.894577 0.355999
vn 0.182931 0.895200 0.406389
vn -0.847482 0.489546 0.205232
vn -0.438469 0.822301 0.362720
vn -0.439580 0.822444 0.361046
vn -0.040714 0.575370 0.816879
vn -0.125513 0.567346 0.813858
vn 0.182925 0.895202 0.406389
vn -0.864325 0.460717 0.201698
vn -0.864319 0.460725 0.201706
vn 0.182919 0.895204 0.406388
vn 0.325872 -0.454329 -0.829092
vn 0.360569 -0.462793 -0.809822
vn 0.360569 -0.462793 -0.809822
vn 0.448629 -0.417633 -0.790136
vn 0.179995 -0.386214 -0.904677
vn 0.594934 -0.267095 -0.758099
vn -0.509972 -0.477212 -0.715679
vn 0.594926 -0.267097 -0.758104
vn -0.535248 -0.481503 -0.694021
vn -0.535250 -0.481498 -0.694023
vn 0.594917 -0.267100 -0.758110
vn -0.680496 0.491703 -0.543280
vn -0.721305 0.463499 -0.514672
vn -0.614934 0.501215 -0.608802
vn -0.680496 0.491703 -0.543280
vn -0.651831 0.468726 -0.596165
vn -0.955522 0.091510 -0.280364
vn -0.964921 0.086279 -0.247958
vn -0.867680 0.438833 -0.233575
vn -0.517885 0.509171 -0.687416
vn -0.516289 0.510356 -0.687737
vn -0.878731 0.008096 -0.477249
vn -0.834915 0.012021 -0.550247
vn -0.379556 -0.337881 -0.861263
vn -0.341716 -0.344084 -0.874550
vn -0.341716 -0.344084 -0.874550
vn -0.267784 -0.291243 -0.918406
vn -0.535027 -0.280106 -0.797049
vn -0.146263 -0.128676 -0.980841
vn -0.866025 -0.465060 -0.183628
vn -0.146271 -0.128678 -0.980840
vn -0.867359 -0.474116 -0.151338
vn -0.867360 -0.474114 -0.151334
vn -0.146281 -0.128681 -0.980838
vn -0.866663 0.458871 0.195787
vn -0.873240 0.423775 0.240556
vn -0.870020 0.481599 0.105486
vn -0.866663 0.458871 0.195787
vn -0.885570 0.444145 0.136018
vn -0.857397 0.008099 0.514593
vn -0.840036 -0.001067 0.542529
vn -0.767071 0.357452 0.532757
vn -0.861481 0.507517 -0.016647
vn -0.860643 0.508897 -0.017845
vn -0.948202 -0.047988 0.314023
vn -0.971790 -0.032566 0.233589
vn 0.526376 -0.328543 -0.784212
vn 0.556136 -0.339152 -0.758742
vn 0.556136 -0.339152 -0.758742
vn 0.635242 -0.295989 -0.713343
vn 0.398532 -0.252501 -0.881712
vn 0.763350 -0.149438 -0.628463
vn -0.311403 -0.378784 -0.871522
vn 0.763347 -0.149441 -0.628465
vn -0.340717 -0.386433 -0.857078
vn -0.340721 -0.386429 -0.857077
vn 0.763344 -0.149444 -0.628468
vn -0.561032 0.553759 -0.615300
vn -0.605935 0.521245 -0.600955
vn -0.482799 0.573308 -0.661984
vn -0.561032 0.553759 -0.615300
vn -0.520069 0.538851 -0.662697
vn -0.869926 0.116760 -0.479161
vn -0.886196 0.106890 -0.450811
vn -0.811094 0.455226 -0.367282
vn -0.370892 0.593593 -0.714203
vn -0.369323 0.594833 -0.713985
vn -0.746630 0.062963 -0.662254
vn -0.687593 0.077731 -0.721924
vn 0.286635 0.682630 -0.672203
vn 0.139866 0.616014 -0.775219
vn 0.277280 0.694907 -0.663491
vn 0.268704 0.724798 -0.634403
vn 0.055126 0.717956 -0.693902
vn 0.056760 0.725729 -0.685636
vn 0.299973 0.868031 -0.395649
vn 0.282543 0.870034 -0.403993
vn 0.282503 0.843552 -0.456741
vn 0.248858 0.782788 -0.570361
vn 0.276600 0.868052 -0.412285
vn 0.328535 0.723743 -0.606845
vn -0.261582 0.881933 -0.392135
vn -0.308806 0.880453 -0.359779
vn -0.209542 0.859552 -0.466114
vn -0.261582 0.881933 -0.392135
vn -0.253967 0.852778 -0.456366
vn -0.134976 0.818797 -0.557990
vn -0.630378 0.642470 -0.435725
vn -0.596806 0.722332 -0.349369
vn -0.133019 0.818795 -0.558463
vn -0.676856 0.602384 -0.423083
vn -0.681935 0.604600 -0.411611
vn 0.184269 0.671513 0.717716
vn 0.184269 0.671513 0.717716
vn 0.273108 0.643550 0.715022
vn 0.129276 0.667610 0.733202
vn 0.230263 0.632221 0.739780
vn -0.316774 0.466214 0.826014
vn -0.032477 0.698729 0.714649
vn -0.096111 0.612579 0.784544
vn 0.080151 0.673285 0.735026
vn -0.048482 0.701644 0.710877
vn 0.242093 0.703637 0.668046
vn -0.198998 0.785126 0.586496
vn 0.784690 0.238380 0.572220
vn 0.389037 0.598877 0.699997
vn 0.390643 0.599198 0.698828
vn -0.162059 0.334924 0.928204
vn -0.082556 0.310604 0.946947
vn -0.198982 0.785127 0.586500
vn 0.798218 0.208490 0.565137
vn 0.798228 0.208483 0.565126
vn -0.198964 0.785127 0.586505
vn -0.564383 0.615959 0.549606
vn -0.574374 0.749276 0.329667
vn -0.505675 0.816009 0.280040
vn -0.569256 0.809032 0.146341
vn -0.501920 0.824579 0.261048
vn -0.549810 0.834802 -0.028562
vn -0.323336 0.872944 0.365270
vn -0.721209 0.391863 -0.571227
vn -0.670571 0.729585 0.134313
vn -0.594045 0.771347 0.228330
vn -0.745274 0.502257 0.438525
vn -0.791843 0.486760 0.368848
vn -0.323340 0.872944 0.365268
vn -0.724876 0.361985 -0.586107
vn -0.724886 0.361993 -0.586089
vn -0.323343 0.872944 0.365265
vn 0.900078 0.329563 -0.285040
vn 0.879783 0.333852 -0.338415
vn 0.935169 0.283916 -0.211778
vn 0.900078 0.329563 -0.285040
vn 0.925251 0.275457 -0.260836
vn 0.621757 0.224702 -0.750285
vn 0.771771 0.319857 -0.549601
vn 0.790646 0.406728 -0.457659
vn 0.856621 0.350049 -0.379033
vn 0.780342 0.414439 -0.468302
vn 0.908471 0.361763 -0.209305
vn 0.641382 0.567753 -0.516030
vn 0.944292 -0.159226 0.288028
vn 0.969199 0.220720 -0.109253
vn 0.969352 0.221021 -0.107268
vn 0.727234 0.034172 -0.685538
vn 0.774393 -0.013095 -0.632569
vn 0.641387 0.567751 -0.516025
vn 0.934273 -0.187337 0.303381
vn 0.934272 -0.187336 0.303383
vn 0.641394 0.567749 -0.516019
vn 0.495320 0.608976 0.619521
vn 0.650104 0.513691 0.559898
vn 0.495788 0.621294 0.606785
vn 0.482505 0.653864 0.582795
vn 0.650786 0.616484 0.443200
vn 0.644566 0.625457 0.439703
vn 0.297817 0.831330 0.469250
vn 0.314798 0.830318 0.459864
vn 0.352586 0.796914 0.490522
vn 0.452453 0.717783 0.529220
vn 0.324499 0.826593 0.459831
vn 0.426104 0.662923 0.615605
vn 0.489616 0.857701 0.156923
vn 0.495516 0.862801 0.100191
vn 0.511714 0.824611 0.241177
vn 0.489616 0.857701 0.156923
vn 0.532891 0.822102 0.200436
vn 0.532405 0.769914 0.351819
vn 0.755773 0.643167 -0.123057
vn 0.670216 0.728153 -0.143540
vn 0.531498 0.769723 0.353606
vn 0.775262 0.608016 -0.171132
vn 0.769867 0.611680 -0.182076
vn 0.392676 0.845118 -0.362741
vn 0.504641 0.853313 -0.131130
vn 0.470285 0.881899 -0.032958
vn 0.578423 0.814611 0.042834
vn 0.475316 0.879726 -0.012511
vn 0.631098 0.749541 0.199757
vn 0.279250 0.960218 0.000588
vn 0.932246 0.110477 0.344546
vn 0.664319 0.746989 -0.026235
vn 0.564427 0.824015 -0.049213
vn 0.584250 0.704711 -0.402534
vn 0.651203 0.660307 -0.374072
vn 0.279250 0.960218 0.000590
vn 0.937053 0.077480 0.340484
vn 0.937057 0.077508 0.340467
vn 0.279251 0.960218 0.000592
vn -0.539526 0.832073 0.128709
vn -0.556701 0.811160 0.179176
vn -0.541390 0.840005 0.035889
vn -0.539526 0.832073 0.128709
vn -0.569028 0.819074 0.072967
vn -0.703192 0.481743 0.522919
vn -0.624283 0.687685 0.370620
vn -0.535042 0.773740 0.339200
vn -0.558250 0.798052 0.226869
vn -0.531052 0.769462 0.354841
vn -0.482532 0.871855 0.083854
vn -0.394132 0.759932 0.516879
vn -0.484525 0.638120 -0.598363
vn -0.534511 0.840455 -0.089067
vn -0.533264 0.841093 -0.090512
vn -0.829439 0.444994 0.337656
vn -0.851525 0.457408 0.256286
vn -0.394133 0.759933 0.516876
vn -0.484226 0.614820 -0.622512
vn -0.484224 0.614819 -0.622515
vn -0.394134 0.759935 0.516872
vn 0.340759 0.873784 0.346966
vn 0.373265 0.877880 0.300000
vn 0.319857 0.843041 0.432405
vn 0.340759 0.873784 0.346966
vn 0.359259 0.842977 0.400402
vn 0.667047 0.740897 -0.078234
vn 0.509374 0.853904 0.106704
vn 0.397520 0.907059 0.138640
vn 0.388524 0.885852 0.253606
vn 0.398269 0.909108 0.122085
vn 0.267386 0.883850 0.383816
vn 0.307401 0.949317 -0.065585
vn 0.172165 0.392848 0.903344
vn 0.285275 0.791205 0.540937
vn 0.283621 0.791024 0.542071
vn 0.753640 0.647990 0.110162
vn 0.753343 0.628619 0.193163
vn 0.307401 0.949318 -0.065579
vn 0.172011 0.361854 0.916228
vn 0.172015 0.361857 0.916226
vn 0.307401 0.949318 -0.065572
vn 0.282250 0.923568 -0.259533
vn 0.228634 0.940998 -0.249497
vn 0.349795 0.884019 -0.310087
vn 0.282250 0.923568 -0.259533
vn 0.306675 0.896300 -0.320306
vn 0.437086 0.818972 -0.371808
vn -0.086417 0.864145 -0.495768
vn -0.068704 0.919120 -0.387941
vn 0.438893 0.818162 -0.371461
vn -0.144601 0.847021 -0.511514
vn -0.153087 0.850753 -0.502775
vn 0.099912 0.804801 -0.585075
vn -0.038262 0.878891 -0.475486
vn 0.113378 0.810301 -0.574942
vn 0.153388 0.813637 -0.560773
vn 0.078439 0.920953 -0.381698
vn 0.089862 0.920046 -0.381366
vn 0.421161 0.738883 -0.525999
vn 0.414613 0.751679 -0.512907
vn 0.360255 0.769292 -0.527642
vn 0.235588 0.816120 -0.527680
vn 0.406812 0.757912 -0.509974
vn 0.179399 0.774336 -0.606811
vn 0.139623 0.872160 0.468874
vn 0.195759 0.866587 0.459027
vn 0.060130 0.855383 0.514494
vn 0.139623 0.872160 0.468874
vn 0.109873 0.846987 0.520136
vn 0.641594 0.650854 0.405889
vn 0.421572 0.803161 0.420963
vn 0.330495 0.871380 0.362588
vn 0.240175 0.866696 0.437211
vn 0.342952 0.871120 0.351473
vn 0.064590 0.894577 0.442221
vn 0.418090 0.895201 0.154324
vn -0.447545 0.489553 0.748360
vn -0.048557 0.822300 0.566979
vn -0.050527 0.822442 0.566600
vn 0.554172 0.575364 0.601540
vn 0.492589 0.567338 0.659912
vn 0.418088 0.895202 0.154327
vn -0.461873 0.460715 0.757902
vn -0.461860 0.460731 0.757900
vn 0.418086 0.895202 0.154332
vn 0.674698 0.726803 0.128612
vn 0.783699 0.621019 0.012337
vn 0.666872 0.736130 0.115731
vn 0.639173 0.762855 0.097523
vn 0.710143 0.696640 -0.101928
vn 0.702026 0.704664 -0.102998
vn 0.403270 0.912113 0.073648
vn 0.412624 0.909124 0.056880
vn 0.464505 0.883007 0.067328
vn 0.578017 0.813914 0.058650
vn 0.421177 0.905474 0.052225
vn 0.608338 0.778684 0.153545
vn 0.495957 0.857701 -0.135559
vn 0.469955 0.862801 -0.186325
vn 0.560436 0.824611 -0.076997
vn 0.495957 0.857701 -0.135559
vn 0.555961 0.822103 -0.122694
vn 0.638133 0.769913 0.004445
vn 0.566304 0.643166 -0.515401
vn 0.483423 0.728152 -0.485898
vn 0.638349 0.769720 0.006435
vn 0.556413 0.608017 -0.566321
vn 0.545922 0.611682 -0.572551
vn 0.131241 0.845117 -0.518221
vn 0.351420 0.853313 -0.385178
vn 0.376177 0.881899 -0.284157
vn 0.508153 0.814612 -0.279621
vn 0.391547 0.879726 -0.269764
vn 0.637901 0.749542 -0.176834
vn 0.234365 0.960219 -0.151834
vn 0.969280 0.110471 -0.219754
vn 0.542467 0.746991 -0.384363
vn 0.446212 0.824015 -0.349132
vn 0.270099 0.704711 -0.656071
vn 0.341740 0.660306 -0.668737
vn 0.234370 0.960217 -0.151834
vn 0.971091 0.077484 -0.225783
vn 0.971086 0.077504 -0.225798
vn 0.234375 0.960216 -0.151835
vn -0.284565 0.780321 0.556886
vn -0.267272 0.751457 0.603223
vn -0.344115 0.801829 0.488524
vn -0.284565 0.780321 0.556886
vn -0.343365 0.774489 0.531288
vn -0.183823 0.368875 0.911121
vn -0.206272 0.598248 0.774307
vn -0.151812 0.691695 0.706053
vn -0.226773 0.703168 0.673891
vn -0.139117 0.685320 0.714831
vn -0.007306 0.654428 0.756089
vn 0.068440 0.657676 0.750185
vn -0.417656 0.821071 0.389110
vn -0.417565 0.821966 0.387312
vn -0.400665 0.354686 0.844787
vn -0.468348 0.378075 0.798567
vn 0.068438 0.657678 0.750184
vn 0.068435 0.657680 0.750182
vn 0.474863 0.873783 0.104921
vn 0.476487 0.877880 0.047826
vn 0.503949 0.843040 0.187932
vn 0.474863 0.873783 0.104921
vn 0.519515 0.842978 0.139617
vn 0.516390 0.740896 -0.429436
vn 0.485122 0.853904 -0.188427
vn 0.408795 0.907060 -0.100646
vn 0.463968 0.885852 0.000618
vn 0.400392 0.909108 -0.114930
vn 0.433469 0.883849 0.175829
vn 0.221863 0.949317 -0.222652
vn 0.637056 0.392848 0.663197
vn 0.534170 0.791205 0.297754
vn 0.533403 0.791024 0.299603
vn 0.691741 0.647984 -0.318766
vn 0.736770 0.628610 -0.249037
vn 0.221865 0.949318 -0.222648
vn 0.643949 0.361853 0.674086
vn 0.643957 0.361857 0.674077
vn 0.221866 0.949318 -0.222644
vn 0.094986 0.923570 -0.371479
vn 0.055524 0.941000 -0.333822
vn 0.124019 0.884022 -0.450694
vn 0.094986 0.923570 -0.371479
vn 0.082306 0.896301 -0.435740
vn 0.163514 0.818970 -0.550047
vn -0.342862 0.864145 -0.368374
vn -0.269198 0.919120 -0.287665
vn 0.165219 0.818158 -0.550746
vn -0.400217 0.847021 -0.349831
vn -0.402563 0.850753 -0.337878
vn -0.235412 0.804802 -0.544863
vn -0.291440 0.878890 -0.377643
vn -0.218599 0.810300 -0.543718
vn -0.177336 0.813638 -0.553666
vn -0.142469 0.920953 -0.362696
vn -0.132714 0.920047 -0.368648
vn 0.066055 0.738888 -0.670583
vn 0.067704 0.751685 -0.656038
vn 0.014113 0.769296 -0.638737
vn -0.090391 0.816122 -0.570767
vn 0.062763 0.757919 -0.649323
vn -0.180648 0.774332 -0.606445
vn 0.662731 -0.652126 -0.368131
vn 0.663868 -0.670206 -0.331817
vn 0.663868 -0.670206 -0.331817
vn 0.711630 -0.658952 -0.243649
vn 0.664690 -0.545521 -0.510484
vn 0.816849 -0.571068 -0.081480
vn 0.114361 -0.345506 -0.931422
vn 0.816849 -0.571067 -0.081492
vn 0.082532 -0.337041 -0.937865
vn 0.082536 -0.337048 -0.937863
vn 0.816848 -0.571066 -0.081506
vn 0.214394 0.630776 -0.745760
vn 0.160759 0.624055 -0.764665
vn 0.303607 0.606045 -0.735209
vn 0.214394 0.630776 -0.745760
vn 0.262955 0.591742 -0.762034
vn -0.271610 0.402305 -0.874287
vn -0.303422 0.405455 -0.862289
vn -0.143398 0.694591 -0.704969
vn 0.419458 0.566334 -0.709451
vn 0.420969 0.566781 -0.708198
vn -0.106330 0.270121 -0.956937
vn -0.025026 0.247359 -0.968601
vn 0.554653 -0.600162 0.576338
vn 0.522264 -0.605897 0.600108
vn 0.522264 -0.605897 0.600108
vn 0.476749 -0.559993 0.677583
vn 0.690873 -0.543079 0.477242
vn 0.413267 -0.409534 0.813322
vn 0.776355 -0.583769 -0.237667
vn 0.413277 -0.409533 0.813317
vn 0.765975 -0.583615 -0.269583
vn 0.765976 -0.583613 -0.269588
vn 0.413291 -0.409532 0.813311
vn 0.834952 0.403988 -0.373697
vn 0.820713 0.382181 -0.424696
vn 0.870100 0.400351 -0.287479
vn 0.834952 0.403988 -0.373696
vn 0.868158 0.371431 -0.329152
vn 0.643299 0.062543 -0.763056
vn 0.616798 0.063299 -0.784572
vn 0.619444 0.410596 -0.669104
vn 0.904526 0.392169 -0.167440
vn 0.904372 0.393243 -0.165745
vn 0.778987 -0.055876 -0.624546
vn 0.828598 -0.065830 -0.555960
vn -0.939894 -0.340041 -0.031176
vn -0.926539 -0.372693 -0.051238
vn -0.926539 -0.372693 -0.051238
vn -0.905182 -0.399064 -0.146264
vn -0.983116 -0.179957 0.033155
vn -0.852534 -0.386719 -0.351617
vn -0.756471 0.138467 0.639201
vn -0.852541 -0.386711 -0.351607
vn -0.734143 0.145853 0.663145
vn -0.734140 0.145855 0.663147
vn -0.852551 -0.386702 -0.351595
vn -0.344998 0.921937 0.176092
vn -0.320121 0.919626 0.227619
vn -0.412332 0.903837 0.114282
vn -0.344998 0.921937 0.176092
vn -0.404283 0.899768 0.164235
vn -0.159097 0.733568 0.660732
vn -0.128100 0.727722 0.673804
vn -0.040219 0.924846 0.378210
vn -0.495679 0.868052 0.028057
vn -0.495863 0.868010 0.026055
vn -0.376471 0.671338 0.638416
vn -0.450296 0.664509 0.596373
vn -0.327992 0.703017 0.631021
vn -0.402340 0.841760 0.359948
vn -0.190719 0.916349 0.352038
vn 0.023345 0.789002 0.613947
vn 0.044203 0.912739 0.406146
vn 0.199947 0.767448 0.609135
vn 0.262046 0.865148 0.427611
vn 0.324451 0.769211 0.550496
vn 0.285883 0.860709 0.421249
vn 0.251937 0.871763 0.420186
vn -0.274752 0.961074 0.029119
vn 0.145803 0.976542 0.158452
vn 0.278293 0.947321 0.158544
vn 0.373022 0.889960 0.262347
vn 0.050701 0.962283 0.267284
vn 0.030390 0.861484 0.506874
vn -0.186056 0.972357 0.141088
vn -0.186063 0.972355 0.141087
vn -0.186064 0.972355 0.141087
vn -0.273350 0.932217 0.237173
vn -0.283298 0.954915 0.088770
vn -0.166712 0.976378 0.137453
vn -0.208379 0.962198 -0.175364
vn -0.110311 0.876543 0.468513
vn -0.012290 0.995045 0.098661
vn 0.092380 0.921237 0.377873
vn 0.035934 0.986274 -0.161160
vn 0.273069 0.958993 0.075937
vn 0.411062 0.876989 0.248835
vn 0.457551 0.887221 0.059042
vn 0.464466 0.874371 0.140523
vn 0.347330 0.923293 -0.163990
vn 0.029003 0.877153 0.479335
vn 0.029004 0.877153 0.479334
vn 0.029004 0.877153 0.479333
vn 0.097391 0.828267 0.551805
vn -0.024256 0.839415 0.542949
vn 0.028078 0.890600 0.453919
vn -0.235404 0.867849 0.437519
vn 0.317860 0.842530 0.434866
vn 0.015597 0.950918 0.309049
vn 0.266086 0.932546 0.244043
vn -0.191666 0.955674 0.223499
vn 0.038383 0.998326 0.043266
vn 0.202791 0.976699 -0.070245
vn 0.052878 0.988859 -0.139146
vn 0.114091 0.984181 -0.135537
vn -0.145491 0.986862 -0.070252
vn 0.224681 0.611535 0.758646
vn 0.224681 0.611534 0.758646
vn 0.224681 0.611534 0.758646
vn 0.224565 0.611592 0.758634
vn 0.224661 0.611626 0.758579
vn 0.131335 0.684668 0.716925
vn 0.084063 0.686877 0.721896
vn 0.129960 0.723493 0.677988
vn -0.100499 0.838033 0.536284
vn -0.147941 0.897627 0.415185
vn -0.230502 0.855335 0.463973
vn -0.411332 0.897349 0.159908
vn -0.514974 0.856888 0.023339
vn -0.568921 0.819039 -0.074187
vn -0.642813 0.766008 -0.004785
vn -0.506005 0.862453 0.011578
vn 0.114187 0.962402 0.246462
vn 0.216209 0.952615 0.213959
vn 0.090327 0.983091 0.159288
vn -0.039983 0.997913 0.050700
vn -0.028266 0.997519 0.064473
vn -0.134666 0.990217 -0.036552
vn -0.160719 0.986018 -0.044021
vn -0.181385 0.978522 -0.097953
vn -0.187666 0.980255 -0.062311
vn -0.182481 0.981372 -0.060086
vn 0.140368 0.968420 0.206057
vn -0.070298 0.997257 0.023187
vn -0.168775 0.985438 -0.020670
vn -0.207631 0.976892 -0.050705
vn 0.042989 0.996990 0.064516
vn -0.080381 0.981320 0.174787
vn 0.108226 0.931338 0.347702
vn 0.057612 0.899976 0.432117
vn 0.116316 0.954112 0.275937
vn 0.235277 0.969424 -0.069732
vn 0.270103 0.959469 0.080393
vn 0.419271 0.884579 -0.204281
vn 0.412956 0.879916 -0.234980
vn 0.426517 0.826699 -0.366949
vn 0.428907 0.800481 -0.418651
vn 0.431172 0.793783 -0.428950
vn 0.069606 0.922752 0.379057
vn 0.322254 0.946278 -0.026663
vn 0.374161 0.895548 -0.240826
vn 0.454517 0.811041 -0.368276
vn 0.345658 0.921564 0.176749
vn 0.044821 0.998903 -0.013573
vn -0.089629 0.944341 0.316521
vn -0.089629 0.944342 0.316521
vn -0.089629 0.944342 0.316521
vn -0.089517 0.944369 0.316469
vn 0.000054 0.972466 0.233046
vn -0.089618 0.944379 0.316413
vn 0.047608 0.971657 0.231552
vn -0.002340 0.983796 0.179275
vn 0.243393 0.956546 -0.160562
vn 0.210802 0.977263 -0.022809
vn 0.330047 0.938158 -0.104543
vn 0.468246 0.789282 -0.397215
vn 0.549920 0.670324 -0.498250
vn 0.668501 0.564865 -0.483771
vn 0.588008 0.580156 -0.563618
vn 0.539646 0.669656 -0.510237
vn -0.185411 0.944003 0.272913
vn -0.204541 0.938074 0.279608
vn 0.091460 0.974550 0.204663
vn -0.048741 0.998623 -0.019389
vn 0.399081 0.880847 0.254643
vn -0.003866 0.981440 -0.191733
vn 0.500755 0.862957 0.067448
vn 0.525696 0.848301 -0.063473
vn 0.002860 0.959613 -0.281308
vn 0.397537 0.898798 -0.184734
vn -0.211962 0.926581 0.310677
vn -0.242885 0.962994 0.116835
vn -0.349896 0.912430 -0.212235
vn -0.384150 0.909728 -0.157556
vn -0.459133 0.886556 0.056702
vn 0.679918 0.712657 0.172720
vn 0.416404 0.899243 0.134051
vn 0.697430 0.696205 0.169970
vn 0.473125 0.868877 0.145622
vn 0.230795 0.968639 0.092050
vn -0.199393 0.979225 -0.036879
vn -0.238210 0.969096 -0.064110
vn -0.039079 0.999041 0.019743
vn -0.417574 0.898477 -0.135543
vn -0.396517 0.915758 -0.064520
vn 0.224105 0.969696 0.097299
vn 0.777160 0.608247 0.161425
vn -0.010881 0.999436 0.031760
vn 0.777094 0.609661 0.156329
vn -0.314074 0.150764 0.937352
vn -0.338871 0.167178 0.925861
vn 0.122421 0.119910 0.985208
vn 0.118422 0.102013 0.987709
vn 0.173397 0.076048 0.981912
vn -0.233934 0.080079 0.968949
vn 0.092887 -0.217449 0.971642
vn 0.896999 0.064090 0.437361
vn 0.675239 0.018961 0.737355
vn 0.753649 0.055888 0.654896
vn 0.890622 0.092982 0.445136
vn 0.908538 0.021394 0.417255
vn 0.681150 -0.003881 0.732134
vn 0.718980 -0.012686 0.694914
vn 0.901810 -0.009313 0.432033
vn 0.906818 -0.171275 0.385157
vn -0.442414 0.870129 0.217129
vn -0.342778 0.906517 -0.246435
vn -0.470155 0.850365 0.236292
vn -0.158657 0.972479 -0.170627
vn -0.459174 0.755177 -0.467832
vn -0.279950 0.819736 -0.499660
vn -0.335362 0.801252 -0.495508
vn -0.062138 0.992557 -0.104734
vn -0.243381 0.901623 -0.357549
vn -0.514701 0.763275 0.390505
vn -0.101227 0.990383 0.094314
vn -0.496705 0.767316 0.405598
vn -0.559205 0.697952 0.447384
vn 0.060474 0.996257 0.061762
vn -0.014917 0.991597 0.128502
vn 0.158959 0.928920 0.334425
vn 0.138934 0.906928 0.397718
vn 0.212449 0.977002 -0.018248
vn 0.100770 0.994699 0.020455
vn 0.412644 0.893758 -0.175845
vn 0.414765 0.887527 -0.200665
vn 0.363413 0.896933 -0.251876
vn 0.290066 0.945836 -0.145794
vn 0.145938 0.825451 0.545283
vn 0.125406 0.812938 0.568687
vn -0.019583 0.985830 0.166601
vn 0.035805 0.994876 0.094552
vn -0.149601 0.973250 0.174365
vn -0.173792 0.954077 0.243992
vn -0.134464 0.951693 0.276044
vn 0.649796 0.578236 -0.493364
vn 0.593168 0.804735 -0.023542
vn 0.682721 0.499435 -0.533345
vn 0.389658 0.919041 -0.059423
vn 0.658180 0.699755 0.277745
vn 0.510764 0.815949 0.270825
vn 0.549237 0.783476 0.290694
vn 0.491438 0.861085 0.130466
vn 0.672291 0.395563 -0.625743
vn 0.689853 0.405579 -0.599674
vn 0.358947 0.832690 -0.421645
vn 0.308456 0.937759 -0.159572
vn 0.117170 0.943544 -0.309833
vn 0.098423 0.910122 -0.402480
vn 0.169624 0.807049 -0.565596
vn -0.692430 0.592393 -0.411838
vn -0.381494 0.776659 -0.501261
vn -0.737861 0.555660 -0.383148
vn -0.386662 0.844468 -0.370630
vn -0.155216 0.703879 -0.693154
vn -0.007253 0.783970 -0.620757
vn -0.129419 0.702088 -0.700230
vn -0.019369 0.878220 -0.477864
vn 0.152197 0.816153 -0.557432
vn -0.848030 0.405899 -0.340722
vn -0.832502 0.419191 -0.362242
vn -0.580183 0.769343 -0.267393
vn -0.370157 0.915615 -0.156949
vn -0.554540 0.828345 0.079564
vn -0.577818 0.814793 -0.047313
vn -0.675996 0.731596 -0.088303
vn -0.684447 0.718737 -0.122268
vn -0.097321 0.971049 -0.218158
vn 0.097501 0.995126 -0.014737
vn -0.134975 0.953691 -0.268803
vn -0.029016 0.997018 -0.071503
vn 0.330998 0.943550 -0.012419
vn 0.385745 0.914419 -0.122630
vn 0.348867 0.933834 -0.079028
vn 0.222306 0.962885 -0.153075
vn -0.262709 0.794635 -0.547301
vn -0.217406 0.822109 -0.526185
vn -0.222480 0.974054 -0.041498
vn -0.233497 0.696261 -0.678748
vn -0.283508 0.957602 -0.051198
vn -0.111601 0.982226 -0.150921
vn -0.311486 0.949435 -0.039377
vn 0.998335 0.003396 0.057575
vn 0.998201 0.057285 0.017675
vn 0.993738 0.103765 0.041436
vn 0.979640 0.129843 0.153123
vn 0.484622 0.033534 0.874081
vn 0.556314 0.049287 0.829509
vn 0.575824 0.042427 0.816472
vn -0.201341 0.975715 -0.086271
vn -0.005210 0.979640 0.200694
vn -0.144097 0.982065 0.121589
vn -0.286078 0.957273 0.042276
vn -0.260469 0.964866 -0.034493
vn 0.129915 0.900413 0.415185
vn 0.460221 0.818124 0.344775
vn 0.333335 0.833422 0.440789
vn 0.196816 0.823522 0.532048
vn 0.144974 0.863192 0.483614
vn 0.028859 0.999268 -0.025097
vn -0.219513 0.940057 -0.260972
vn -0.070238 0.974082 -0.215014
vn 0.087139 0.981972 -0.167746
vn 0.076981 0.993152 -0.087879
vn -0.235605 0.964281 -0.121051
vn 0.075485 0.996368 -0.039402
vn -0.110076 0.993769 -0.017532
vn -0.270132 0.961676 -0.046982
vn -0.358524 0.918789 -0.165191
vn 0.044415 0.962795 -0.266556
vn 0.088922 0.995919 -0.015450
vn 0.035030 0.967240 -0.251435
vn -0.057649 0.921339 -0.384461
vn 0.044990 0.916266 -0.398035
vn 0.049413 0.962683 0.266083
vn -0.015742 0.996073 -0.087131
vn 0.079738 0.993840 0.076961
vn 0.133946 0.961446 0.240167
vn 0.183643 0.916453 0.355512
vn 0.266923 0.962550 0.047435
vn -0.067795 0.995480 -0.066508
vn 0.097797 0.993867 -0.051616
vn 0.268109 0.962551 -0.040162
vn 0.388187 0.919877 0.056017
vn -0.033568 0.963875 0.264230
vn -0.049927 0.994013 0.097189
vn -0.015476 0.996083 -0.087057
vn -0.116272 0.962074 0.246768
vn -0.060739 0.917886 0.392169
vn 0.248661 0.966016 -0.070576
vn 0.105733 0.992275 0.064894
vn 0.066364 0.997047 -0.038639
vn 0.196070 0.971421 -0.133784
vn 0.210632 0.968165 -0.135244
vn 0.140321 0.949723 0.279885
vn 0.003032 0.999362 -0.035582
vn 0.123895 0.989921 0.068609
vn 0.248883 0.953634 0.169233
vn 0.208700 0.948156 0.239676
vn -0.230820 0.968585 0.092549
vn 0.058969 0.997785 -0.030791
vn -0.023995 0.990305 0.136822
vn -0.062635 0.988791 0.135531
vn -0.208953 0.963255 0.168757
vn 0.036019 0.997479 -0.061136
vn 0.106697 0.993560 0.038140
vn -0.000119 0.998562 -0.053607
vn -0.027394 0.978540 -0.204229
vn -0.025576 0.978271 -0.205746
vn -0.031388 0.976059 -0.215229
vn 0.086746 0.988991 0.119884
vn -0.060488 0.997939 -0.021435
vn -0.172443 0.973984 -0.147030
vn -0.168350 0.938294 -0.302096
vn 0.202187 0.975715 -0.084270
vn -0.140298 0.979640 -0.143603
vn 0.013224 0.982065 -0.188077
vn 0.169052 0.957273 -0.234625
vn 0.206261 0.964866 -0.162759
vn -0.388292 0.900413 -0.196178
vn -0.567991 0.818124 0.089773
vn -0.548420 0.833422 -0.068138
vn -0.518725 0.823522 -0.229643
vn -0.447861 0.863192 -0.233068
vn -0.002114 0.999268 0.038186
vn 0.340139 0.940057 0.024449
vn 0.203148 0.974082 0.099474
vn 0.059572 0.981972 0.179396
vn 0.009374 0.993152 0.116451
vn 0.251008 0.964281 -0.084604
vn -0.024349 0.996368 0.081594
vn 0.089286 0.993769 -0.066724
vn 0.221952 0.961676 -0.160985
vn 0.368327 0.918789 -0.141994
vn 0.160209 0.962795 0.217618
vn -0.050891 0.995919 0.074539
vn 0.155905 0.967240 0.200350
vn 0.315895 0.921339 0.226592
vn 0.254100 0.916266 0.309660
vn -0.225260 0.962683 -0.149999
vn 0.073457 0.996073 0.049433
vn -0.110764 0.993840 0.003550
vn -0.265586 0.961446 -0.071315
vn -0.382941 0.916453 -0.116060
vn -0.220040 0.962550 0.158367
vn 0.094944 0.995480 -0.002270
vn -0.031139 0.993867 0.106108
vn -0.158046 0.962551 0.220265
vn -0.310705 0.919877 0.239352
vn -0.166100 0.963875 -0.208219
vn -0.034905 0.994013 -0.103538
vn 0.073219 0.996083 0.049572
vn -0.095940 0.962074 -0.255360
vn -0.238917 0.917886 -0.316867
vn -0.122681 0.966016 0.227514
vn -0.120226 0.992275 0.030602
vn -0.018540 0.997047 0.074521
vn -0.040700 0.971421 0.233848
vn -0.049800 0.968165 0.245309
vn -0.298513 0.949723 -0.094422
vn 0.023405 0.999362 0.026972
vn -0.135547 0.989921 0.041038
vn -0.294816 0.953634 0.060548
vn -0.317331 0.948156 -0.017363
vn 0.094489 0.968585 -0.230032
vn -0.019014 0.997785 0.063749
vn -0.081401 0.990305 -0.112561
vn -0.053546 0.988791 -0.139372
vn 0.024597 0.963255 -0.267461
vn 0.018742 0.997479 0.068438
vn -0.101711 0.993560 0.049938
vn 0.038527 0.998562 0.037274
vn 0.165555 0.978540 0.122684
vn 0.165376 0.978271 0.125045
vn 0.176228 0.976059 0.127485
vn -0.146429 0.988991 -0.021338
vn 0.057527 0.997939 -0.028441
vn 0.225621 0.973984 -0.021201
vn 0.333976 0.938294 0.089801
vn -0.201341 0.975715 -0.086271
vn -0.005210 0.979640 0.200694
vn -0.144097 0.982065 0.121589
vn -0.286078 0.957273 0.042276
vn -0.260469 0.964866 -0.034493
vn 0.129915 0.900413 0.415185
vn 0.460221 0.818124 0.344775
vn 0.333335 0.833422 0.440789
vn 0.196816 0.823522 0.532048
vn 0.144974 0.863192 0.483614
vn 0.028859 0.999268 -0.025097
vn -0.219513 0.940057 -0.260972
vn -0.070238 0.974082 -0.215014
vn 0.087139 0.981972 -0.167746
vn 0.076981 0.993152 -0.087879
vn -0.235605 0.964281 -0.121051
vn 0.075485 0.996368 -0.039402
vn -0.110076 0.993769 -0.017532
vn -0.270132 0.961676 -0.046982
vn -0.358524 0.918789 -0.165191
vn 0.044415 0.962795 -0.266556
vn 0.088922 0.995919 -0.015450
vn 0.035030 0.967240 -0.251435
vn -0.057649 0.921339 -0.384461
vn 0.044990 0.916266 -0.398035
vn 0.049413 0.962683 0.266083
vn -0.015742 0.996072 -0.087131
vn 0.079738 0.993840 0.076961
vn 0.133946 0.961446 0.240167
vn 0.183643 0.916453 0.355512
vn 0.266923 0.962550 0.047435
vn -0.067795 0.995480 -0.066508
vn 0.097797 0.993867 -0.051616
vn 0.268109 0.962551 -0.040162
vn 0.388187 0.919876 0.056017
vn -0.033568 0.963875 0.264230
vn -0.049927 0.994013 0.097189
vn -0.015476 0.996083 -0.087057
vn -0.116272 0.962074 0.246768
vn -0.060739 0.917886 0.392169
vn 0.248661 0.966016 -0.070576
vn 0.105733 0.992275 0.064894
vn 0.066364 0.997047 -0.038639
vn 0.196070 0.971421 -0.133784
vn 0.210632 0.968165 -0.135244
vn 0.140321 0.949723 0.279884
vn 0.003032 0.999362 -0.035582
vn 0.123895 0.989921 0.068609
vn 0.248883 0.953634 0.169233
vn 0.208700 0.948156 0.239676
vn -0.230820 0.968585 0.092549
vn 0.058969 0.997785 -0.030791
vn -0.023995 0.990305 0.136822
vn -0.062635 0.988791 0.135531
vn -0.208953 0.963255 0.168757
vn 0.036019 0.997479 -0.061136
vn 0.106697 0.993560 0.038140
vn -0.000119 0.998562 -0.053607
vn -0.027394 0.978540 -0.204229
vn -0.025576 0.978271 -0.205746
vn -0.031388 0.976059 -0.215229
vn 0.086746 0.988991 0.119884
vn -0.060488 0.997939 -0.021435
vn -0.172443 0.973984 -0.147030
vn -0.168350 0.938294 -0.302096
vn 0.746972 -0.029635 -0.664195
vn -0.008193 -0.001314 -0.999966
vn -0.049593 -0.018095 -0.998606
vn 0.746654 -0.029498 -0.664559
vn 0.811359 0.036553 -0.583404
vn -0.000848 0.002378 -0.999997
vn 0.813211 0.037046 -0.580788
vn 0.925301 0.051880 -0.375669
vn 0.005202 -0.008681 -0.999949
vn 0.924575 0.053666 -0.377202
vn 0.734761 0.017126 -0.678110
vn 0.004880 -0.002745 -0.999984
vn 0.733275 0.015600 -0.679753
vn -0.772248 0.028488 -0.634682
vn -0.773890 0.027990 -0.632701
vn -0.884400 -0.035589 -0.465371
vn -0.884268 -0.035338 -0.465642
vn -0.744362 -0.040029 -0.666575
vn -0.744995 -0.041626 -0.665770
vn -0.982940 -0.025927 -0.182092
vn -0.984108 -0.024050 -0.175937
vn 0.868167 0.154816 -0.471507
vn 0.397234 0.114908 -0.910495
vn 0.361822 0.055506 -0.930593
vn 0.869749 0.154061 -0.468831
vn 0.939069 0.144683 -0.311796
vn 0.953725 0.243829 -0.175942
vn 0.301470 0.103770 -0.947812
vn 0.953955 0.244513 -0.173733
vn 0.937104 0.280376 -0.207909
vn 0.880722 0.344314 -0.325232
vn 0.479726 0.127955 -0.868038
vn 0.880839 0.343865 -0.325391
vn 0.925113 0.303676 -0.227920
vn 0.898575 0.225094 -0.376690
vn 0.932655 0.164852 -0.320902
vn 0.439432 0.068615 -0.895651
vn 0.321575 0.053623 -0.945364
vn 0.984972 0.025960 -0.170750
vn -0.222319 0.029832 -0.974518
vn -0.226974 0.027903 -0.973501
vn -0.583983 -0.137765 -0.799990
vn -0.555500 -0.138279 -0.819938
vn -0.555326 -0.138395 -0.820037
vn -0.575754 -0.160210 -0.801773
vn -0.446358 -0.209736 -0.869928
vn -0.446300 -0.211127 -0.869622
vn -0.610004 -0.249549 -0.752078
vn -0.848398 -0.213993 -0.484177
vn -0.813439 -0.115917 -0.569983
vn -0.729906 0.021856 -0.683198
vn 0.438251 0.096901 -0.893614
vn 0.463183 0.094473 -0.881213
vn 0.438373 0.096747 -0.893571
vn 0.431119 0.100779 -0.896649
vn 0.430781 0.100872 -0.896802
vn 0.423486 0.102874 -0.900043
vn 0.423486 0.102874 -0.900043
vn 0.519460 0.060294 -0.852365
vn 0.499911 0.120322 -0.857678
vn 0.518472 0.058544 -0.853088
vn 0.475030 0.094806 -0.874847
vn 0.497464 0.074166 -0.864309
vn 0.496550 0.075532 -0.864716
vn 0.493293 0.122802 -0.861151
vn -0.712158 -0.019603 -0.701746
vn -0.712241 -0.019762 -0.701657
vn -0.731297 -0.023041 -0.681670
vn -0.706863 -0.015414 -0.707182
vn -0.706605 -0.015306 -0.707443
vn -0.701021 -0.012983 -0.713023
vn -0.701021 -0.012983 -0.713023
vn -0.771097 -0.059212 -0.633959
vn -0.770212 -0.060928 -0.634871
vn -0.761004 0.001561 -0.648745
vn -0.740402 -0.023158 -0.671766
vn -0.755812 -0.044624 -0.653266
vn -0.755235 -0.043227 -0.654028
vn -0.756182 0.004280 -0.654347
vn 0.943973 -0.038341 0.327789
vn 0.942918 -0.038350 0.330809
vn 0.927057 0.187441 -0.324702
vn 0.946942 0.124265 -0.296411
vn 0.872188 -0.072102 0.483828
vn 0.801539 -0.203958 0.562082
vn 0.800209 -0.205208 0.563520
vn 0.909084 0.146468 -0.390016
vn 0.820857 -0.230437 0.522583
vn 0.881463 -0.260036 0.394213
vn 0.881571 -0.259564 0.394284
vn 0.972687 0.099075 -0.209914
vn 0.831977 -0.247398 0.496598
vn 0.908131 -0.131747 0.397418
vn 0.878432 -0.089026 0.469501
vn 0.776998 0.004187 0.629489
vn 0.911013 0.193831 -0.363984
vn 0.955085 0.164267 -0.246634
vn 0.566015 0.235043 -0.790178
vn 0.570183 0.233377 -0.787672
vn 0.206562 0.359876 -0.909847
vn 0.173373 0.354553 -0.918822
vn 0.206727 0.360011 -0.909756
vn 0.301216 0.440242 -0.845846
vn 0.175832 0.376531 -0.909564
vn 0.300767 0.441501 -0.845349
vn -0.245223 0.348586 -0.904629
vn 0.100134 0.450035 -0.887379
vn 0.022517 0.172076 -0.984826
vn -0.141076 0.276227 -0.950682
vn 0.212565 0.194063 0.957682
vn 0.739263 0.408767 0.535164
vn 0.835773 0.430287 0.341083
vn 0.412185 0.274861 0.868652
vn 0.431685 0.315263 0.845138
vn 0.703827 0.459984 0.541335
vn 0.443453 0.349160 0.825492
vn 0.644999 0.492077 0.584667
vn 0.332374 0.333963 0.882041
vn 0.325512 0.331564 0.885498
vn 0.489414 0.770582 0.408261
vn -0.118356 0.398147 0.909654
vn -0.074816 0.453979 0.887866
vn 0.301159 0.892614 0.335474
vn 0.845745 0.433141 0.311616
vn 0.842348 0.431553 0.322819
vn 0.872340 0.486587 0.047496
vn 0.848183 0.518924 0.106317
vn 0.824645 0.543969 0.155109
vn 0.773189 0.606760 0.184447
vn 0.773411 0.607868 0.179812
vn 0.526775 0.849998 0.003383
vn 0.420411 0.907139 -0.018822
vn 0.934436 0.145308 -0.325137
vn 0.937612 0.145175 -0.315925
vn 0.794327 0.192216 -0.576279
vn 0.931091 0.145836 -0.334366
vn 0.937513 0.037123 0.345964
vn 0.936477 0.036109 0.348865
vn 0.817449 0.173648 -0.549203
vn 0.833608 -0.018663 0.552041
vn 0.834678 -0.020124 0.550371
vn 0.819421 0.184299 -0.542755
vn 0.969467 0.075689 0.233249
vn 0.969784 0.077534 0.231317
vn 0.820016 0.178476 -0.543801
vn 0.143333 0.117614 -0.982661
vn -0.120916 0.149133 -0.981396
vn -0.120590 0.148929 -0.981467
vn 0.121718 0.183800 -0.975399
vn 0.120504 0.185252 -0.975275
vn -0.406713 0.093372 -0.908772
vn -0.412166 0.090485 -0.906605
vn 0.339721 0.211701 -0.916391
vn 0.313307 0.213542 -0.925332
vn 0.339587 0.211850 -0.916406
vn 0.347297 0.208001 -0.914396
vn 0.347652 0.207914 -0.914281
vn 0.355260 0.206038 -0.911778
vn 0.355260 0.206038 -0.911778
vn 0.249604 0.244787 -0.936898
vn 0.274213 0.186762 -0.943360
vn 0.250592 0.246536 -0.936175
vn 0.300597 0.212870 -0.929692
vn 0.275037 0.232274 -0.932954
vn 0.276126 0.230977 -0.932954
vn 0.281577 0.184576 -0.941619
vn -0.500505 -0.066730 -0.863158
vn -0.497925 -0.065675 -0.864730
vn -0.941884 -0.049868 -0.332218
vn -0.921040 -0.103566 -0.375446
vn -0.344305 -0.041226 -0.937952
vn -0.205545 -0.131996 -0.969705
vn -0.203323 -0.132553 -0.970098
vn -0.954800 -0.105863 -0.277760
vn -0.235422 -0.171625 -0.956620
vn -0.347856 -0.246903 -0.904453
vn -0.348036 -0.246450 -0.904507
vn -0.892803 -0.084437 -0.442463
vn -0.245992 -0.184394 -0.951571
vn -0.399357 -0.096561 -0.911696
vn -0.346581 -0.055748 -0.936362
vn -0.216158 0.028029 -0.975956
vn -0.944480 -0.064607 -0.322153
vn -0.930814 -0.065193 -0.359632
vn -0.961673 -0.096663 0.256595
vn -0.962806 -0.098047 0.251775
vn -0.801140 0.034224 0.597498
vn -0.780034 0.031054 0.624966
vn -0.801250 0.034357 0.597343
vn -0.858184 0.116378 0.499976
vn -0.782992 0.054247 0.619662
vn -0.857933 0.117778 0.500080
vn -0.346797 0.051450 0.936528
vn -0.735308 0.140719 0.662963
vn -0.656714 -0.091078 0.748620
vn -0.476147 -0.009428 0.879315
vn -0.667011 0.140534 -0.731673
vn -0.951631 0.085689 -0.295053
vn -0.998783 0.023847 -0.043170
vn -0.715281 0.167629 -0.678435
vn -0.947219 0.137969 -0.289380
vn -0.748548 0.193689 -0.634161
vn -0.920074 0.203163 -0.334945
vn -0.660429 0.236700 -0.712605
vn -0.654668 0.237321 -0.717696
vn -0.899762 0.247366 -0.359498
vn -0.656933 0.260717 -0.707436
vn -0.666447 0.262063 -0.697977
vn -0.859556 0.288655 -0.421714
vn -0.991707 0.022498 0.126535
vn -0.999640 0.019861 -0.018052
vn -0.976719 0.073116 0.201678
vn -0.984975 0.122300 0.121930
vn -0.974057 0.204311 0.097315
vn -0.973108 0.205306 0.104457
vn -0.959690 0.274681 -0.059544
vn -0.956356 0.281031 -0.080030
vn 0.390448 0.314308 -0.865310
vn 0.474340 0.329297 -0.816434
vn 0.474340 0.329297 -0.816435
vn 0.399222 0.314911 -0.861077
vn 0.233380 0.296664 -0.926026
vn 0.472449 0.303664 -0.827394
vn 0.123145 0.295001 -0.947528
vn 0.476832 0.342529 -0.809509
vn 0.114234 0.345560 -0.931418
vn 0.111357 0.346747 -0.931325
vn 0.463813 0.413967 -0.783268
vn 0.171121 0.427202 -0.887815
vn 0.187483 0.431213 -0.882556
vn 0.439526 0.463369 -0.769485
vn 0.800891 0.268947 -0.535016
vn 0.773573 0.269962 -0.573328
vn 0.711526 0.347869 -0.610506
vn 0.711708 0.350105 -0.609015
vn 0.615674 0.460285 -0.639596
vn 0.602022 0.464306 -0.649607
vn 0.642999 0.162809 0.748362
vn 0.812374 0.244233 0.529526
vn 0.822095 0.229232 0.521164
vn 0.652096 0.165326 0.739891
vn 0.500313 0.144531 0.853696
vn 0.541473 0.149707 0.827281
vn 0.816576 0.243961 0.523151
vn 0.579579 0.154361 0.800163
vn 0.809924 0.273537 0.518845
vn 0.561557 0.205041 0.801631
vn 0.558994 0.205802 0.803226
vn 0.782305 0.345638 0.518203
vn 0.584520 0.299896 0.753922
vn 0.595678 0.307000 0.742239
vn 0.752345 0.392608 0.528995
vn 0.937525 0.281839 0.203994
vn 0.935311 0.279827 0.216539
vn 0.949291 0.314032 -0.015201
vn 0.951437 0.297735 0.078240
vn 0.946094 0.282945 0.157634
vn 0.908731 0.344198 0.236084
vn 0.908028 0.346645 0.235208
vn 0.836798 0.435605 0.331690
vn 0.830066 0.435975 0.347730
vn 0.628679 -0.118874 0.768526
vn 0.649855 -0.111524 0.751831
vn 0.628768 -0.118700 0.768479
vn 0.622911 -0.124058 0.772394
vn 0.622627 -0.124215 0.772597
vn 0.616510 -0.127600 0.776938
vn 0.616510 -0.127600 0.776938
vn 0.693877 -0.066611 0.717006
vn 0.683606 -0.129117 0.718339
vn 0.692856 -0.065110 0.718131
vn 0.660004 -0.109446 0.743247
vn 0.676879 -0.084737 0.731201
vn 0.676252 -0.086258 0.731603
vn 0.678252 -0.132893 0.722713
vn 0.335295 0.199003 0.920856
vn 0.330877 0.198826 0.922490
vn 0.883031 0.345085 0.318076
vn 0.891546 0.285497 0.351620
vn 0.025881 0.100792 0.994571
vn 0.025554 0.099383 0.994721
vn 0.890306 0.297439 0.344798
vn -0.085770 0.017799 0.996156
vn -0.080671 0.016281 0.996608
vn 0.909614 0.245914 0.334857
vn 0.296176 0.030126 0.954658
vn 0.293771 0.029522 0.955420
vn 0.897693 0.188209 0.398402
vn 0.855886 0.179535 -0.485001
vn 0.858225 0.179630 -0.480815
vn 0.718375 0.195121 -0.667732
vn 0.718708 0.195117 -0.667374
vn 0.834252 0.235149 -0.498727
vn 0.833464 0.236316 -0.499493
vn 0.538013 0.155367 -0.828495
vn 0.536132 0.153915 -0.829984
vn 0.103908 -0.064978 0.992462
vn 0.130733 -0.057625 0.989741
vn 0.104007 -0.064803 0.992463
vn 0.096991 -0.070186 0.992808
vn 0.096644 -0.070344 0.992830
vn 0.089165 -0.073745 0.993283
vn 0.089165 -0.073745 0.993283
vn 0.186413 -0.012753 0.982389
vn 0.177425 -0.075460 0.981237
vn 0.184934 -0.011241 0.982687
vn 0.143918 -0.055567 0.988028
vn 0.164507 -0.030830 0.985894
vn 0.163771 -0.032353 0.985968
vn 0.170570 -0.079228 0.982155
vn -0.473691 -0.285210 0.833230
vn -0.476503 -0.284854 0.831747
vn 0.168752 -0.080219 0.982389
vn 0.138840 -0.145672 0.979542
vn -0.615587 -0.294140 0.731118
vn -0.679053 -0.399750 0.615700
vn -0.680237 -0.400553 0.613869
vn 0.236858 -0.116428 0.964543
vn -0.642661 -0.431491 0.633089
vn -0.525095 -0.479756 0.702929
vn -0.525191 -0.479329 0.703149
vn 0.049829 -0.174679 0.983364
vn -0.618468 -0.451499 0.643154
vn -0.534929 -0.363518 0.762696
vn -0.602126 -0.312489 0.734707
vn -0.745563 -0.191114 0.638445
vn 0.209968 -0.070723 0.975147
vn 0.087658 -0.108127 0.990265
vn 0.684979 0.051791 0.726720
vn 0.681870 0.049119 0.729822
vn 0.858207 0.266568 0.438659
vn 0.872466 0.270244 0.407150
vn 0.858089 0.266656 0.438837
vn 0.778399 0.319777 0.540219
vn 0.862526 0.290955 0.413998
vn 0.777957 0.321123 0.540058
vn 0.925488 0.378729 0.006042
vn 0.851353 0.382821 0.358672
vn 0.965155 0.134043 0.224739
vn 0.955651 0.279609 0.092464
vn 0.260810 0.126839 -0.957021
vn 0.233961 0.131350 -0.963333
vn 0.260693 0.127002 -0.957032
vn 0.268094 0.122372 -0.955589
vn 0.268447 0.122249 -0.955506
vn 0.276023 0.119612 -0.953679
vn 0.276023 0.119612 -0.953679
vn 0.173288 0.169287 -0.970213
vn 0.190402 0.108531 -0.975689
vn 0.174538 0.170940 -0.969699
vn 0.220862 0.131972 -0.966335
vn 0.197435 0.154070 -0.968133
vn 0.198366 0.152657 -0.968167
vn 0.197618 0.105579 -0.974577
vn -0.980579 0.015591 0.195502
vn -0.980495 0.015362 0.195941
vn -0.467545 -0.143457 0.872251
vn -0.504209 -0.155144 0.849532
vn -0.996186 -0.029011 0.082286
vn -0.996452 -0.028865 0.079058
vn -0.510628 -0.157885 0.845181
vn -0.988227 0.001950 -0.152980
vn -0.988431 -0.000127 -0.151671
vn -0.515528 -0.146307 0.844289
vn -0.978335 -0.033892 0.204234
vn -0.977862 -0.032830 0.206659
vn -0.515407 -0.152175 0.843326
vn 0.340643 -0.218817 0.914375
vn 0.338209 -0.219416 0.915135
vn 0.522673 -0.143750 0.840327
vn 0.522415 -0.144021 0.840441
vn 0.299610 -0.153841 0.941577
vn 0.300604 -0.152227 0.941522
vn 0.751943 -0.121029 0.648023
vn 0.756047 -0.122053 0.643036
vn -0.760825 0.346408 -0.548769
vn -0.774060 0.353539 -0.525206
vn -0.760831 0.346574 -0.548655
vn -0.758292 0.341401 -0.555372
vn -0.758134 0.341246 -0.555684
vn -0.754695 0.337902 -0.562368
vn -0.754695 0.337902 -0.562368
vn -0.790352 0.394701 -0.468567
vn -0.804917 0.336448 -0.488786
vn -0.789074 0.396118 -0.469523
vn -0.780837 0.355471 -0.513745
vn -0.784500 0.378366 -0.491323
vn -0.784583 0.376964 -0.492267
vn -0.802325 0.332989 -0.495371
vn 0.817449 -0.137273 -0.559404
vn 0.819279 -0.136963 -0.556798
vn 0.364846 0.016019 -0.930930
vn 0.317477 -0.014921 -0.948149
vn 0.893691 -0.172829 -0.414062
vn 0.918782 -0.270322 -0.287692
vn 0.271217 -0.010722 -0.962459
vn 0.906276 -0.285780 -0.311438
vn 0.829196 -0.344788 -0.439949
vn 0.829328 -0.344329 -0.440059
vn 0.402013 -0.037815 -0.914853
vn 0.883479 -0.319737 -0.342395
vn 0.850575 -0.220949 -0.477183
vn 0.892636 -0.170477 -0.417298
vn 0.965152 -0.055551 -0.255726
vn 0.243411 0.054357 -0.968399
vn 0.363570 0.026701 -0.931184
vn -0.302922 0.112674 -0.946331
vn -0.298492 0.110651 -0.947976
vn -0.607314 0.274400 -0.745570
vn -0.634146 0.272775 -0.723500
vn -0.607141 0.274518 -0.745667
vn -0.498038 0.345916 -0.795173
vn -0.624669 0.294792 -0.723109
vn -0.497868 0.347250 -0.794698
vn -0.867948 0.320685 -0.379246
vn -0.649212 0.378497 -0.659745
vn -0.780472 0.107148 -0.615941
vn -0.846049 0.233049 -0.479467
vn -0.220816 0.002766 -0.975311
vn -0.220940 0.002609 -0.975284
vn -0.247855 0.000018 -0.968797
vn -0.213306 0.006761 -0.976962
vn -0.212945 0.006859 -0.977040
vn -0.205168 0.008978 -0.978686
vn -0.205168 0.008978 -0.978686
vn -0.308153 -0.034690 -0.950704
vn -0.306966 -0.036436 -0.951023
vn -0.289883 0.025678 -0.956717
vn -0.260865 0.000229 -0.965375
vn -0.284447 -0.020666 -0.958469
vn -0.283508 -0.019291 -0.958776
vn -0.282723 0.028221 -0.958787
vn 0.914769 -0.006242 -0.403930
vn 0.911622 -0.031664 -0.409809
vn 0.290517 0.024535 -0.956555
vn 0.317730 0.024370 -0.947868
vn 0.908391 -0.059774 -0.413828
vn 0.325786 0.017634 -0.945279
vn 0.992746 -0.104434 -0.059578
vn 0.992458 -0.106139 -0.061333
vn 0.329062 0.027724 -0.943901
vn 0.912575 -0.051544 -0.405648
vn 0.911787 -0.049893 -0.407621
vn 0.328443 0.021821 -0.944272
vn -0.670124 0.065396 -0.739363
vn -0.611838 0.039014 -0.790020
vn -0.740749 0.099841 -0.664321
vn -0.485131 0.101105 -0.868577
vn -0.485902 0.102723 -0.867956
vn -0.868088 0.093094 -0.487603
vn -0.871287 0.091178 -0.482231
vn -0.997574 -0.000268 0.069609
vn -0.997565 -0.000421 0.069738
vn -0.995245 -0.002361 0.097380
vn -0.998080 0.003545 0.061844
vn -0.998102 0.003635 0.061473
vn -0.998553 0.005566 0.053489
vn -0.998553 0.005566 0.053489
vn -0.986392 -0.035574 0.160516
vn -0.986518 -0.037350 0.159336
vn -0.989832 0.024322 0.140149
vn -0.993847 -0.001835 0.110750
vn -0.990518 -0.022144 0.135586
vn -0.990685 -0.020793 0.134580
vn -0.990797 0.026689 0.132699
vn -0.881230 0.112978 0.458988
vn -0.881015 0.112863 0.459428
vn -0.189286 0.104673 0.976327
vn -0.230651 0.089460 0.968915
vn -0.927910 0.042076 0.370424
vn -0.929107 0.041415 0.367484
vn -0.237983 0.086032 0.967452
vn -0.989632 0.012221 0.143105
vn -0.989390 0.010554 0.144903
vn -0.243226 0.097238 0.965083
vn -0.875202 0.067253 0.479060
vn -0.874072 0.068869 0.480890
vn -0.243254 0.091318 0.965654
vn 0.597880 0.002448 0.801582
vn 0.595789 0.002182 0.803138
vn 0.748365 0.047286 0.661599
vn 0.748159 0.047065 0.661848
vn 0.564799 0.074137 0.821891
vn 0.565691 0.075634 0.821142
vn 0.911017 0.009350 0.412262
vn 0.913518 0.006898 0.406740
vn -0.417547 0.158155 0.894786
vn -0.428937 0.158874 0.889254
vn -0.661309 0.183525 0.727316
vn -0.651595 0.200165 0.731682
vn -0.249361 0.165146 0.954225
vn -0.296475 0.164183 0.940822
vn -0.657525 0.201111 0.726096
vn -0.338739 0.163633 0.926542
vn -0.646357 0.243267 0.723217
vn -0.283275 0.202742 0.937364
vn -0.280477 0.203469 0.938048
vn -0.636003 0.290509 0.714916
vn -0.376567 0.300295 0.876368
vn -0.393428 0.305532 0.867101
vn -0.614442 0.353629 0.705271
vn -0.862615 0.193467 0.467403
vn -0.868572 0.194075 0.455980
vn -0.946886 0.204457 0.248203
vn -0.921258 0.199969 0.333611
vn -0.894139 0.197009 0.402122
vn -0.930487 0.246974 0.270552
vn -0.931414 0.247048 0.267273
vn -0.757784 0.368484 0.538500
vn -0.745799 0.371526 0.552949
vn -0.781168 0.239419 0.576589
vn -0.763590 0.243971 0.597836
vn -0.781068 0.239579 0.576658
vn -0.786395 0.234991 0.571281
vn -0.786631 0.234868 0.571006
vn -0.791684 0.232222 0.565074
vn -0.791684 0.232222 0.565074
vn -0.716896 0.280992 0.638047
vn -0.739027 0.221654 0.636167
vn -0.717415 0.282606 0.636749
vn -0.755107 0.244615 0.608258
vn -0.735895 0.266214 0.622566
vn -0.736769 0.264836 0.622120
vn -0.744264 0.218767 0.631041
vn -0.962608 -0.029352 0.269302
vn -0.963463 -0.029416 0.266220
vn -0.575903 0.204777 0.791456
vn -0.608619 0.141519 0.780740
vn -0.992699 -0.066181 0.100836
vn -0.979786 -0.200043 -0.001216
vn -0.979519 -0.201330 -0.003132
vn -0.524076 0.164420 0.835650
vn -0.973253 -0.225724 0.042745
vn -0.950005 -0.252766 0.183302
vn -0.950132 -0.252292 0.183296
vn -0.679178 0.115552 0.724821
vn -0.967648 -0.242180 0.070751
vn -0.973223 -0.124167 0.193442
vn -0.989732 -0.082826 0.116492
vn -0.997197 0.006826 -0.074511
vn -0.540298 0.211462 0.814470
vn -0.643520 0.180972 0.743728
vn -0.013755 0.253431 0.967256
vn -0.018615 0.251791 0.967603
vn 0.350321 0.374752 0.858392
vn 0.382666 0.369079 0.846964
vn 0.350135 0.374888 0.858408
vn 0.236392 0.455591 0.858228
vn 0.375474 0.390968 0.840335
vn 0.236483 0.456837 0.857541
vn 0.718504 0.357023 0.596897
vn 0.425329 0.463091 0.777587
vn 0.543506 0.185384 0.818678
vn 0.658886 0.286757 0.695442
vn 0.193939 0.108388 0.975008
vn 0.465823 0.104025 0.878742
vn 0.473139 0.085799 0.876800
vn 0.206311 0.106939 0.972625
vn 0.020357 0.146626 0.988983
vn 0.068409 0.136167 0.988321
vn 0.472325 0.101584 0.875551
vn 0.114187 0.125908 0.985448
vn 0.478421 0.130712 0.868348
vn 0.114856 0.179064 0.977110
vn 0.112230 0.180736 0.977108
vn 0.479148 0.206403 0.853121
vn 0.187110 0.255025 0.948658
vn 0.204196 0.256846 0.944634
vn 0.464347 0.260773 0.846392
vn 0.741823 0.052013 0.668575
vn 0.733113 0.052789 0.678055
vn 0.871390 0.042821 0.488719
vn 0.821119 0.042390 0.569181
vn 0.772333 0.043037 0.633758
vn 0.722120 0.124240 0.680519
vn 0.722763 0.126604 0.679401
vn 0.644909 0.246141 0.723538
vn 0.631553 0.250965 0.733592
vn -0.994241 -0.023142 0.104637
vn -0.994558 -0.023572 0.101483
vn -0.703521 0.277647 0.654195
vn -0.733575 0.212786 0.645437
vn -0.994970 -0.079357 -0.061133
vn -0.964093 -0.223445 -0.143514
vn -0.963495 -0.224932 -0.145197
vn -0.659757 0.243809 0.710828
vn -0.965003 -0.243864 -0.096436
vn -0.965898 -0.254399 0.048191
vn -0.966025 -0.253933 0.048109
vn -0.793422 0.178954 0.581771
vn -0.964161 -0.256931 -0.066185
vn -0.991233 -0.126095 0.039455
vn -0.994620 -0.094064 -0.043405
vn -0.969929 -0.026594 -0.241931
vn -0.672411 0.287755 0.681953
vn -0.761884 0.246951 0.598789
vn -0.179846 0.359785 0.915538
vn -0.184685 0.358073 0.915246
vn 0.196757 0.477244 0.856461
vn 0.230622 0.471137 0.851377
vn 0.196570 0.477376 0.856430
vn 0.084062 0.554668 0.827814
vn 0.224529 0.491956 0.841170
vn 0.084262 0.555831 0.827014
vn 0.604225 0.439570 0.664598
vn 0.283935 0.557827 0.779878
vn 0.394957 0.289524 0.871886
vn 0.529079 0.379314 0.759076
vn -0.765604 0.195199 -0.612983
vn -0.892395 0.381722 -0.240666
vn -0.901356 0.360095 -0.240600
vn -0.810037 0.219189 -0.543871
vn -0.739573 0.221840 -0.635468
vn -0.868469 0.427105 -0.251681
vn -0.749544 0.272829 -0.603115
vn -0.830579 0.454797 -0.321402
vn -0.672674 0.244650 -0.698324
vn -0.667912 0.241466 -0.703980
vn -0.614701 0.743020 -0.264698
vn -0.275480 0.279175 -0.919876
vn -0.305692 0.339611 -0.889504
vn -0.413116 0.861897 -0.294054
vn -0.824770 0.506037 0.252352
vn -0.864210 0.473230 0.170861
vn -0.804504 0.549740 0.224852
vn -0.812343 0.567839 0.132885
vn -0.777949 0.623627 0.076712
vn -0.776194 0.625292 0.080824
vn -0.477799 0.872251 0.104335
vn -0.371897 0.925454 0.072308
vn -0.977861 0.141932 0.153761
vn -0.977782 0.141938 0.154257
vn -0.465734 0.308634 0.829359
vn -0.502973 0.288790 0.814628
vn -0.995928 0.049115 0.075604
vn -0.996213 0.047705 0.072697
vn -0.509521 0.284527 0.812055
vn -0.988654 -0.036747 -0.145646
vn -0.988922 -0.037935 -0.143504
vn -0.514007 0.294424 0.805675
vn -0.977334 0.102640 0.185158
vn -0.976804 0.104717 0.186783
vn -0.514108 0.288816 0.807638
vn 0.339502 0.234227 0.910975
vn 0.337053 0.234152 0.911904
vn 0.523556 0.258161 0.811937
vn 0.523290 0.257987 0.812164
vn 0.301048 0.305692 0.903284
vn 0.302100 0.307047 0.902473
vn 0.752020 0.177857 0.634692
vn 0.756046 0.174424 0.630849
vn 0.078529 0.338778 0.937583
vn 0.106256 0.340159 0.934346
vn 0.078658 0.338920 0.937521
vn 0.070813 0.335305 0.939445
vn 0.070444 0.335225 0.939501
vn 0.062486 0.333502 0.940677
vn 0.062486 0.333502 0.940677
vn 0.168944 0.368862 0.914001
vn 0.149259 0.313529 0.937775
vn 0.167745 0.370566 0.913533
vn 0.119618 0.339286 0.933047
vn 0.144199 0.357445 0.922735
vn 0.143210 0.356222 0.923362
vn 0.141843 0.311576 0.939575
vn 0.817594 0.008349 0.575735
vn 0.815919 0.009730 0.578085
vn 0.994077 -0.063642 -0.088098
vn 0.993313 -0.110508 -0.033417
vn 0.707518 0.051504 0.704816
vn 0.594929 -0.026729 0.803334
vn 0.593078 -0.027107 0.804688
vn 0.982748 -0.126391 -0.135022
vn 0.616442 -0.069283 0.784346
vn 0.696297 -0.156564 0.700470
vn 0.696484 -0.156119 0.700384
vn 0.995985 -0.081926 0.036081
vn 0.623882 -0.083148 0.777083
vn 0.746288 -0.009631 0.665554
vn 0.708890 0.036789 0.704359
vn 0.607438 0.132023 0.783319
vn 0.992167 -0.079602 -0.096275
vn 0.995570 -0.074923 -0.056800
vn 0.763759 -0.181514 -0.619455
vn 0.766817 -0.182374 -0.615412
vn 0.474690 -0.083325 -0.876200
vn 0.443969 -0.088540 -0.891657
vn 0.474855 -0.083182 -0.876124
vn 0.567657 0.006491 -0.823240
vn 0.448920 -0.065088 -0.891198
vn 0.567387 0.007880 -0.823414
vn -0.080205 -0.080757 -0.993502
vn 0.387574 0.018174 -0.921660
vn 0.279824 -0.217313 -0.935133
vn 0.061115 -0.141665 -0.988026
vn 0.945068 0.205894 0.253879
vn 0.982257 0.103589 -0.156337
vn 0.974889 0.044714 -0.218157
vn 0.946406 0.224912 0.231798
vn 0.975842 0.188732 -0.110059
vn 0.899629 0.281962 0.333414
vn 0.896552 0.283515 0.340313
vn 0.967840 0.236642 -0.085362
vn 0.894317 0.305349 0.327047
vn 0.898959 0.305009 0.314393
vn 0.957669 0.287302 -0.018110
vn 0.971890 0.040202 -0.231977
vn 0.987291 0.074308 -0.140482
vn 0.987291 0.074308 -0.140482
vn 0.906470 0.022891 -0.421651
vn 0.841992 0.050276 -0.537143
vn 0.842594 0.135130 -0.521320
vn 0.838724 0.135317 -0.527476
vn 0.895794 0.224444 -0.383638
vn 0.901416 0.233377 -0.364672
vn 0.590372 -0.126091 -0.797221
vn 0.568139 -0.122489 -0.813766
vn 0.590287 -0.125933 -0.797310
vn 0.596114 -0.130277 -0.792261
vn 0.596398 -0.130385 -0.792029
vn 0.602492 -0.132711 -0.787014
vn 0.602492 -0.132711 -0.787014
vn 0.518658 -0.085652 -0.850680
vn 0.529187 -0.146328 -0.835793
vn 0.519841 -0.083962 -0.850127
vn 0.557075 -0.122239 -0.821416
vn 0.538566 -0.100592 -0.836557
vn 0.539273 -0.101997 -0.835931
vn 0.535158 -0.149127 -0.831485
vn 0.209277 0.410562 0.887492
vn 0.196867 0.411216 0.890025
vn -0.086940 0.422610 0.902132
vn -0.077700 0.438647 0.895294
vn 0.377630 0.412845 0.828827
vn 0.332279 0.413209 0.847850
vn -0.085130 0.436886 0.895479
vn 0.288178 0.412665 0.864096
vn -0.090654 0.463527 0.881433
vn 0.289547 0.460347 0.839192
vn 0.292118 0.461348 0.837750
vn -0.089799 0.530455 0.842943
vn 0.219707 0.539310 0.812941
vn 0.202660 0.543594 0.814515
vn -0.073505 0.576384 0.813866
vn -0.405370 0.393199 0.825270
vn -0.417097 0.391749 0.820099
vn -0.606304 0.361751 0.708189
vn -0.529161 0.372570 0.762352
vn -0.459409 0.380366 0.802662
vn -0.387352 0.458474 0.799850
vn -0.388142 0.460522 0.798289
vn -0.287991 0.567893 0.771076
vn -0.271386 0.572293 0.773841
vn -0.898275 0.108756 -0.425763
vn -0.959501 0.225306 -0.169102
vn -0.964815 0.211992 -0.155537
vn -0.902950 0.112783 -0.414683
vn -0.813313 0.069887 -0.577614
vn -0.839495 0.080529 -0.537366
vn -0.960624 0.226038 -0.161580
vn -0.862613 0.090563 -0.497692
vn -0.952731 0.255488 -0.164404
vn -0.846810 0.139590 -0.513253
vn -0.845156 0.140007 -0.515858
vn -0.927303 0.325448 -0.184913
vn -0.847378 0.240628 -0.473338
vn -0.852561 0.249704 -0.459116
vn -0.904611 0.369000 -0.213348
vn -0.935717 0.308639 0.170809
vn -0.939001 0.305020 0.158874
vn -0.853944 0.367414 0.368492
vn -0.895302 0.340218 0.287551
vn -0.923946 0.315765 0.215910
vn -0.923035 0.364966 0.121679
vn -0.922024 0.367457 0.121848
vn -0.897962 0.440025 -0.006419
vn -0.898618 0.438091 -0.023698
vn -0.894226 -0.173672 -0.412550
vn -0.906381 -0.163180 -0.389674
vn -0.894288 -0.173489 -0.412494
vn -0.890634 -0.179602 -0.417749
vn -0.890463 -0.179799 -0.418029
vn -0.886752 -0.184019 -0.424037
vn -0.886752 -0.184019 -0.424037
vn -0.931551 -0.111982 -0.345937
vn -0.922897 -0.174683 -0.343142
vn -0.931097 -0.110687 -0.347573
vn -0.911962 -0.159513 -0.377995
vn -0.922149 -0.132617 -0.363393
vn -0.921752 -0.134208 -0.363814
vn -0.919891 -0.179254 -0.348809
vn -0.691895 0.106409 -0.714113
vn -0.688579 0.105785 -0.717404
vn -0.934290 0.354576 0.037122
vn -0.956242 0.291995 0.018420
vn -0.442537 -0.017453 -0.896580
vn -0.442307 -0.018887 -0.896665
vn -0.952223 0.304578 0.022451
vn -0.342085 -0.106296 -0.933638
vn -0.346902 -0.107563 -0.931713
vn -0.965622 0.255797 0.046278
vn -0.670930 -0.067257 -0.738464
vn -0.669072 -0.068084 -0.740073
vn -0.981687 0.190327 -0.008179
vn -0.571423 0.284891 0.769619
vn -0.575308 0.284619 0.766820
vn -0.369680 0.314303 0.874386
vn -0.370133 0.314275 0.874204
vn -0.545933 0.340417 0.765554
vn -0.544894 0.341621 0.765759
vn -0.138420 0.283784 0.948845
vn -0.136089 0.282416 0.949590
vn -0.512658 -0.177045 -0.840141
vn -0.535827 -0.167896 -0.827466
vn -0.512748 -0.176866 -0.840123
vn -0.506537 -0.182644 -0.842651
vn -0.506232 -0.182824 -0.842796
vn -0.499648 -0.186679 -0.845874
vn -0.499648 -0.186679 -0.845874
vn -0.583151 -0.119354 -0.803548
vn -0.574611 -0.181888 -0.797959
vn -0.581933 -0.117976 -0.804634
vn -0.547058 -0.164896 -0.820693
vn -0.564791 -0.138944 -0.813453
vn -0.564157 -0.140504 -0.813625
vn -0.568787 -0.186125 -0.801148
vn 0.077893 -0.409370 -0.909038
vn 0.081069 -0.409000 -0.908926
vn -0.567243 -0.187233 -0.801984
vn -0.539016 -0.253485 -0.803248
vn 0.249599 -0.414139 -0.875322
vn 0.355632 -0.508660 -0.784086
vn 0.357476 -0.509305 -0.782828
vn -0.621534 -0.217096 -0.752705
vn 0.315249 -0.540121 -0.780312
vn 0.179129 -0.589572 -0.787602
vn 0.179124 -0.589180 -0.787897
vn -0.459957 -0.287786 -0.840011
vn 0.289043 -0.559767 -0.776604
vn 0.163034 -0.482064 -0.860833
vn 0.235850 -0.431986 -0.870496
vn 0.406691 -0.308387 -0.859942
vn -0.601541 -0.174596 -0.779528
vn -0.497064 -0.220480 -0.839235
vn -0.927393 0.003705 -0.374071
vn -0.925886 0.000508 -0.377804
vn -0.962727 0.260925 -0.071239
vn -0.962371 0.269148 -0.037444
vn -0.962695 0.260984 -0.071460
vn -0.933082 0.296962 -0.202909
vn -0.956210 0.288292 -0.050495
vn -0.932611 0.298290 -0.203127
vn -0.841213 0.427638 0.330887
vn -0.922617 0.385316 -0.017599
vn -0.969747 0.161252 0.183274
vn -0.905147 0.320794 0.278927
vn -0.856371 0.493905 -0.150623
vn -0.913766 0.406132 0.009357
vn -0.849449 0.508062 -0.142510
vn -0.827474 0.544262 -0.138076
vn -0.846522 0.525975 0.082164
vn -0.840790 0.535508 0.079393
vn -0.639498 0.741026 -0.204753
vn -0.645009 0.741162 -0.186122
vn -0.688951 0.702608 -0.178013
vn -0.777030 0.616399 -0.127579
vn -0.651445 0.737294 -0.178934
vn -0.811016 0.549163 -0.201674
vn -0.544537 0.762923 0.348466
vn -0.505283 0.770025 0.389551
vn -0.618568 0.722457 0.308918
vn -0.544537 0.762923 0.348466
vn -0.600098 0.718867 0.350876
vn -0.709040 0.659501 0.249643
vn -0.465631 0.525054 0.712395
vn -0.408220 0.623127 0.667136
vn -0.709822 0.659357 0.247793
vn -0.435953 0.489900 0.754945
vn -0.424672 0.494919 0.758095
vn 0.568183 0.774146 -0.279046
vn 0.568183 0.774146 -0.279046
vn 0.565108 0.739619 -0.365535
vn 0.587559 0.777200 -0.225245
vn 0.594185 0.736155 -0.324068
vn 0.743920 0.629579 0.224082
vn 0.573807 0.816424 -0.064778
vn 0.662291 0.749246 -0.001418
vn 0.591397 0.786751 -0.176840
vn 0.570577 0.819796 -0.048745
vn 0.509888 0.792408 -0.334820
vn 0.442650 0.890490 0.105303
vn 0.467693 0.278418 -0.838896
vn 0.551322 0.684465 -0.477024
vn 0.550014 0.684448 -0.478555
vn 0.858652 0.507692 0.070468
vn 0.876517 0.481295 -0.008579
vn 0.442652 0.890490 0.105293
vn 0.465417 0.246820 -0.849980
vn 0.465408 0.246818 -0.849986
vn 0.442655 0.890490 0.105280
vn 0.526719 0.679109 0.511252
vn 0.264833 0.792223 0.549769
vn 0.154819 0.866421 0.474706
vn 0.039559 0.827865 0.559531
vn 0.133962 0.870043 0.474425
vn -0.137054 0.809882 0.570357
vn 0.191561 0.939984 0.282373
vn -0.518829 0.250190 0.817448
vn 0.064503 0.749258 0.659129
vn 0.131221 0.811679 0.569174
vn 0.465246 0.523162 0.714036
vn 0.390617 0.497684 0.774421
vn 0.191559 0.939984 0.282375
vn -0.525163 0.217636 0.822702
vn -0.525147 0.217648 0.822709
vn 0.191557 0.939984 0.282377
vn -0.504558 0.237833 -0.829974
vn -0.553150 0.229231 -0.800924
vn -0.429428 0.210987 -0.878110
vn -0.504558 0.237833 -0.829974
vn -0.472554 0.190941 -0.860369
vn -0.876413 0.026302 -0.480842
vn -0.733207 0.165549 -0.659546
vn -0.669677 0.271983 -0.691056
vn -0.591964 0.235332 -0.770842
vn -0.679972 0.276995 -0.678905
vn -0.441456 0.287438 -0.849998
vn -0.739297 0.415871 -0.529614
vn 0.154082 -0.096777 -0.983307
vn -0.321909 0.174290 -0.930590
vn -0.320116 0.175066 -0.931063
vn -0.786129 -0.144052 -0.601041
vn -0.732028 -0.177586 -0.657722
vn -0.739294 0.415872 -0.529618
vn 0.177286 -0.120148 -0.976798
vn 0.177274 -0.120149 -0.976800
vn -0.739290 0.415873 -0.529623
vn -0.232413 0.966016 -0.113125
vn -0.035569 0.992275 -0.118851
vn -0.075227 0.997047 -0.015429
vn -0.235337 0.971421 -0.030952
vn -0.247166 0.968165 -0.039568
vn 0.081943 0.949723 -0.302177
vn -0.025976 0.999362 0.024505
vn -0.046633 0.989921 -0.133726
vn -0.072740 0.953634 -0.292047
vn 0.004168 0.948156 -0.317778
vn 0.233758 0.968585 0.084853
vn -0.064483 0.997785 -0.016350
vn 0.109083 0.990305 -0.086006
vn 0.137028 0.988791 -0.059289
vn 0.268252 0.963255 0.013467
vn -0.067600 0.997479 0.021568
vn -0.054119 0.993560 -0.099549
vn -0.035641 0.998562 0.040042
vn -0.115702 0.978540 0.170508
vn -0.118068 0.978271 0.170427
vn -0.120056 0.976059 0.181370
vn 0.015238 0.988991 -0.147189
vn 0.030806 0.997939 0.056296
vn 0.030554 0.973984 0.224546
vn -0.075852 0.938294 0.337418
s 1
g Duoduod_GrassPrefab1
usemtl Duoduod_GrassPrefab:SM_Plant_Grass_Field_Assemble_05SG1
f 1/1/1 12/3/2 13/2/3
f 5/4/4 13/2/3 14/5/5
f 5/4/4 14/5/5 7/6/6
f 7/6/6 15/8/7 9/7/8
f 9/7/8 16/10/9 11/9/10
f 12/3/2 2/11/11 13/2/3
f 14/5/5 13/2/3 6/12/12
f 8/13/13 14/5/5 6/12/12
f 10/14/14 15/8/7 8/13/13
f 11/9/10 16/10/9 10/14/14
f 13/2/3 2/11/11 4/15/15
f 1/1/1 13/2/3 3/16/16
f 3/16/16 13/2/3 5/4/4
f 6/12/12 13/2/3 4/15/15
f 16/10/9 15/8/7 10/14/14
f 9/7/8 15/8/7 16/10/9
f 15/8/7 14/5/5 8/13/13
f 7/6/6 14/5/5 15/8/7
s 4
f 17/17/17 32/19/18 31/18/19
f 18/20/20 19/22/21 21/21/22
f 19/22/21 22/23/23 21/21/22
f 20/24/24 24/26/25 23/25/26
f 24/26/25 22/23/23 25/27/27
f 23/25/26 24/26/25 27/28/28
f 24/26/25 25/27/27 27/28/28
f 26/29/29 27/28/28 29/31/30 28/30/31
f 27/28/28 30/32/32 29/31/30
f 27/28/28 25/27/27 30/32/32
f 31/18/19 32/19/18 19/22/21 18/20/20
f 23/25/26 27/28/28 26/29/29
f 18/20/20 21/21/22 20/24/24
f 20/24/24 21/21/22 24/26/25
f 21/21/22 22/23/23 24/26/25
s 6
f 33/33/33 48/35/34 47/34/35
f 34/36/36 35/38/37 37/37/38
f 35/38/37 38/39/39 37/37/38
f 36/40/40 40/42/41 39/41/42
f 40/42/41 38/39/39 41/43/43
f 39/41/42 40/42/41 43/44/44
f 40/42/41 41/43/43 43/44/44
f 42/45/45 43/44/44 45/47/46 44/46/47
f 43/44/44 46/48/48 45/47/46
f 43/44/44 41/43/43 46/48/48
f 47/34/35 48/35/34 35/38/37 34/36/36
f 39/41/42 43/44/44 42/45/45
f 34/36/36 37/37/38 36/40/40
f 36/40/40 37/37/38 40/42/41
f 37/37/38 38/39/39 40/42/41
s 8
f 49/49/49 64/51/50 63/50/51
f 50/52/52 51/54/53 53/53/54
f 51/54/53 54/55/55 53/53/54
f 52/56/56 56/58/57 55/57/58
f 56/58/57 54/55/55 57/59/59
f 55/57/58 56/58/57 59/60/60
f 56/58/57 57/59/59 59/60/60
f 58/61/61 59/60/60 61/63/62 60/62/63
f 59/60/60 62/64/64 61/63/62
f 59/60/60 57/59/59 62/64/64
f 63/50/51 64/51/50 51/54/53 50/52/52
f 55/57/58 59/60/60 58/61/61
f 50/52/52 53/53/54 52/56/56
f 52/56/56 53/53/54 56/58/57
f 53/53/54 54/55/55 56/58/57
s 10
f 65/65/65 76/67/66 77/66/67
f 69/68/68 77/66/67 78/69/69
f 69/68/68 78/69/69 71/70/70
f 71/70/70 79/72/71 73/71/72
f 73/71/72 80/74/73 75/73/74
f 76/67/66 66/75/75 77/66/67
f 78/69/69 77/66/67 70/76/76
f 72/77/77 78/69/69 70/76/76
f 74/78/78 79/72/71 72/77/77
f 75/73/74 80/74/73 74/78/78
f 77/66/67 66/75/75 68/79/79
f 65/65/65 77/66/67 67/80/80
f 67/80/80 77/66/67 69/68/68
f 70/76/76 77/66/67 68/79/79
f 80/74/73 79/72/71 74/78/78
f 73/71/72 79/72/71 80/74/73
f 79/72/71 78/69/69 72/77/77
f 71/70/70 78/69/69 79/72/71
s 13
f 81/81/81 92/83/82 93/82/83
f 85/84/84 93/82/83 94/85/85
f 85/84/84 94/85/85 87/86/86
f 87/86/86 95/88/87 89/87/88
f 89/87/88 96/90/89 91/89/90
f 92/83/82 82/91/91 93/82/83
f 94/85/85 93/82/83 86/92/92
f 88/93/93 94/85/85 86/92/92
f 90/94/94 95/88/87 88/93/93
f 91/89/90 96/90/89 90/94/94
f 93/82/83 82/91/91 84/95/95
f 81/81/81 93/82/83 83/96/96
f 83/96/96 93/82/83 85/84/84
f 86/92/92 93/82/83 84/95/95
f 96/90/89 95/88/87 90/94/94
f 89/87/88 95/88/87 96/90/89
f 95/88/87 94/85/85 88/93/93
f 87/86/86 94/85/85 95/88/87
s 16
f 97/97/97 111/99/98 112/98/99
f 98/100/100 101/102/101 99/101/102
f 99/101/102 101/102/101 102/103/103
f 100/104/104 103/106/105 104/105/106
f 104/105/106 105/107/107 102/103/103
f 103/106/105 107/108/108 104/105/106
f 104/105/106 107/108/108 105/107/107
f 106/109/109 108/111/110 109/110/111 107/108/108
f 107/108/108 109/110/111 110/112/112
f 107/108/108 110/112/112 105/107/107
f 111/99/98 98/100/100 99/101/102 112/98/99
f 103/106/105 106/109/109 107/108/108
f 98/100/100 100/104/104 101/102/101
f 100/104/104 104/105/106 101/102/101
f 101/102/101 104/105/106 102/103/103
s 21
f 115/113/113 116/115/114 114/114/115
f 121/116/116 118/117/117 116/115/114
f 120/118/118 118/117/117 121/116/116
f 123/119/119 119/121/120 124/120/121
f 117/122/122 123/119/119 124/120/121
f 115/113/113 117/122/122 121/116/116
f 115/113/113 121/116/116 116/115/114
f 117/122/122 124/120/121 121/116/116
f 119/121/120 122/123/123 124/120/121
f 113/124/124 115/113/113 114/114/115
s 24
f 125/125/125 127/128/126 128/127/127 126/126/128
f 127/128/126 133/129/129 128/127/127
f 128/127/127 133/129/129 134/130/130
f 127/128/126 129/131/131 133/129/129
f 129/131/131 130/132/132 133/129/129
f 128/127/127 134/130/130 135/133/133
f 132/134/134 130/132/132 129/131/131
f 129/131/131 131/135/135 132/134/134
s 25
f 138/136/136 144/138/137 139/137/138
f 145/139/139 141/140/140 139/137/138 144/138/137
f 146/141/141 141/140/140 145/139/139
f 141/140/140 146/141/141 148/142/142
f 146/141/141 145/139/139 151/143/143
f 136/144/144 138/136/136 137/145/145
f 138/136/136 139/137/138 137/145/145
f 143/146/146 144/138/137 138/136/136
f 138/136/136 140/147/147 143/146/146
f 146/141/141 147/148/148 148/142/142
f 151/143/143 150/150/149 142/149/150
f 147/148/148 149/151/151 148/142/142
f 151/143/143 142/149/150 146/141/141
s 26
f 152/152/152 154/155/153 155/154/154 153/153/155
f 154/155/153 166/156/156 155/154/154
f 156/157/157 162/159/158 157/158/159
f 163/160/160 159/161/161 157/158/159 162/159/158
f 164/162/162 159/161/161 163/160/160
f 159/161/161 164/162/162 169/163/163
f 164/162/162 163/160/160 172/164/164
f 155/154/154 166/156/156 167/165/165
f 154/155/153 156/157/157 166/156/156
f 156/157/157 157/158/159 166/156/156
f 155/154/154 167/165/165 168/166/166
f 161/167/167 162/159/158 156/157/157
f 156/157/157 158/168/168 161/167/167
f 164/162/162 165/169/169 169/163/163
f 172/164/164 171/171/170 160/170/171
f 165/169/169 170/172/172 169/163/163
f 172/164/164 160/170/171 164/162/162
s 28
f 173/173/173 175/176/174 176/175/175 174/174/176
f 175/176/174 187/177/177 176/175/175
f 177/178/178 183/180/179 178/179/180
f 184/181/181 180/182/182 178/179/180 183/180/179
f 185/183/183 180/182/182 184/181/181
f 180/182/182 185/183/183 190/184/184
f 185/183/183 184/181/181 193/185/185
f 176/175/175 187/177/177 188/186/186
f 175/176/174 177/178/178 187/177/177
f 177/178/178 178/179/180 187/177/177
f 176/175/175 188/186/186 189/187/187
f 182/188/188 183/180/179 177/178/178
f 177/178/178 179/189/189 182/188/188
f 185/183/183 186/190/190 190/184/184
f 193/185/185 192/192/191 181/191/192
f 186/190/190 191/193/193 190/184/184
f 193/185/185 181/191/192 185/183/183
s 30
f 194/194/194 196/197/195 197/196/196 195/195/197
f 196/197/195 202/198/198 197/196/196
f 197/196/196 202/198/198 203/199/199
f 196/197/195 198/200/200 202/198/198
f 198/200/200 199/201/201 202/198/198
f 197/196/196 203/199/199 204/202/202
f 201/203/203 199/201/201 198/200/200
f 198/200/200 200/204/204 201/203/203
s 31
f 207/205/205 208/207/206 206/206/207
f 213/208/208 210/209/209 208/207/206
f 212/210/210 210/209/209 213/208/208
f 215/211/211 211/213/212 216/212/213
f 209/214/214 215/211/211 216/212/213
f 207/205/205 209/214/214 213/208/208
f 207/205/205 213/208/208 208/207/206
f 209/214/214 216/212/213 213/208/208
f 211/213/212 214/215/215 216/212/213
f 205/216/216 207/205/205 206/206/207
s 34
f 217/217/217 219/220/218 220/219/219 218/218/220
f 219/220/218 231/221/221 220/219/219
f 221/222/222 227/224/223 222/223/224
f 228/225/225 224/226/226 222/223/224 227/224/223
f 229/227/227 224/226/226 228/225/225
f 224/226/226 229/227/227 234/228/228
f 229/227/227 228/225/225 237/229/229
f 220/219/219 231/221/221 232/230/230
f 219/220/218 221/222/222 231/221/221
f 221/222/222 222/223/224 231/221/221
f 220/219/219 232/230/230 233/231/231
f 226/232/232 227/224/223 221/222/222
f 221/222/222 223/233/233 226/232/232
f 229/227/227 230/234/234 234/228/228
f 237/229/229 236/236/235 225/235/236
f 230/234/234 235/237/237 234/228/228
f 237/229/229 225/235/236 229/227/227
s 36
f 239/238/238 240/240/239 241/239/240
f 242/241/241 239/238/238 241/239/240
f 238/242/242 239/238/238 242/241/241
s 37
f 244/243/243 245/245/244 246/244/245
f 247/246/246 244/243/243 246/244/245
f 243/247/247 244/243/243 247/246/246
s 38
f 249/248/248 250/250/249 251/249/250
f 252/251/251 249/248/248 251/249/250
f 248/252/252 249/248/248 252/251/251
s 39
f 254/253/253 255/255/254 256/254/255
f 257/256/256 254/253/253 256/254/255
f 253/257/257 254/253/253 257/256/256
s 40
f 259/258/258 260/260/259 261/259/260
f 262/261/261 259/258/258 261/259/260
f 258/262/262 259/258/258 262/261/261
s 41
f 264/263/263 265/265/264 266/264/265
f 267/266/266 264/263/263 266/264/265
f 263/267/267 264/263/263 267/266/266
s 42
f 269/268/268 270/270/269 271/269/270
f 272/271/271 269/268/268 271/269/270
f 268/272/272 269/268/268 272/271/271
s 43
f 274/273/273 275/275/274 276/274/275
f 277/276/276 274/273/273 276/274/275
f 273/277/277 274/273/273 277/276/276
s 44
f 279/278/278 280/280/279 281/279/280
f 282/281/281 279/278/278 281/279/280
f 278/282/282 279/278/278 282/281/281
s 45
f 283/283/283 286/285/284 287/284/285
f 283/283/283 287/284/285 288/286/286
f 288/286/286 305/288/287 304/287/288
f 286/285/284 291/289/289 287/284/285
f 287/284/285 303/290/290 288/286/286
f 288/286/286 302/292/291 289/291/292 305/288/287
f 302/292/291 301/294/293 299/293/294
f 293/295/295 294/296/296 301/294/293
f 294/296/296 296/298/297 297/297/298
f 284/299/299 288/286/286 304/287/288
f 289/291/292 298/301/300 290/300/301
f 289/291/292 302/292/291 299/293/294
f 294/296/296 299/293/294 301/294/293
f 294/296/296 295/303/302 300/302/303
f 294/296/296 300/302/303 299/293/294
f 294/296/296 297/297/298 295/303/302
f 289/291/292 299/293/294 298/301/300
f 288/286/286 303/290/290 302/292/291
f 287/284/285 292/304/304 303/290/290
f 291/289/289 292/304/304 287/284/285
f 305/288/287 289/291/292 285/305/305
s 50
f 306/306/306 309/308/307 310/307/308
f 306/306/306 310/307/308 311/309/309
f 311/309/309 328/311/310 327/310/311
f 309/308/307 314/312/312 310/307/308
f 310/307/308 326/313/313 311/309/309
f 311/309/309 325/315/314 312/314/315 328/311/310
f 325/315/314 324/317/316 322/316/317
f 316/318/318 317/319/319 324/317/316
f 317/319/319 319/321/320 320/320/321
f 307/322/322 311/309/309 327/310/311
f 312/314/315 321/324/323 313/323/324
f 312/314/315 325/315/314 322/316/317
f 317/319/319 322/316/317 324/317/316
f 317/319/319 318/326/325 323/325/326
f 317/319/319 323/325/326 322/316/317
f 317/319/319 320/320/321 318/326/325
f 312/314/315 322/316/317 321/324/323
f 311/309/309 326/313/313 325/315/314
f 310/307/308 315/327/327 326/313/313
f 314/312/312 315/327/327 310/307/308
f 328/311/310 312/314/315 308/328/328
s 55
f 340/329/329 341/331/330 344/330/331
f 340/329/329 337/333/332 339/332/333
f 331/334/334 339/332/333 332/335/335
f 332/335/335 335/337/336 334/336/337
f 329/338/338 330/340/339 336/339/340
f 329/338/338 337/333/332 340/329/329
f 332/335/335 339/332/333 337/333/332
f 332/335/335 338/342/341 333/341/342
f 332/335/335 337/333/332 338/342/341
f 332/335/335 333/341/342 335/337/336
f 329/338/338 336/339/340 337/333/332
f 344/330/331 343/344/343 342/343/344 329/338/338
f 340/329/329 344/330/331 329/338/338
s 59
f 345/345/345 348/347/346 349/346/347
f 345/345/345 349/346/347 350/348/348
f 350/348/348 367/350/349 366/349/350
f 348/347/346 353/351/351 349/346/347
f 349/346/347 365/352/352 350/348/348
f 350/348/348 364/354/353 351/353/354 367/350/349
f 364/354/353 363/356/355 361/355/356
f 355/357/357 356/358/358 363/356/355
f 356/358/358 358/360/359 359/359/360
f 346/361/361 350/348/348 366/349/350
f 351/353/354 360/363/362 352/362/363
f 351/353/354 364/354/353 361/355/356
f 356/358/358 361/355/356 363/356/355
f 356/358/358 357/365/364 362/364/365
f 356/358/358 362/364/365 361/355/356
f 356/358/358 359/359/360 357/365/364
f 351/353/354 361/355/356 360/363/362
f 350/348/348 365/352/352 364/354/353
f 349/346/347 354/366/366 365/352/352
f 353/351/351 354/366/366 349/346/347
f 367/350/349 351/353/354 347/367/367
s 64
f 379/368/368 380/370/369 383/369/370
f 379/368/368 376/372/371 378/371/372
f 370/373/373 378/371/372 371/374/374
f 371/374/374 374/376/375 373/375/376
f 368/377/377 369/379/378 375/378/379
f 368/377/377 376/372/371 379/368/368
f 371/374/374 378/371/372 376/372/371
f 371/374/374 377/381/380 372/380/381
f 371/374/374 376/372/371 377/381/380
f 371/374/374 372/380/381 374/376/375
f 368/377/377 375/378/379 376/372/371
f 383/369/370 382/383/382 381/382/383 368/377/377
f 379/368/368 383/369/370 368/377/377
s 68
f 384/384/384 387/386/385 388/385/386
f 384/384/384 388/385/386 389/387/387
f 387/386/385 390/388/388 388/385/386
f 388/385/386 393/389/389 389/387/387
f 385/390/390 389/387/387 386/391/391
f 389/387/387 393/389/389 392/392/392
f 388/385/386 391/393/393 393/389/389
f 390/388/388 391/393/393 388/385/386
f 389/387/387 392/392/392 394/394/394
f 389/387/387 394/394/394 386/391/391
f 394/394/394 395/395/395 386/391/391
s 70
f 396/396/396 399/398/397 400/397/398
f 396/396/396 400/397/398 401/399/399
f 401/399/399 418/401/400 417/400/401
f 399/398/397 404/402/402 400/397/398
f 400/397/398 416/403/403 401/399/399
f 401/399/399 415/405/404 402/404/405 418/401/400
f 415/405/404 414/407/406 412/406/407
f 406/408/408 407/409/409 414/407/406
f 407/409/409 409/411/410 410/410/411
f 397/412/412 401/399/399 417/400/401
f 402/404/405 411/414/413 403/413/414
f 402/404/405 415/405/404 412/406/407
f 407/409/409 412/406/407 414/407/406
f 407/409/409 408/416/415 413/415/416
f 407/409/409 413/415/416 412/406/407
f 407/409/409 410/410/411 408/416/415
f 402/404/405 412/406/407 411/414/413
f 401/399/399 416/403/403 415/405/404
f 400/397/398 405/417/417 416/403/403
f 404/402/402 405/417/417 400/397/398
f 418/401/400 402/404/405 398/418/418
s 75
f 430/419/419 431/421/420 434/420/421
f 430/419/419 427/423/422 429/422/423
f 421/424/424 429/422/423 422/425/425
f 422/425/425 425/427/426 424/426/427
f 419/428/428 420/430/429 426/429/430
f 419/428/428 427/423/422 430/419/419
f 422/425/425 429/422/423 427/423/422
f 422/425/425 428/432/431 423/431/432
f 422/425/425 427/423/422 428/432/431
f 422/425/425 423/431/432 425/427/426
f 419/428/428 426/429/430 427/423/422
f 434/420/421 433/434/433 432/433/434 419/428/428
f 430/419/419 434/420/421 419/428/428
s 79
f 435/435/435 439/437/436 438/436/437
f 435/435/435 440/438/438 439/437/436
f 440/438/438 456/440/439 457/439/440
f 438/436/437 439/437/436 443/441/441
f 439/437/436 440/438/438 455/442/442
f 440/438/438 457/439/440 441/444/443 454/443/444
f 454/443/444 451/446/445 453/445/446
f 445/447/447 453/445/446 446/448/448
f 446/448/448 449/450/449 448/449/450
f 436/451/451 456/440/439 440/438/438
f 441/444/443 442/453/452 450/452/453
f 441/444/443 451/446/445 454/443/444
f 446/448/448 453/445/446 451/446/445
f 446/448/448 452/455/454 447/454/455
f 446/448/448 451/446/445 452/455/454
f 446/448/448 447/454/455 449/450/449
f 441/444/443 450/452/453 451/446/445
f 440/438/438 454/443/444 455/442/442
f 439/437/436 455/442/442 444/456/456
f 443/441/441 439/437/436 444/456/456
f 457/439/440 437/457/457 441/444/443
s 83
f 458/458/458 462/460/459 461/459/460
f 458/458/458 463/461/461 462/460/459
f 461/459/460 462/460/459 464/462/462
f 462/460/459 463/461/461 467/463/463
f 459/464/464 460/465/465 463/461/461
f 463/461/461 466/466/466 467/463/463
f 462/460/459 467/463/463 465/467/467
f 464/462/462 462/460/459 465/467/467
f 463/461/461 468/468/468 466/466/466
f 463/461/461 460/465/465 468/468/468
f 468/468/468 460/465/465 469/469/469
s 85
f 481/470/470 482/472/471 485/471/472
f 481/470/470 478/474/473 480/473/474
f 472/475/475 480/473/474 473/476/476
f 473/476/476 476/478/477 475/477/478
f 470/479/479 471/481/480 477/480/481
f 470/479/479 478/474/473 481/470/470
f 473/476/476 480/473/474 478/474/473
f 473/476/476 479/483/482 474/482/483
f 473/476/476 478/474/473 479/483/482
f 473/476/476 474/482/483 476/478/477
f 470/479/479 477/480/481 478/474/473
f 485/471/472 484/485/484 483/484/485 470/479/479
f 481/470/470 485/471/472 470/479/479
s 89
f 486/486/486 489/488/487 490/487/488
f 486/486/486 490/487/488 491/489/489
f 491/489/489 508/491/490 507/490/491
f 489/488/487 494/492/492 490/487/488
f 490/487/488 506/493/493 491/489/489
f 491/489/489 505/495/494 492/494/495 508/491/490
f 505/495/494 504/497/496 502/496/497
f 496/498/498 497/499/499 504/497/496
f 497/499/499 499/501/500 500/500/501
f 487/502/502 491/489/489 507/490/491
f 492/494/495 501/504/503 493/503/504
f 492/494/495 505/495/494 502/496/497
f 497/499/499 502/496/497 504/497/496
f 497/499/499 498/506/505 503/505/506
f 497/499/499 503/505/506 502/496/497
f 497/499/499 500/500/501 498/506/505
f 492/494/495 502/496/497 501/504/503
f 491/489/489 506/493/493 505/495/494
f 490/487/488 495/507/507 506/493/493
f 494/492/492 495/507/507 490/487/488
f 508/491/490 492/494/495 488/508/508
s 94
f 509/509/509 512/511/510 513/510/511
f 509/509/509 513/510/511 514/512/512
f 514/512/512 531/514/513 530/513/514
f 512/511/510 517/515/515 513/510/511
f 513/510/511 529/516/516 514/512/512
f 514/512/512 528/518/517 515/517/518 531/514/513
f 528/518/517 527/520/519 525/519/520
f 519/521/521 520/522/522 527/520/519
f 520/522/522 522/524/523 523/523/524
f 510/525/525 514/512/512 530/513/514
f 515/517/518 524/527/526 516/526/527
f 515/517/518 528/518/517 525/519/520
f 520/522/522 525/519/520 527/520/519
f 520/522/522 521/529/528 526/528/529
f 520/522/522 526/528/529 525/519/520
f 520/522/522 523/523/524 521/529/528
f 515/517/518 525/519/520 524/527/526
f 514/512/512 529/516/516 528/518/517
f 513/510/511 518/530/530 529/516/516
f 517/515/515 518/530/530 513/510/511
f 531/514/513 515/517/518 511/531/531
s 99
f 532/532/532 535/534/533 536/533/534
f 532/532/532 536/533/534 537/535/535
f 537/535/535 554/537/536 553/536/537
f 535/534/533 540/538/538 536/533/534
f 536/533/534 552/539/539 537/535/535
f 537/535/535 551/541/540 538/540/541 554/537/536
f 551/541/540 550/543/542 548/542/543
f 542/544/544 543/545/545 550/543/542
f 543/545/545 545/547/546 546/546/547
f 533/548/548 537/535/535 553/536/537
f 538/540/541 547/550/549 539/549/550
f 538/540/541 551/541/540 548/542/543
f 543/545/545 548/542/543 550/543/542
f 543/545/545 544/552/551 549/551/552
f 543/545/545 549/551/552 548/542/543
f 543/545/545 546/546/547 544/552/551
f 538/540/541 548/542/543 547/550/549
f 537/535/535 552/539/539 551/541/540
f 536/533/534 541/553/553 552/539/539
f 540/538/538 541/553/553 536/533/534
f 554/537/536 538/540/541 534/554/554
s 104
f 555/555/555 558/557/556 559/556/557
f 555/555/555 559/556/557 560/558/558
f 560/558/558 577/560/559 576/559/560
f 558/557/556 563/561/561 559/556/557
f 559/556/557 575/562/562 560/558/558
f 560/558/558 574/564/563 561/563/564 577/560/559
f 574/564/563 573/566/565 571/565/566
f 565/567/567 566/568/568 573/566/565
f 566/568/568 568/570/569 569/569/570
f 556/571/571 560/558/558 576/559/560
f 561/563/564 570/573/572 562/572/573
f 561/563/564 574/564/563 571/565/566
f 566/568/568 571/565/566 573/566/565
f 566/568/568 567/575/574 572/574/575
f 566/568/568 572/574/575 571/565/566
f 566/568/568 569/569/570 567/575/574
f 561/563/564 571/565/566 570/573/572
f 560/558/558 575/562/562 574/564/563
f 559/556/557 564/576/576 575/562/562
f 563/561/561 564/576/576 559/556/557
f 577/560/559 561/563/564 557/577/577
s 109
f 589/578/578 590/580/579 593/579/580
f 589/578/578 586/582/581 588/581/582
f 580/583/583 588/581/582 581/584/584
f 581/584/584 584/586/585 583/585/586
f 578/587/587 579/589/588 585/588/589
f 578/587/587 586/582/581 589/578/578
f 581/584/584 588/581/582 586/582/581
f 581/584/584 587/591/590 582/590/591
f 581/584/584 586/582/581 587/591/590
f 581/584/584 582/590/591 584/586/585
f 578/587/587 585/588/589 586/582/581
f 593/579/580 592/593/592 591/592/593 578/587/587
f 589/578/578 593/579/580 578/587/587
s 113
f 594/594/594 597/596/595 598/595/596
f 594/594/594 598/595/596 599/597/597
f 599/597/597 616/599/598 615/598/599
f 597/596/595 602/600/600 598/595/596
f 598/595/596 614/601/601 599/597/597
f 599/597/597 613/603/602 600/602/603 616/599/598
f 613/603/602 612/605/604 610/604/605
f 604/606/606 605/607/607 612/605/604
f 605/607/607 607/609/608 608/608/609
f 595/610/610 599/597/597 615/598/599
f 600/602/603 609/612/611 601/611/612
f 600/602/603 613/603/602 610/604/605
f 605/607/607 610/604/605 612/605/604
f 605/607/607 606/614/613 611/613/614
f 605/607/607 611/613/614 610/604/605
f 605/607/607 608/608/609 606/614/613
f 600/602/603 610/604/605 609/612/611
f 599/597/597 614/601/601 613/603/602
f 598/595/596 603/615/615 614/601/601
f 602/600/600 603/615/615 598/595/596
f 616/599/598 600/602/603 596/616/616
s 118
f 628/617/617 629/619/618 632/618/619
f 628/617/617 625/621/620 627/620/621
f 619/622/622 627/620/621 620/623/623
f 620/623/623 623/625/624 622/624/625
f 617/626/626 618/628/627 624/627/628
f 617/626/626 625/621/620 628/617/617
f 620/623/623 627/620/621 625/621/620
f 620/623/623 626/630/629 621/629/630
f 620/623/623 625/621/620 626/630/629
f 620/623/623 621/629/630 623/625/624
f 617/626/626 624/627/628 625/621/620
f 632/618/619 631/632/631 630/631/632 617/626/626
f 628/617/617 632/618/619 617/626/626
s 122
f 633/633/633 636/635/634 637/634/635
f 633/633/633 637/634/635 638/636/636
f 638/636/636 655/638/637 654/637/638
f 636/635/634 641/639/639 637/634/635
f 637/634/635 653/640/640 638/636/636
f 638/636/636 652/642/641 639/641/642 655/638/637
f 652/642/641 651/644/643 649/643/644
f 643/645/645 644/646/646 651/644/643
f 644/646/646 646/648/647 647/647/648
f 634/649/649 638/636/636 654/637/638
f 639/641/642 648/651/650 640/650/651
f 639/641/642 652/642/641 649/643/644
f 644/646/646 649/643/644 651/644/643
f 644/646/646 645/653/652 650/652/653
f 644/646/646 650/652/653 649/643/644
f 644/646/646 647/647/648 645/653/652
f 639/641/642 649/643/644 648/651/650
f 638/636/636 653/640/640 652/642/641
f 637/634/635 642/654/654 653/640/640
f 641/639/639 642/654/654 637/634/635
f 655/638/637 639/641/642 635/655/655
s 127
f 656/656/656 659/658/657 660/657/658
f 656/656/656 660/657/658 661/659/659
f 661/659/659 678/661/660 677/660/661
f 659/658/657 664/662/662 660/657/658
f 660/657/658 676/663/663 661/659/659
f 661/659/659 675/665/664 662/664/665 678/661/660
f 675/665/664 674/667/666 672/666/667
f 666/668/668 667/669/669 674/667/666
f 667/669/669 669/671/670 670/670/671
f 657/672/672 661/659/659 677/660/661
f 662/664/665 671/674/673 663/673/674
f 662/664/665 675/665/664 672/666/667
f 667/669/669 672/666/667 674/667/666
f 667/669/669 668/676/675 673/675/676
f 667/669/669 673/675/676 672/666/667
f 667/669/669 670/670/671 668/676/675
f 662/664/665 672/666/667 671/674/673
f 661/659/659 676/663/663 675/665/664
f 660/657/658 665/677/677 676/663/663
f 664/662/662 665/677/677 660/657/658
f 678/661/660 662/664/665 658/678/678
s 132
f 690/679/679 691/681/680 694/680/681
f 690/679/679 687/683/682 689/682/683
f 681/684/684 689/682/683 682/685/685
f 682/685/685 685/687/686 684/686/687
f 679/688/688 680/690/689 686/689/690
f 679/688/688 687/683/682 690/679/679
f 682/685/685 689/682/683 687/683/682
f 682/685/685 688/692/691 683/691/692
f 682/685/685 687/683/682 688/692/691
f 682/685/685 683/691/692 685/687/686
f 679/688/688 686/689/690 687/683/682
f 694/680/681 693/694/693 692/693/694 679/688/688
f 690/679/679 694/680/681 679/688/688
s 136
f 695/695/695 698/697/696 699/696/697
f 695/695/695 699/696/697 700/698/698
f 700/698/698 717/700/699 716/699/700
f 698/697/696 703/701/701 699/696/697
f 699/696/697 715/702/702 700/698/698
f 700/698/698 714/704/703 701/703/704 717/700/699
f 714/704/703 713/706/705 711/705/706
f 705/707/707 706/708/708 713/706/705
f 706/708/708 708/710/709 709/709/710
f 696/711/711 700/698/698 716/699/700
f 701/703/704 710/713/712 702/712/713
f 701/703/704 714/704/703 711/705/706
f 706/708/708 711/705/706 713/706/705
f 706/708/708 707/715/714 712/714/715
f 706/708/708 712/714/715 711/705/706
f 706/708/708 709/709/710 707/715/714
f 701/703/704 711/705/706 710/713/712
f 700/698/698 715/702/702 714/704/703
f 699/696/697 704/716/716 715/702/702
f 703/701/701 704/716/716 699/696/697
f 717/700/699 701/703/704 697/717/717
s 141
f 729/718/718 730/720/719 733/719/720
f 729/718/718 726/722/721 728/721/722
f 720/723/723 728/721/722 721/724/724
f 721/724/724 724/726/725 723/725/726
f 718/727/727 719/729/728 725/728/729
f 718/727/727 726/722/721 729/718/718
f 721/724/724 728/721/722 726/722/721
f 721/724/724 727/731/730 722/730/731
f 721/724/724 726/722/721 727/731/730
f 721/724/724 722/730/731 724/726/725
f 718/727/727 725/728/729 726/722/721
f 733/719/720 732/733/732 731/732/733 718/727/727
f 729/718/718 733/719/720 718/727/727
s 145
f 735/734/734 736/736/735 737/735/736
f 738/737/737 735/734/734 737/735/736
f 734/738/738 735/734/734 738/737/737
s 146
f 740/739/739 741/741/740 742/740/741
f 743/742/742 740/739/739 742/740/741
f 739/743/743 740/739/739 743/742/742
s 147
f 745/744/744 746/746/745 747/745/746
f 748/747/747 745/744/744 747/745/746
f 744/748/748 745/744/744 748/747/747
s 148
f 750/749/749 751/751/750 752/750/751
f 753/752/752 750/749/749 752/750/751
f 749/753/753 750/749/749 753/752/752
s 149
f 755/754/754 756/756/755 757/755/756
f 758/757/757 755/754/754 757/755/756
f 754/758/758 755/754/754 758/757/757
s 150
f 760/759/759 761/761/760 762/760/761
f 763/762/762 760/759/759 762/760/761
f 759/763/763 760/759/759 763/762/762
s 151
f 765/764/764 766/766/765 767/765/766
f 768/767/767 765/764/764 767/765/766
f 764/768/768 765/764/764 768/767/767
s 152
f 770/769/769 771/771/770 772/770/771
f 773/772/772 770/769/769 772/770/771
f 769/773/773 770/769/769 773/772/772
s 153
f 775/774/774 776/776/775 777/775/776
f 778/777/777 775/774/774 777/775/776
f 774/778/778 775/774/774 778/777/777
s 154
f 780/779/779 781/781/780 782/780/781
f 783/782/782 780/779/779 782/780/781
f 779/783/783 780/779/779 783/782/782
s 155
f 785/784/784 786/786/785 787/785/786
f 788/787/787 785/784/784 787/785/786
f 784/788/788 785/784/784 788/787/787
s 156
f 790/789/789 791/791/790 792/790/791
f 793/792/792 790/789/789 792/790/791
f 789/793/793 790/789/789 793/792/792
s 157
f 795/794/794 796/796/795 797/795/796
f 798/797/797 795/794/794 797/795/796
f 794/798/798 795/794/794 798/797/797
s 158
f 800/799/799 801/801/800 802/800/801
f 803/802/802 800/799/799 802/800/801
f 799/803/803 800/799/799 803/802/802
s 159
f 805/804/804 806/806/805 807/805/806
f 808/807/807 805/804/804 807/805/806
f 804/808/808 805/804/804 808/807/807
s 160
f 810/809/809 811/811/810 812/810/811
f 813/812/812 810/809/809 812/810/811
f 809/813/813 810/809/809 813/812/812
s 161
f 815/814/814 816/816/815 817/815/816
f 818/817/817 815/814/814 817/815/816
f 814/818/818 815/814/814 818/817/817
s 162
f 820/819/819 821/821/820 822/820/821
f 823/822/822 820/819/819 822/820/821
f 819/823/823 820/819/819 823/822/822
s 163
f 825/824/824 826/826/825 827/825/826
f 828/827/827 825/824/824 827/825/826
f 824/828/828 825/824/824 828/827/827
s 164
f 830/829/829 831/831/830 832/830/831
f 833/832/832 830/829/829 832/830/831
f 829/833/833 830/829/829 833/832/832
s 165
f 835/834/834 836/836/835 837/835/836
f 838/837/837 835/834/834 837/835/836
f 834/838/838 835/834/834 838/837/837
s 166
f 840/839/839 841/841/840 842/840/841
f 843/842/842 840/839/839 842/840/841
f 839/843/843 840/839/839 843/842/842
s 167
f 845/844/844 846/846/845 847/845/846
f 848/847/847 845/844/844 847/845/846
f 844/848/848 845/844/844 848/847/847
s 168
f 850/849/849 851/851/850 852/850/851
f 853/852/852 850/849/849 852/850/851
f 849/853/853 850/849/849 853/852/852
s 169
f 855/854/854 856/856/855 857/855/856
f 858/857/857 855/854/854 857/855/856
f 854/858/858 855/854/854 858/857/857
s 170
f 860/859/859 861/861/860 862/860/861
f 863/862/862 860/859/859 862/860/861
f 859/863/863 860/859/859 863/862/862
s 171
f 865/864/864 866/866/865 867/865/866
f 868/867/867 865/864/864 867/865/866
f 864/868/868 865/864/864 868/867/867
s 172
f 870/869/869 871/871/870 872/870/871
f 873/872/872 870/869/869 872/870/871
f 869/873/873 870/869/869 873/872/872
s 173
f 875/874/874 876/876/875 877/875/876
f 878/877/877 875/874/874 877/875/876
f 874/878/878 875/874/874 878/877/877
s 174
f 880/879/879 881/881/880 882/880/881
f 883/882/882 880/879/879 882/880/881
f 879/883/883 880/879/879 883/882/882
s 175
f 886/884/884 887/886/885 885/885/886
f 892/887/887 889/888/888 887/886/885
f 891/889/889 889/888/888 892/887/887
f 894/890/890 890/892/891 895/891/892
f 888/893/893 894/890/890 895/891/892
f 886/884/884 888/893/893 892/887/887
f 886/884/884 892/887/887 887/886/885
f 888/893/893 895/891/892 892/887/887
f 890/892/891 893/894/894 895/891/892
f 884/895/895 886/884/884 885/885/886
s 178
f 896/896/896 898/899/897 899/898/898 897/897/899
f 898/899/897 904/900/900 899/898/898
f 899/898/898 904/900/900 905/901/901
f 898/899/897 900/902/902 904/900/900
f 900/902/902 901/903/903 904/900/900
f 899/898/898 905/901/901 906/904/904
f 903/905/905 901/903/903 900/902/902
f 900/902/902 902/906/906 903/905/905
s 179
f 907/907/907 908/910/908 910/909/909 909/908/910
f 909/908/910 910/909/909 921/911/911
f 911/912/912 912/914/913 917/913/914
f 918/915/915 917/913/914 912/914/913 914/916/916
f 919/917/917 918/915/915 914/916/916
f 914/916/916 924/918/918 919/917/917
f 919/917/917 927/919/919 918/915/915
f 910/909/909 922/920/920 921/911/911
f 909/908/910 921/911/911 911/912/912
f 911/912/912 921/911/911 912/914/913
f 910/909/909 923/921/921 922/920/920
f 916/922/922 911/912/912 917/913/914
f 911/912/912 916/922/922 913/923/923
f 919/917/917 924/918/918 920/924/924
f 927/919/919 915/926/925 926/925/926
f 920/924/924 924/918/918 925/927/927
f 927/919/919 919/917/917 915/926/925
s 181
f 930/928/928 936/930/929 931/929/930
f 937/931/931 933/932/932 931/929/930 936/930/929
f 938/933/933 933/932/932 937/931/931
f 933/932/932 938/933/933 940/934/934
f 938/933/933 937/931/931 943/935/935
f 928/936/936 930/928/928 929/937/937
f 930/928/928 931/929/930 929/937/937
f 935/938/938 936/930/929 930/928/928
f 930/928/928 932/939/939 935/938/938
f 938/933/933 939/940/940 940/934/934
f 943/935/935 942/942/941 934/941/942
f 939/940/940 941/943/943 940/934/934
f 943/935/935 934/941/942 938/933/933
s 182
f 944/944/944 946/947/945 947/946/946 945/945/947
f 946/947/945 958/948/948 947/946/946
f 948/949/949 954/951/950 949/950/951
f 955/952/952 951/953/953 949/950/951 954/951/950
f 956/954/954 951/953/953 955/952/952
f 951/953/953 956/954/954 961/955/955
f 956/954/954 955/952/952 964/956/956
f 947/946/946 958/948/948 959/957/957
f 946/947/945 948/949/949 958/948/948
f 948/949/949 949/950/951 958/948/948
f 947/946/946 959/957/957 960/958/958
f 953/959/959 954/951/950 948/949/949
f 948/949/949 950/960/960 953/959/959
f 956/954/954 957/961/961 961/955/955
f 964/956/956 963/963/962 952/962/963
f 957/961/961 962/964/964 961/955/955
f 964/956/956 952/962/963 956/954/954
s 184
f 967/965/965 968/967/966 966/966/967
f 973/968/968 970/969/969 968/967/966
f 972/970/970 970/969/969 973/968/968
f 975/971/971 971/973/972 976/972/973
f 969/974/974 975/971/971 976/972/973
f 967/965/965 969/974/974 973/968/968
f 967/965/965 973/968/968 968/967/966
f 969/974/974 976/972/973 973/968/968
f 971/973/972 974/975/975 976/972/973
f 965/976/976 967/965/965 966/966/967
s 187
f 979/977/977 980/979/978 978/978/979
f 985/980/980 982/981/981 980/979/978
f 984/982/982 982/981/981 985/980/980
f 987/983/983 983/985/984 988/984/985
f 981/986/986 987/983/983 988/984/985
f 979/977/977 981/986/986 985/980/980
f 979/977/977 985/980/980 980/979/978
f 981/986/986 988/984/985 985/980/980
f 983/985/984 986/987/987 988/984/985
f 977/988/988 979/977/977 978/978/979
s 190
f 989/989/989 991/992/990 992/991/991 990/990/992
f 991/992/990 997/993/993 992/991/991
f 992/991/991 997/993/993 998/994/994
f 991/992/990 993/995/995 997/993/993
f 993/995/995 994/996/996 997/993/993
f 992/991/991 998/994/994 999/997/997
f 996/998/998 994/996/996 993/995/995
f 993/995/995 995/999/999 996/998/998
s 191
f 1000/1000/1000 1001/1003/1001 1003/1002/1002 1002/1001/1003
f 1002/1001/1003 1003/1002/1002 1014/1004/1004
f 1004/1005/1005 1005/1007/1006 1010/1006/1007
f 1011/1008/1008 1010/1006/1007 1005/1007/1006 1007/1009/1009
f 1012/1010/1010 1011/1008/1008 1007/1009/1009
f 1007/1009/1009 1017/1011/1011 1012/1010/1010
f 1012/1010/1010 1020/1012/1012 1011/1008/1008
f 1003/1002/1002 1015/1013/1013 1014/1004/1004
f 1002/1001/1003 1014/1004/1004 1004/1005/1005
f 1004/1005/1005 1014/1004/1004 1005/1007/1006
f 1003/1002/1002 1016/1014/1014 1015/1013/1013
f 1009/1015/1015 1004/1005/1005 1010/1006/1007
f 1004/1005/1005 1009/1015/1015 1006/1016/1016
f 1012/1010/1010 1017/1011/1011 1013/1017/1017
f 1020/1012/1012 1008/1019/1018 1019/1018/1019
f 1013/1017/1017 1017/1011/1011 1018/1020/1020
f 1020/1012/1012 1012/1010/1010 1008/1019/1018
s 193
f 1023/1021/1021 1029/1023/1022 1024/1022/1023
f 1030/1024/1024 1026/1025/1025 1024/1022/1023 1029/1023/1022
f 1031/1026/1026 1026/1025/1025 1030/1024/1024
f 1026/1025/1025 1031/1026/1026 1033/1027/1027
f 1031/1026/1026 1030/1024/1024 1036/1028/1028
f 1021/1029/1029 1023/1021/1021 1022/1030/1030
f 1023/1021/1021 1024/1022/1023 1022/1030/1030
f 1028/1031/1031 1029/1023/1022 1023/1021/1021
f 1023/1021/1021 1025/1032/1032 1028/1031/1031
f 1031/1026/1026 1032/1033/1033 1033/1027/1027
f 1036/1028/1028 1035/1035/1034 1027/1034/1035
f 1032/1033/1033 1034/1036/1036 1033/1027/1027
f 1036/1028/1028 1027/1034/1035 1031/1026/1026
s 194
f 1037/1037/1037 1039/1040/1038 1040/1039/1039 1038/1038/1040
f 1039/1040/1038 1051/1041/1041 1040/1039/1039
f 1041/1042/1042 1047/1044/1043 1042/1043/1044
f 1048/1045/1045 1044/1046/1046 1042/1043/1044 1047/1044/1043
f 1049/1047/1047 1044/1046/1046 1048/1045/1045
f 1044/1046/1046 1049/1047/1047 1054/1048/1048
f 1049/1047/1047 1048/1045/1045 1057/1049/1049
f 1040/1039/1039 1051/1041/1041 1052/1050/1050
f 1039/1040/1038 1041/1042/1042 1051/1041/1041
f 1041/1042/1042 1042/1043/1044 1051/1041/1041
f 1040/1039/1039 1052/1050/1050 1053/1051/1051
f 1046/1052/1052 1047/1044/1043 1041/1042/1042
f 1041/1042/1042 1043/1053/1053 1046/1052/1052
f 1049/1047/1047 1050/1054/1054 1054/1048/1048
f 1057/1049/1049 1056/1056/1055 1045/1055/1056
f 1050/1054/1054 1055/1057/1057 1054/1048/1048
f 1057/1049/1049 1045/1055/1056 1049/1047/1047
s 196
f 1060/1058/1058 1061/1060/1059 1059/1059/1060
f 1066/1061/1061 1063/1062/1062 1061/1060/1059
f 1065/1063/1063 1063/1062/1062 1066/1061/1061
f 1068/1064/1064 1064/1066/1065 1069/1065/1066
f 1062/1067/1067 1068/1064/1064 1069/1065/1066
f 1060/1058/1058 1062/1067/1067 1066/1061/1061
f 1060/1058/1058 1066/1061/1061 1061/1060/1059
f 1062/1067/1067 1069/1065/1066 1066/1061/1061
f 1064/1066/1065 1067/1068/1068 1069/1065/1066
f 1058/1069/1069 1060/1058/1058 1059/1059/1060
s 199
f 1070/1070/1070 1072/1073/1071 1073/1072/1072 1071/1071/1073
f 1072/1073/1071 1078/1074/1074 1073/1072/1072
f 1073/1072/1072 1078/1074/1074 1079/1075/1075
f 1072/1073/1071 1074/1076/1076 1078/1074/1074
f 1074/1076/1076 1075/1077/1077 1078/1074/1074
f 1073/1072/1072 1079/1075/1075 1080/1078/1078
f 1077/1079/1079 1075/1077/1077 1074/1076/1076
f 1074/1076/1076 1076/1080/1080 1077/1079/1079
s 200
f 1083/1081/1081 1089/1083/1082 1084/1082/1083
f 1090/1084/1084 1086/1085/1085 1084/1082/1083 1089/1083/1082
f 1091/1086/1086 1086/1085/1085 1090/1084/1084
f 1086/1085/1085 1091/1086/1086 1093/1087/1087
f 1091/1086/1086 1090/1084/1084 1096/1088/1088
f 1081/1089/1089 1083/1081/1081 1082/1090/1090
f 1083/1081/1081 1084/1082/1083 1082/1090/1090
f 1088/1091/1091 1089/1083/1082 1083/1081/1081
f 1083/1081/1081 1085/1092/1092 1088/1091/1091
f 1091/1086/1086 1092/1093/1093 1093/1087/1087
f 1096/1088/1088 1095/1095/1094 1087/1094/1095
f 1092/1093/1093 1094/1096/1096 1093/1087/1087
f 1096/1088/1088 1087/1094/1095 1091/1086/1086
s 201
f 1097/1097/1097 1099/1100/1098 1100/1099/1099 1098/1098/1100
f 1099/1100/1098 1111/1101/1101 1100/1099/1099
f 1101/1102/1102 1107/1104/1103 1102/1103/1104
f 1108/1105/1105 1104/1106/1106 1102/1103/1104 1107/1104/1103
f 1109/1107/1107 1104/1106/1106 1108/1105/1105
f 1104/1106/1106 1109/1107/1107 1114/1108/1108
f 1109/1107/1107 1108/1105/1105 1117/1109/1109
f 1100/1099/1099 1111/1101/1101 1112/1110/1110
f 1099/1100/1098 1101/1102/1102 1111/1101/1101
f 1101/1102/1102 1102/1103/1104 1111/1101/1101
f 1100/1099/1099 1112/1110/1110 1113/1111/1111
f 1106/1112/1112 1107/1104/1103 1101/1102/1102
f 1101/1102/1102 1103/1113/1113 1106/1112/1112
f 1109/1107/1107 1110/1114/1114 1114/1108/1108
f 1117/1109/1109 1116/1116/1115 1105/1115/1116
f 1110/1114/1114 1115/1117/1117 1114/1108/1108
f 1117/1109/1109 1105/1115/1116 1109/1107/1107
s 203
f 1118/1118/1118 1120/1121/1119 1121/1120/1120 1119/1119/1121
f 1120/1121/1119 1132/1122/1122 1121/1120/1120
f 1122/1123/1123 1128/1125/1124 1123/1124/1125
f 1129/1126/1126 1125/1127/1127 1123/1124/1125 1128/1125/1124
f 1130/1128/1128 1125/1127/1127 1129/1126/1126
f 1125/1127/1127 1130/1128/1128 1135/1129/1129
f 1130/1128/1128 1129/1126/1126 1138/1130/1130
f 1121/1120/1120 1132/1122/1122 1133/1131/1131
f 1120/1121/1119 1122/1123/1123 1132/1122/1122
f 1122/1123/1123 1123/1124/1125 1132/1122/1122
f 1121/1120/1120 1133/1131/1131 1134/1132/1132
f 1127/1133/1133 1128/1125/1124 1122/1123/1123
f 1122/1123/1123 1124/1134/1134 1127/1133/1133
f 1130/1128/1128 1131/1135/1135 1135/1129/1129
f 1138/1130/1130 1137/1137/1136 1126/1136/1137
f 1131/1135/1135 1136/1138/1138 1135/1129/1129
f 1138/1130/1130 1126/1136/1137 1130/1128/1128
s 205
f 1139/1139/1139 1141/1142/1140 1142/1141/1141 1140/1140/1142
f 1141/1142/1140 1147/1143/1143 1142/1141/1141
f 1142/1141/1141 1147/1143/1143 1148/1144/1144
f 1141/1142/1140 1143/1145/1145 1147/1143/1143
f 1143/1145/1145 1144/1146/1146 1147/1143/1143
f 1142/1141/1141 1148/1144/1144 1149/1147/1147
f 1146/1148/1148 1144/1146/1146 1143/1145/1145
f 1143/1145/1145 1145/1149/1149 1146/1148/1148
s 206
f 1152/1150/1150 1153/1152/1151 1151/1151/1152
f 1158/1153/1153 1155/1154/1154 1153/1152/1151
f 1157/1155/1155 1155/1154/1154 1158/1153/1153
f 1160/1156/1156 1156/1158/1157 1161/1157/1158
f 1154/1159/1159 1160/1156/1156 1161/1157/1158
f 1152/1150/1150 1154/1159/1159 1158/1153/1153
f 1152/1150/1150 1158/1153/1153 1153/1152/1151
f 1154/1159/1159 1161/1157/1158 1158/1153/1153
f 1156/1158/1157 1159/1160/1160 1161/1157/1158
f 1150/1161/1161 1152/1150/1150 1151/1151/1152
s 209
f 1162/1162/1162 1164/1165/1163 1165/1164/1164 1163/1163/1165
f 1164/1165/1163 1176/1166/1166 1165/1164/1164
f 1166/1167/1167 1172/1169/1168 1167/1168/1169
f 1173/1170/1170 1169/1171/1171 1167/1168/1169 1172/1169/1168
f 1174/1172/1172 1169/1171/1171 1173/1170/1170
f 1169/1171/1171 1174/1172/1172 1179/1173/1173
f 1174/1172/1172 1173/1170/1170 1182/1174/1174
f 1165/1164/1164 1176/1166/1166 1177/1175/1175
f 1164/1165/1163 1166/1167/1167 1176/1166/1166
f 1166/1167/1167 1167/1168/1169 1176/1166/1166
f 1165/1164/1164 1177/1175/1175 1178/1176/1176
f 1171/1177/1177 1172/1169/1168 1166/1167/1167
f 1166/1167/1167 1168/1178/1178 1171/1177/1177
f 1174/1172/1172 1175/1179/1179 1179/1173/1173
f 1182/1174/1174 1181/1181/1180 1170/1180/1181
f 1175/1179/1179 1180/1182/1182 1179/1173/1173
f 1182/1174/1174 1170/1180/1181 1174/1172/1172
s 211
f 1183/1183/1183 1185/1186/1184 1186/1185/1185 1184/1184/1186
f 1185/1186/1184 1191/1187/1187 1186/1185/1185
f 1186/1185/1185 1191/1187/1187 1192/1188/1188
f 1185/1186/1184 1187/1189/1189 1191/1187/1187
f 1187/1189/1189 1188/1190/1190 1191/1187/1187
f 1186/1185/1185 1192/1188/1188 1193/1191/1191
f 1190/1192/1192 1188/1190/1190 1187/1189/1189
f 1187/1189/1189 1189/1193/1193 1190/1192/1192
s 212
f 1196/1194/1194 1202/1196/1195 1197/1195/1196
f 1203/1197/1197 1199/1198/1198 1197/1195/1196 1202/1196/1195
f 1204/1199/1199 1199/1198/1198 1203/1197/1197
f 1199/1198/1198 1204/1199/1199 1206/1200/1200
f 1204/1199/1199 1203/1197/1197 1209/1201/1201
f 1194/1202/1202 1196/1194/1194 1195/1203/1203
f 1196/1194/1194 1197/1195/1196 1195/1203/1203
f 1201/1204/1204 1202/1196/1195 1196/1194/1194
f 1196/1194/1194 1198/1205/1205 1201/1204/1204
f 1204/1199/1199 1205/1206/1206 1206/1200/1200
f 1209/1201/1201 1208/1208/1207 1200/1207/1208
f 1205/1206/1206 1207/1209/1209 1206/1200/1200
f 1209/1201/1201 1200/1207/1208 1204/1199/1199
s 213
f 1210/1210/1210 1212/1213/1211 1213/1212/1212 1211/1211/1213
f 1212/1213/1211 1224/1214/1214 1213/1212/1212
f 1214/1215/1215 1220/1217/1216 1215/1216/1217
f 1221/1218/1218 1217/1219/1219 1215/1216/1217 1220/1217/1216
f 1222/1220/1220 1217/1219/1219 1221/1218/1218
f 1217/1219/1219 1222/1220/1220 1227/1221/1221
f 1222/1220/1220 1221/1218/1218 1230/1222/1222
f 1213/1212/1212 1224/1214/1214 1225/1223/1223
f 1212/1213/1211 1214/1215/1215 1224/1214/1214
f 1214/1215/1215 1215/1216/1217 1224/1214/1214
f 1213/1212/1212 1225/1223/1223 1226/1224/1224
f 1219/1225/1225 1220/1217/1216 1214/1215/1215
f 1214/1215/1215 1216/1226/1226 1219/1225/1225
f 1222/1220/1220 1223/1227/1227 1227/1221/1221
f 1230/1222/1222 1229/1229/1228 1218/1228/1229
f 1223/1227/1227 1228/1230/1230 1227/1221/1221
f 1230/1222/1222 1218/1228/1229 1222/1220/1220
s 215
f 1231/1231/1231 1232/1234/1232 1234/1233/1233 1233/1232/1234
f 1233/1232/1234 1234/1233/1233 1239/1235/1235
f 1234/1233/1233 1240/1236/1236 1239/1235/1235
f 1233/1232/1234 1239/1235/1235 1235/1237/1237
f 1235/1237/1237 1239/1235/1235 1236/1238/1238
f 1234/1233/1233 1241/1239/1239 1240/1236/1236
f 1238/1240/1240 1235/1237/1237 1236/1238/1238
f 1235/1237/1237 1238/1240/1240 1237/1241/1241
s 216
f 1242/1242/1242 1244/1245/1243 1245/1244/1244 1243/1243/1245
f 1244/1245/1243 1256/1246/1246 1245/1244/1244
f 1246/1247/1247 1252/1249/1248 1247/1248/1249
f 1253/1250/1250 1249/1251/1251 1247/1248/1249 1252/1249/1248
f 1254/1252/1252 1249/1251/1251 1253/1250/1250
f 1249/1251/1251 1254/1252/1252 1259/1253/1253
f 1254/1252/1252 1253/1250/1250 1262/1254/1254
f 1245/1244/1244 1256/1246/1246 1257/1255/1255
f 1244/1245/1243 1246/1247/1247 1256/1246/1246
f 1246/1247/1247 1247/1248/1249 1256/1246/1246
f 1245/1244/1244 1257/1255/1255 1258/1256/1256
f 1251/1257/1257 1252/1249/1248 1246/1247/1247
f 1246/1247/1247 1248/1258/1258 1251/1257/1257
f 1254/1252/1252 1255/1259/1259 1259/1253/1253
f 1262/1254/1254 1261/1261/1260 1250/1260/1261
f 1255/1259/1259 1260/1262/1262 1259/1253/1253
f 1262/1254/1254 1250/1260/1261 1254/1252/1252
s 218
f 1265/1263/1263 1266/1265/1264 1264/1264/1265
f 1271/1266/1266 1268/1267/1267 1266/1265/1264
f 1270/1268/1268 1268/1267/1267 1271/1266/1266
f 1273/1269/1269 1269/1271/1270 1274/1270/1271
f 1267/1272/1272 1273/1269/1269 1274/1270/1271
f 1265/1263/1263 1267/1272/1272 1271/1266/1266
f 1265/1263/1263 1271/1266/1266 1266/1265/1264
f 1267/1272/1272 1274/1270/1271 1271/1266/1266
f 1269/1271/1270 1272/1273/1273 1274/1270/1271
f 1263/1274/1274 1265/1263/1263 1264/1264/1265
s 221
f 1275/1275/1275 1277/1278/1276 1278/1277/1277 1276/1276/1278
f 1277/1278/1276 1283/1279/1279 1278/1277/1277
f 1278/1277/1277 1283/1279/1279 1284/1280/1280
f 1277/1278/1276 1279/1281/1281 1283/1279/1279
f 1279/1281/1281 1280/1282/1282 1283/1279/1279
f 1278/1277/1277 1284/1280/1280 1285/1283/1283
f 1282/1284/1284 1280/1282/1282 1279/1281/1281
f 1279/1281/1281 1281/1285/1285 1282/1284/1284
s 222
f 1286/1286/1286 1287/1289/1287 1289/1288/1288 1288/1287/1289
f 1288/1287/1289 1289/1288/1288 1300/1290/1290
f 1290/1291/1291 1291/1293/1292 1296/1292/1293
f 1297/1294/1294 1296/1292/1293 1291/1293/1292 1293/1295/1295
f 1298/1296/1296 1297/1294/1294 1293/1295/1295
f 1293/1295/1295 1303/1297/1297 1298/1296/1296
f 1298/1296/1296 1306/1298/1298 1297/1294/1294
f 1289/1288/1288 1301/1299/1299 1300/1290/1290
f 1288/1287/1289 1300/1290/1290 1290/1291/1291
f 1290/1291/1291 1300/1290/1290 1291/1293/1292
f 1289/1288/1288 1302/1300/1300 1301/1299/1299
f 1295/1301/1301 1290/1291/1291 1296/1292/1293
f 1290/1291/1291 1295/1301/1301 1292/1302/1302
f 1298/1296/1296 1303/1297/1297 1299/1303/1303
f 1306/1298/1298 1294/1305/1304 1305/1304/1305
f 1299/1303/1303 1303/1297/1297 1304/1306/1306
f 1306/1298/1298 1298/1296/1296 1294/1305/1304
s 224
f 1309/1307/1307 1315/1309/1308 1310/1308/1309
f 1316/1310/1310 1312/1311/1311 1310/1308/1309 1315/1309/1308
f 1317/1312/1312 1312/1311/1311 1316/1310/1310
f 1312/1311/1311 1317/1312/1312 1319/1313/1313
f 1317/1312/1312 1316/1310/1310 1322/1314/1314
f 1307/1315/1315 1309/1307/1307 1308/1316/1316
f 1309/1307/1307 1310/1308/1309 1308/1316/1316
f 1314/1317/1317 1315/1309/1308 1309/1307/1307
f 1309/1307/1307 1311/1318/1318 1314/1317/1317
f 1317/1312/1312 1318/1319/1319 1319/1313/1313
f 1322/1314/1314 1321/1321/1320 1313/1320/1321
f 1318/1319/1319 1320/1322/1322 1319/1313/1313
f 1322/1314/1314 1313/1320/1321 1317/1312/1312
s 225
f 1323/1323/1323 1325/1326/1324 1326/1325/1325 1324/1324/1326
f 1325/1326/1324 1337/1327/1327 1326/1325/1325
f 1327/1328/1328 1333/1330/1329 1328/1329/1330
f 1334/1331/1331 1330/1332/1332 1328/1329/1330 1333/1330/1329
f 1335/1333/1333 1330/1332/1332 1334/1331/1331
f 1330/1332/1332 1335/1333/1333 1340/1334/1334
f 1335/1333/1333 1334/1331/1331 1343/1335/1335
f 1326/1325/1325 1337/1327/1327 1338/1336/1336
f 1325/1326/1324 1327/1328/1328 1337/1327/1327
f 1327/1328/1328 1328/1329/1330 1337/1327/1327
f 1326/1325/1325 1338/1336/1336 1339/1337/1337
f 1332/1338/1338 1333/1330/1329 1327/1328/1328
f 1327/1328/1328 1329/1339/1339 1332/1338/1338
f 1335/1333/1333 1336/1340/1340 1340/1334/1334
f 1343/1335/1335 1342/1342/1341 1331/1341/1342
f 1336/1340/1340 1341/1343/1343 1340/1334/1334
f 1343/1335/1335 1331/1341/1342 1335/1333/1333
s 227
f 1344/1344/1344 1346/1347/1345 1347/1346/1346 1345/1345/1347
f 1346/1347/1345 1352/1348/1348 1347/1346/1346
f 1347/1346/1346 1352/1348/1348 1353/1349/1349
f 1346/1347/1345 1348/1350/1350 1352/1348/1348
f 1348/1350/1350 1349/1351/1351 1352/1348/1348
f 1347/1346/1346 1353/1349/1349 1354/1352/1352
f 1351/1353/1353 1349/1351/1351 1348/1350/1350
f 1348/1350/1350 1350/1354/1354 1351/1353/1353
s 228
f 1357/1355/1355 1358/1357/1356 1356/1356/1357
f 1363/1358/1358 1360/1359/1359 1358/1357/1356
f 1362/1360/1360 1360/1359/1359 1363/1358/1358
f 1365/1361/1361 1361/1363/1362 1366/1362/1363
f 1359/1364/1364 1365/1361/1361 1366/1362/1363
f 1357/1355/1355 1359/1364/1364 1363/1358/1358
f 1357/1355/1355 1363/1358/1358 1358/1357/1356
f 1359/1364/1364 1366/1362/1363 1363/1358/1358
f 1361/1363/1362 1364/1365/1365 1366/1362/1363
f 1355/1366/1366 1357/1355/1355 1356/1356/1357
s 231
f 1367/1367/1367 1369/1370/1368 1370/1369/1369 1368/1368/1370
f 1369/1370/1368 1381/1371/1371 1370/1369/1369
f 1371/1372/1372 1377/1374/1373 1372/1373/1374
f 1378/1375/1375 1374/1376/1376 1372/1373/1374 1377/1374/1373
f 1379/1377/1377 1374/1376/1376 1378/1375/1375
f 1374/1376/1376 1379/1377/1377 1384/1378/1378
f 1379/1377/1377 1378/1375/1375 1387/1379/1379
f 1370/1369/1369 1381/1371/1371 1382/1380/1380
f 1369/1370/1368 1371/1372/1372 1381/1371/1371
f 1371/1372/1372 1372/1373/1374 1381/1371/1371
f 1370/1369/1369 1382/1380/1380 1383/1381/1381
f 1376/1382/1382 1377/1374/1373 1371/1372/1372
f 1371/1372/1372 1373/1383/1383 1376/1382/1382
f 1379/1377/1377 1380/1384/1384 1384/1378/1378
f 1387/1379/1379 1386/1386/1385 1375/1385/1386
f 1380/1384/1384 1385/1387/1387 1384/1378/1378
f 1387/1379/1379 1375/1385/1386 1379/1377/1377
s 233
f 1392/1388/1388 1391/1391/1389 1388/1390/1390 1389/1389/1391
f 1393/1392/1392 1392/1388/1388 1389/1389/1391
f 1389/1389/1391 1395/1393/1393 1393/1392/1392
f 1393/1392/1392 1398/1394/1394 1392/1388/1388
f 1393/1392/1392 1395/1393/1393 1394/1395/1395
f 1398/1394/1394 1390/1397/1396 1397/1396/1397
f 1394/1395/1395 1395/1393/1393 1396/1398/1398
f 1398/1394/1394 1393/1392/1392 1390/1397/1396
s 234
f 1399/1399/1399 1401/1402/1400 1402/1401/1401 1400/1400/1402
f 1401/1402/1400 1408/1403/1403 1402/1401/1401
f 1403/1404/1404 1407/1406/1405 1404/1405/1406
f 1402/1401/1401 1408/1403/1403 1409/1407/1407
f 1401/1402/1400 1403/1404/1404 1408/1403/1403
f 1403/1404/1404 1404/1405/1406 1408/1403/1403
f 1402/1401/1401 1409/1407/1407 1410/1408/1408
f 1406/1409/1409 1407/1406/1405 1403/1404/1404
f 1403/1404/1404 1405/1410/1410 1406/1409/1409
s 236
f 1415/1411/1411 1414/1414/1412 1411/1413/1413 1412/1412/1414
f 1416/1415/1415 1415/1411/1411 1412/1412/1414
f 1412/1412/1414 1418/1416/1416 1416/1415/1415
f 1416/1415/1415 1421/1417/1417 1415/1411/1411
f 1416/1415/1415 1418/1416/1416 1417/1418/1418
f 1421/1417/1417 1413/1420/1419 1420/1419/1420
f 1417/1418/1418 1418/1416/1416 1419/1421/1421
f 1421/1417/1417 1416/1415/1415 1413/1420/1419
s 237
f 1422/1422/1422 1424/1425/1423 1425/1424/1424 1423/1423/1425
f 1424/1425/1423 1431/1426/1426 1425/1424/1424
f 1426/1427/1427 1430/1429/1428 1427/1428/1429
f 1425/1424/1424 1431/1426/1426 1432/1430/1430
f 1424/1425/1423 1426/1427/1427 1431/1426/1426
f 1426/1427/1427 1427/1428/1429 1431/1426/1426
f 1425/1424/1424 1432/1430/1430 1433/1431/1431
f 1429/1432/1432 1430/1429/1428 1426/1427/1427
f 1426/1427/1427 1428/1433/1433 1429/1432/1432
s 239
f 1438/1434/1434 1437/1437/1435 1434/1436/1436 1435/1435/1437
f 1439/1438/1438 1438/1434/1434 1435/1435/1437
f 1435/1435/1437 1441/1439/1439 1439/1438/1438
f 1439/1438/1438 1444/1440/1440 1438/1434/1434
f 1439/1438/1438 1441/1439/1439 1440/1441/1441
f 1444/1440/1440 1436/1443/1442 1443/1442/1443
f 1440/1441/1441 1441/1439/1439 1442/1444/1444
f 1444/1440/1440 1439/1438/1438 1436/1443/1442
s 240
f 1445/1445/1445 1447/1448/1446 1448/1447/1447 1446/1446/1448
f 1447/1448/1446 1454/1449/1449 1448/1447/1447
f 1449/1450/1450 1453/1452/1451 1450/1451/1452
f 1448/1447/1447 1454/1449/1449 1455/1453/1453
f 1447/1448/1446 1449/1450/1450 1454/1449/1449
f 1449/1450/1450 1450/1451/1452 1454/1449/1449
f 1448/1447/1447 1455/1453/1453 1456/1454/1454
f 1452/1455/1455 1453/1452/1451 1449/1450/1450
f 1449/1450/1450 1451/1456/1456 1452/1455/1455
s 242
f 1459/1457/1457 1460/1459/1458 1458/1458/1459
f 1465/1460/1460 1462/1461/1461 1460/1459/1458
f 1464/1462/1462 1462/1461/1461 1465/1460/1460
f 1467/1463/1463 1463/1465/1464 1468/1464/1465
f 1461/1466/1466 1467/1463/1463 1468/1464/1465
f 1459/1457/1457 1461/1466/1466 1465/1460/1460
f 1459/1457/1457 1465/1460/1460 1460/1459/1458
f 1461/1466/1466 1468/1464/1465 1465/1460/1460
f 1463/1465/1464 1466/1467/1467 1468/1464/1465
f 1457/1468/1468 1459/1457/1457 1458/1458/1459
s 245
f 1469/1469/1469 1471/1472/1470 1472/1471/1471 1470/1470/1472
f 1471/1472/1470 1477/1473/1473 1472/1471/1471
f 1472/1471/1471 1477/1473/1473 1478/1474/1474
f 1471/1472/1470 1473/1475/1475 1477/1473/1473
f 1473/1475/1475 1474/1476/1476 1477/1473/1473
f 1472/1471/1471 1478/1474/1474 1479/1477/1477
f 1476/1478/1478 1474/1476/1476 1473/1475/1475
f 1473/1475/1475 1475/1479/1479 1476/1478/1478
s 246
f 1480/1480/1480 1481/1483/1481 1483/1482/1482 1482/1481/1483
f 1482/1481/1483 1483/1482/1482 1494/1484/1484
f 1484/1485/1485 1485/1487/1486 1490/1486/1487
f 1491/1488/1488 1490/1486/1487 1485/1487/1486 1487/1489/1489
f 1492/1490/1490 1491/1488/1488 1487/1489/1489
f 1487/1489/1489 1497/1491/1491 1492/1490/1490
f 1492/1490/1490 1500/1492/1492 1491/1488/1488
f 1483/1482/1482 1495/1493/1493 1494/1484/1484
f 1482/1481/1483 1494/1484/1484 1484/1485/1485
f 1484/1485/1485 1494/1484/1484 1485/1487/1486
f 1483/1482/1482 1496/1494/1494 1495/1493/1493
f 1489/1495/1495 1484/1485/1485 1490/1486/1487
f 1484/1485/1485 1489/1495/1495 1486/1496/1496
f 1492/1490/1490 1497/1491/1491 1493/1497/1497
f 1500/1492/1492 1488/1499/1498 1499/1498/1499
f 1493/1497/1497 1497/1491/1491 1498/1500/1500
f 1500/1492/1492 1492/1490/1490 1488/1499/1498
s 248
f 1503/1501/1501 1509/1503/1502 1504/1502/1503
f 1510/1504/1504 1506/1505/1505 1504/1502/1503 1509/1503/1502
f 1511/1506/1506 1506/1505/1505 1510/1504/1504
f 1506/1505/1505 1511/1506/1506 1513/1507/1507
f 1511/1506/1506 1510/1504/1504 1516/1508/1508
f 1501/1509/1509 1503/1501/1501 1502/1510/1510
f 1503/1501/1501 1504/1502/1503 1502/1510/1510
f 1508/1511/1511 1509/1503/1502 1503/1501/1501
f 1503/1501/1501 1505/1512/1512 1508/1511/1511
f 1511/1506/1506 1512/1513/1513 1513/1507/1507
f 1516/1508/1508 1515/1515/1514 1507/1514/1515
f 1512/1513/1513 1514/1516/1516 1513/1507/1507
f 1516/1508/1508 1507/1514/1515 1511/1506/1506
s 249
f 1517/1517/1517 1519/1520/1518 1520/1519/1519 1518/1518/1520
f 1519/1520/1518 1531/1521/1521 1520/1519/1519
f 1521/1522/1522 1527/1524/1523 1522/1523/1524
f 1528/1525/1525 1524/1526/1526 1522/1523/1524 1527/1524/1523
f 1529/1527/1527 1524/1526/1526 1528/1525/1525
f 1524/1526/1526 1529/1527/1527 1534/1528/1528
f 1529/1527/1527 1528/1525/1525 1537/1529/1529
f 1520/1519/1519 1531/1521/1521 1532/1530/1530
f 1519/1520/1518 1521/1522/1522 1531/1521/1521
f 1521/1522/1522 1522/1523/1524 1531/1521/1521
f 1520/1519/1519 1532/1530/1530 1533/1531/1531
f 1526/1532/1532 1527/1524/1523 1521/1522/1522
f 1521/1522/1522 1523/1533/1533 1526/1532/1532
f 1529/1527/1527 1530/1534/1534 1534/1528/1528
f 1537/1529/1529 1536/1536/1535 1525/1535/1536
f 1530/1534/1534 1535/1537/1537 1534/1528/1528
f 1537/1529/1529 1525/1535/1536 1529/1527/1527
s 251
f 1540/1538/1538 1541/1540/1539 1539/1539/1540
f 1546/1541/1541 1543/1542/1542 1541/1540/1539
f 1545/1543/1543 1543/1542/1542 1546/1541/1541
f 1548/1544/1544 1544/1546/1545 1549/1545/1546
f 1542/1547/1547 1548/1544/1544 1549/1545/1546
f 1540/1538/1538 1542/1547/1547 1546/1541/1541
f 1540/1538/1538 1546/1541/1541 1541/1540/1539
f 1542/1547/1547 1549/1545/1546 1546/1541/1541
f 1544/1546/1545 1547/1548/1548 1549/1545/1546
f 1538/1549/1549 1540/1538/1538 1539/1539/1540
s 254
f 1550/1550/1550 1552/1553/1551 1553/1552/1552 1551/1551/1553
f 1552/1553/1551 1558/1554/1554 1553/1552/1552
f 1553/1552/1552 1558/1554/1554 1559/1555/1555
f 1552/1553/1551 1554/1556/1556 1558/1554/1554
f 1554/1556/1556 1555/1557/1557 1558/1554/1554
f 1553/1552/1552 1559/1555/1555 1560/1558/1558
f 1557/1559/1559 1555/1557/1557 1554/1556/1556
f 1554/1556/1556 1556/1560/1560 1557/1559/1559
s 255
f 1563/1561/1561 1569/1563/1562 1564/1562/1563
f 1570/1564/1564 1566/1565/1565 1564/1562/1563 1569/1563/1562
f 1571/1566/1566 1566/1565/1565 1570/1564/1564
f 1566/1565/1565 1571/1566/1566 1573/1567/1567
f 1571/1566/1566 1570/1564/1564 1576/1568/1568
f 1561/1569/1569 1563/1561/1561 1562/1570/1570
f 1563/1561/1561 1564/1562/1563 1562/1570/1570
f 1568/1571/1571 1569/1563/1562 1563/1561/1561
f 1563/1561/1561 1565/1572/1572 1568/1571/1571
f 1571/1566/1566 1572/1573/1573 1573/1567/1567
f 1576/1568/1568 1575/1575/1574 1567/1574/1575
f 1572/1573/1573 1574/1576/1576 1573/1567/1567
f 1576/1568/1568 1567/1574/1575 1571/1566/1566
s 256
f 1577/1577/1577 1579/1580/1578 1580/1579/1579 1578/1578/1580
f 1579/1580/1578 1591/1581/1581 1580/1579/1579
f 1581/1582/1582 1587/1584/1583 1582/1583/1584
f 1588/1585/1585 1584/1586/1586 1582/1583/1584 1587/1584/1583
f 1589/1587/1587 1584/1586/1586 1588/1585/1585
f 1584/1586/1586 1589/1587/1587 1594/1588/1588
f 1589/1587/1587 1588/1585/1585 1597/1589/1589
f 1580/1579/1579 1591/1581/1581 1592/1590/1590
f 1579/1580/1578 1581/1582/1582 1591/1581/1581
f 1581/1582/1582 1582/1583/1584 1591/1581/1581
f 1580/1579/1579 1592/1590/1590 1593/1591/1591
f 1586/1592/1592 1587/1584/1583 1581/1582/1582
f 1581/1582/1582 1583/1593/1593 1586/1592/1592
f 1589/1587/1587 1590/1594/1594 1594/1588/1588
f 1597/1589/1589 1596/1596/1595 1585/1595/1596
f 1590/1594/1594 1595/1597/1597 1594/1588/1588
f 1597/1589/1589 1585/1595/1596 1589/1587/1587
s 258
f 1598/1598/1598 1600/1601/1599 1601/1600/1600 1599/1599/1601
f 1600/1601/1599 1612/1602/1602 1601/1600/1600
f 1602/1603/1603 1608/1605/1604 1603/1604/1605
f 1609/1606/1606 1605/1607/1607 1603/1604/1605 1608/1605/1604
f 1610/1608/1608 1605/1607/1607 1609/1606/1606
f 1605/1607/1607 1610/1608/1608 1615/1609/1609
f 1610/1608/1608 1609/1606/1606 1618/1610/1610
f 1601/1600/1600 1612/1602/1602 1613/1611/1611
f 1600/1601/1599 1602/1603/1603 1612/1602/1602
f 1602/1603/1603 1603/1604/1605 1612/1602/1602
f 1601/1600/1600 1613/1611/1611 1614/1612/1612
f 1607/1613/1613 1608/1605/1604 1602/1603/1603
f 1602/1603/1603 1604/1614/1614 1607/1613/1613
f 1610/1608/1608 1611/1615/1615 1615/1609/1609
f 1618/1610/1610 1617/1617/1616 1606/1616/1617
f 1611/1615/1615 1616/1618/1618 1615/1609/1609
f 1618/1610/1610 1606/1616/1617 1610/1608/1608
s 260
f 1619/1619/1619 1621/1622/1620 1622/1621/1621 1620/1620/1622
f 1621/1622/1620 1627/1623/1623 1622/1621/1621
f 1622/1621/1621 1627/1623/1623 1628/1624/1624
f 1621/1622/1620 1623/1625/1625 1627/1623/1623
f 1623/1625/1625 1624/1626/1626 1627/1623/1623
f 1622/1621/1621 1628/1624/1624 1629/1627/1627
f 1626/1628/1628 1624/1626/1626 1623/1625/1625
f 1623/1625/1625 1625/1629/1629 1626/1628/1628
s 261
f 1632/1630/1630 1633/1632/1631 1631/1631/1632
f 1638/1633/1633 1635/1634/1634 1633/1632/1631
f 1637/1635/1635 1635/1634/1634 1638/1633/1633
f 1640/1636/1636 1636/1638/1637 1641/1637/1638
f 1634/1639/1639 1640/1636/1636 1641/1637/1638
f 1632/1630/1630 1634/1639/1639 1638/1633/1633
f 1632/1630/1630 1638/1633/1633 1633/1632/1631
f 1634/1639/1639 1641/1637/1638 1638/1633/1633
f 1636/1638/1637 1639/1640/1640 1641/1637/1638
f 1630/1641/1641 1632/1630/1630 1631/1631/1632
s 264
f 1642/1642/1642 1644/1645/1643 1645/1644/1644 1643/1643/1645
f 1644/1645/1643 1656/1646/1646 1645/1644/1644
f 1646/1647/1647 1652/1649/1648 1647/1648/1649
f 1653/1650/1650 1649/1651/1651 1647/1648/1649 1652/1649/1648
f 1654/1652/1652 1649/1651/1651 1653/1650/1650
f 1649/1651/1651 1654/1652/1652 1659/1653/1653
f 1654/1652/1652 1653/1650/1650 1662/1654/1654
f 1645/1644/1644 1656/1646/1646 1657/1655/1655
f 1644/1645/1643 1646/1647/1647 1656/1646/1646
f 1646/1647/1647 1647/1648/1649 1656/1646/1646
f 1645/1644/1644 1657/1655/1655 1658/1656/1656
f 1651/1657/1657 1652/1649/1648 1646/1647/1647
f 1646/1647/1647 1648/1658/1658 1651/1657/1657
f 1654/1652/1652 1655/1659/1659 1659/1653/1653
f 1662/1654/1654 1661/1661/1660 1650/1660/1661
f 1655/1659/1659 1660/1662/1662 1659/1653/1653
f 1662/1654/1654 1650/1660/1661 1654/1652/1652
s 266
f 1665/1663/1663 1666/1665/1664 1664/1664/1665
f 1671/1666/1666 1668/1667/1667 1666/1665/1664
f 1670/1668/1668 1668/1667/1667 1671/1666/1666
f 1673/1669/1669 1669/1671/1670 1674/1670/1671
f 1667/1672/1672 1673/1669/1669 1674/1670/1671
f 1665/1663/1663 1667/1672/1672 1671/1666/1666
f 1665/1663/1663 1671/1666/1666 1666/1665/1664
f 1667/1672/1672 1674/1670/1671 1671/1666/1666
f 1669/1671/1670 1672/1673/1673 1674/1670/1671
f 1663/1674/1674 1665/1663/1663 1664/1664/1665
s 269
f 1675/1675/1675 1677/1678/1676 1678/1677/1677 1676/1676/1678
f 1677/1678/1676 1683/1679/1679 1678/1677/1677
f 1678/1677/1677 1683/1679/1679 1684/1680/1680
f 1677/1678/1676 1679/1681/1681 1683/1679/1679
f 1679/1681/1681 1680/1682/1682 1683/1679/1679
f 1678/1677/1677 1684/1680/1680 1685/1683/1683
f 1682/1684/1684 1680/1682/1682 1679/1681/1681
f 1679/1681/1681 1681/1685/1685 1682/1684/1684
s 270
f 1688/1686/1686 1694/1688/1687 1689/1687/1688
f 1695/1689/1689 1691/1690/1690 1689/1687/1688 1694/1688/1687
f 1696/1691/1691 1691/1690/1690 1695/1689/1689
f 1691/1690/1690 1696/1691/1691 1698/1692/1692
f 1696/1691/1691 1695/1689/1689 1701/1693/1693
f 1686/1694/1694 1688/1686/1686 1687/1695/1695
f 1688/1686/1686 1689/1687/1688 1687/1695/1695
f 1693/1696/1696 1694/1688/1687 1688/1686/1686
f 1688/1686/1686 1690/1697/1697 1693/1696/1696
f 1696/1691/1691 1697/1698/1698 1698/1692/1692
f 1701/1693/1693 1700/1700/1699 1692/1699/1700
f 1697/1698/1698 1699/1701/1701 1698/1692/1692
f 1701/1693/1693 1692/1699/1700 1696/1691/1691
s 271
f 1702/1702/1702 1704/1705/1703 1705/1704/1704 1703/1703/1705
f 1704/1705/1703 1715/1706/1706 1705/1704/1704
f 1706/1707/1707 1711/1709/1708 1707/1708/1709
f 1712/1710/1710 1709/1711/1711 1707/1708/1709 1711/1709/1708
f 1713/1712/1712 1709/1711/1711 1712/1710/1710
f 1709/1711/1711 1713/1712/1712 1718/1713/1713
f 1705/1704/1704 1715/1706/1706 1716/1714/1714
f 1704/1705/1703 1706/1707/1707 1715/1706/1706
f 1706/1707/1707 1707/1708/1709 1715/1706/1706
f 1705/1704/1704 1716/1714/1714 1717/1715/1715
f 1710/1716/1716 1711/1709/1708 1706/1707/1707
f 1706/1707/1707 1708/1717/1717 1710/1716/1716
f 1713/1712/1712 1714/1718/1718 1718/1713/1713
f 1714/1718/1718 1719/1719/1719 1718/1713/1713
s 273
f 1720/1720/1720 1722/1723/1721 1723/1722/1722 1721/1721/1723
f 1722/1723/1721 1734/1724/1724 1723/1722/1722
f 1724/1725/1725 1730/1727/1726 1725/1726/1727
f 1731/1728/1728 1727/1729/1729 1725/1726/1727 1730/1727/1726
f 1732/1730/1730 1727/1729/1729 1731/1728/1728
f 1727/1729/1729 1732/1730/1730 1737/1731/1731
f 1732/1730/1730 1731/1728/1728 1740/1732/1732
f 1723/1722/1722 1734/1724/1724 1735/1733/1733
f 1722/1723/1721 1724/1725/1725 1734/1724/1724
f 1724/1725/1725 1725/1726/1727 1734/1724/1724
f 1723/1722/1722 1735/1733/1733 1736/1734/1734
f 1729/1735/1735 1730/1727/1726 1724/1725/1725
f 1724/1725/1725 1726/1736/1736 1729/1735/1735
f 1732/1730/1730 1733/1737/1737 1737/1731/1731
f 1740/1732/1732 1739/1739/1738 1728/1738/1739
f 1733/1737/1737 1738/1740/1740 1737/1731/1731
f 1740/1732/1732 1728/1738/1739 1732/1730/1730
s 275
f 1741/1741/1741 1743/1744/1742 1744/1743/1743 1742/1742/1744
f 1743/1744/1742 1749/1745/1745 1744/1743/1743
f 1744/1743/1743 1749/1745/1745 1750/1746/1746
f 1743/1744/1742 1745/1747/1747 1749/1745/1745
f 1745/1747/1747 1746/1748/1748 1749/1745/1745
f 1744/1743/1743 1750/1746/1746 1751/1749/1749
f 1748/1750/1750 1746/1748/1748 1745/1747/1747
f 1745/1747/1747 1747/1751/1751 1748/1750/1750
s 276
f 1754/1752/1752 1755/1754/1753 1753/1753/1754
f 1760/1755/1755 1757/1756/1756 1755/1754/1753
f 1759/1757/1757 1757/1756/1756 1760/1755/1755
f 1762/1758/1758 1758/1760/1759 1763/1759/1760
f 1756/1761/1761 1762/1758/1758 1763/1759/1760
f 1754/1752/1752 1756/1761/1761 1760/1755/1755
f 1754/1752/1752 1760/1755/1755 1755/1754/1753
f 1756/1761/1761 1763/1759/1760 1760/1755/1755
f 1758/1760/1759 1761/1762/1762 1763/1759/1760
f 1752/1763/1763 1754/1752/1752 1753/1753/1754
s 279
f 1768/1764/1764 1767/1767/1765 1764/1766/1766 1765/1765/1767
f 1769/1768/1768 1768/1764/1764 1765/1765/1767
f 1765/1765/1767 1771/1769/1769 1769/1768/1768
f 1769/1768/1768 1774/1770/1770 1768/1764/1764
f 1769/1768/1768 1771/1769/1769 1770/1771/1771
f 1774/1770/1770 1766/1773/1772 1773/1772/1773
f 1770/1771/1771 1771/1769/1769 1772/1774/1774
f 1774/1770/1770 1769/1768/1768 1766/1773/1772
s 280
f 1775/1775/1775 1777/1778/1776 1778/1777/1777 1776/1776/1778
f 1777/1778/1776 1784/1779/1779 1778/1777/1777
f 1779/1780/1780 1783/1782/1781 1780/1781/1782
f 1778/1777/1777 1784/1779/1779 1785/1783/1783
f 1777/1778/1776 1779/1780/1780 1784/1779/1779
f 1779/1780/1780 1780/1781/1782 1784/1779/1779
f 1778/1777/1777 1785/1783/1783 1786/1784/1784
f 1782/1785/1785 1783/1782/1781 1779/1780/1780
f 1779/1780/1780 1781/1786/1786 1782/1785/1785
s 282
f 1791/1787/1787 1790/1790/1788 1787/1789/1789 1788/1788/1790
f 1792/1791/1791 1791/1787/1787 1788/1788/1790
f 1788/1788/1790 1794/1792/1792 1792/1791/1791
f 1792/1791/1791 1797/1793/1793 1791/1787/1787
f 1792/1791/1791 1794/1792/1792 1793/1794/1794
f 1797/1793/1793 1789/1796/1795 1796/1795/1796
f 1793/1794/1794 1794/1792/1792 1795/1797/1797
f 1797/1793/1793 1792/1791/1791 1789/1796/1795
s 283
f 1798/1798/1798 1800/1801/1799 1801/1800/1800 1799/1799/1801
f 1800/1801/1799 1807/1802/1802 1801/1800/1800
f 1802/1803/1803 1806/1805/1804 1803/1804/1805
f 1801/1800/1800 1807/1802/1802 1808/1806/1806
f 1800/1801/1799 1802/1803/1803 1807/1802/1802
f 1802/1803/1803 1803/1804/1805 1807/1802/1802
f 1801/1800/1800 1808/1806/1806 1809/1807/1807
f 1805/1808/1808 1806/1805/1804 1802/1803/1803
f 1802/1803/1803 1804/1809/1809 1805/1808/1808
s 285
f 1814/1810/1810 1813/1813/1811 1810/1812/1812 1811/1811/1813
f 1815/1814/1814 1814/1810/1810 1811/1811/1813
f 1811/1811/1813 1817/1815/1815 1815/1814/1814
f 1815/1814/1814 1820/1816/1816 1814/1810/1810
f 1815/1814/1814 1817/1815/1815 1816/1817/1817
f 1820/1816/1816 1812/1819/1818 1819/1818/1819
f 1816/1817/1817 1817/1815/1815 1818/1820/1820
f 1820/1816/1816 1815/1814/1814 1812/1819/1818
s 286
f 1821/1821/1821 1823/1824/1822 1824/1823/1823 1822/1822/1824
f 1823/1824/1822 1830/1825/1825 1824/1823/1823
f 1825/1826/1826 1829/1828/1827 1826/1827/1828
f 1824/1823/1823 1830/1825/1825 1831/1829/1829
f 1823/1824/1822 1825/1826/1826 1830/1825/1825
f 1825/1826/1826 1826/1827/1828 1830/1825/1825
f 1824/1823/1823 1831/1829/1829 1832/1830/1830
f 1828/1831/1831 1829/1828/1827 1825/1826/1826
f 1825/1826/1826 1827/1832/1832 1828/1831/1831
s 288
f 1833/1833/1833 1844/1835/1834 1845/1834/1835
f 1837/1836/1836 1845/1834/1835 1846/1837/1837
f 1837/1836/1836 1846/1837/1837 1839/1838/1838
f 1839/1838/1838 1847/1840/1839 1841/1839/1840
f 1841/1839/1840 1848/1842/1841 1843/1841/1842
f 1844/1835/1834 1834/1843/1843 1845/1834/1835
f 1846/1837/1837 1845/1834/1835 1838/1844/1844
f 1840/1845/1845 1846/1837/1837 1838/1844/1844
f 1842/1846/1846 1847/1840/1839 1840/1845/1845
f 1843/1841/1842 1848/1842/1841 1842/1846/1846
f 1845/1834/1835 1834/1843/1843 1836/1847/1847
f 1833/1833/1833 1845/1834/1835 1835/1848/1848
f 1835/1848/1848 1845/1834/1835 1837/1836/1836
f 1838/1844/1844 1845/1834/1835 1836/1847/1847
f 1848/1842/1841 1847/1840/1839 1842/1846/1846
f 1841/1839/1840 1847/1840/1839 1848/1842/1841
f 1847/1840/1839 1846/1837/1837 1840/1845/1845
f 1839/1838/1838 1846/1837/1837 1847/1840/1839
s 291
f 1849/1849/1849 1864/1851/1850 1863/1850/1851
f 1850/1852/1852 1851/1854/1853 1853/1853/1854
f 1851/1854/1853 1854/1855/1855 1853/1853/1854
f 1852/1856/1856 1856/1858/1857 1855/1857/1858
f 1856/1858/1857 1854/1855/1855 1857/1859/1859
f 1855/1857/1858 1856/1858/1857 1859/1860/1860
f 1856/1858/1857 1857/1859/1859 1859/1860/1860
f 1858/1861/1861 1859/1860/1860 1861/1863/1862 1860/1862/1863
f 1859/1860/1860 1862/1864/1864 1861/1863/1862
f 1859/1860/1860 1857/1859/1859 1862/1864/1864
f 1863/1850/1851 1864/1851/1850 1851/1854/1853 1850/1852/1852
f 1855/1857/1858 1859/1860/1860 1858/1861/1861
f 1850/1852/1852 1853/1853/1854 1852/1856/1856
f 1852/1856/1856 1853/1853/1854 1856/1858/1857
f 1853/1853/1854 1854/1855/1855 1856/1858/1857
s 293
f 1865/1865/1865 1880/1867/1866 1879/1866/1867
f 1866/1868/1868 1867/1870/1869 1869/1869/1870
f 1867/1870/1869 1870/1871/1871 1869/1869/1870
f 1868/1872/1872 1872/1874/1873 1871/1873/1874
f 1872/1874/1873 1870/1871/1871 1873/1875/1875
f 1871/1873/1874 1872/1874/1873 1875/1876/1876
f 1872/1874/1873 1873/1875/1875 1875/1876/1876
f 1874/1877/1877 1875/1876/1876 1877/1879/1878 1876/1878/1879
f 1875/1876/1876 1878/1880/1880 1877/1879/1878
f 1875/1876/1876 1873/1875/1875 1878/1880/1880
f 1879/1866/1867 1880/1867/1866 1867/1870/1869 1866/1868/1868
f 1871/1873/1874 1875/1876/1876 1874/1877/1877
f 1866/1868/1868 1869/1869/1870 1868/1872/1872
f 1868/1872/1872 1869/1869/1870 1872/1874/1873
f 1869/1869/1870 1870/1871/1871 1872/1874/1873
s 295
f 1881/1881/1881 1896/1883/1882 1895/1882/1883
f 1882/1884/1884 1883/1886/1885 1885/1885/1886
f 1883/1886/1885 1886/1887/1887 1885/1885/1886
f 1884/1888/1888 1888/1890/1889 1887/1889/1890
f 1888/1890/1889 1886/1887/1887 1889/1891/1891
f 1887/1889/1890 1888/1890/1889 1891/1892/1892
f 1888/1890/1889 1889/1891/1891 1891/1892/1892
f 1890/1893/1893 1891/1892/1892 1893/1895/1894 1892/1894/1895
f 1891/1892/1892 1894/1896/1896 1893/1895/1894
f 1891/1892/1892 1889/1891/1891 1894/1896/1896
f 1895/1882/1883 1896/1883/1882 1883/1886/1885 1882/1884/1884
f 1887/1889/1890 1891/1892/1892 1890/1893/1893
f 1882/1884/1884 1885/1885/1886 1884/1888/1888
f 1884/1888/1888 1885/1885/1886 1888/1890/1889
f 1885/1885/1886 1886/1887/1887 1888/1890/1889
s 297
f 1897/1897/1897 1908/1899/1898 1909/1898/1899
f 1901/1900/1900 1909/1898/1899 1910/1901/1901
f 1901/1900/1900 1910/1901/1901 1903/1902/1902
f 1903/1902/1902 1911/1904/1903 1905/1903/1904
f 1905/1903/1904 1912/1906/1905 1907/1905/1906
f 1908/1899/1898 1898/1907/1907 1909/1898/1899
f 1910/1901/1901 1909/1898/1899 1902/1908/1908
f 1904/1909/1909 1910/1901/1901 1902/1908/1908
f 1906/1910/1910 1911/1904/1903 1904/1909/1909
f 1907/1905/1906 1912/1906/1905 1906/1910/1910
f 1909/1898/1899 1898/1907/1907 1900/1911/1911
f 1897/1897/1897 1909/1898/1899 1899/1912/1912
f 1899/1912/1912 1909/1898/1899 1901/1900/1900
f 1902/1908/1908 1909/1898/1899 1900/1911/1911
f 1912/1906/1905 1911/1904/1903 1906/1910/1910
f 1905/1903/1904 1911/1904/1903 1912/1906/1905
f 1911/1904/1903 1910/1901/1901 1904/1909/1909
f 1903/1902/1902 1910/1901/1901 1911/1904/1903
s 300
f 1913/1913/1913 1924/1915/1914 1925/1914/1915
f 1917/1916/1916 1925/1914/1915 1926/1917/1917
f 1917/1916/1916 1926/1917/1917 1919/1918/1918
f 1919/1918/1918 1927/1920/1919 1921/1919/1920
f 1921/1919/1920 1928/1922/1921 1923/1921/1922
f 1924/1915/1914 1914/1923/1923 1925/1914/1915
f 1926/1917/1917 1925/1914/1915 1918/1924/1924
f 1920/1925/1925 1926/1917/1917 1918/1924/1924
f 1922/1926/1926 1927/1920/1919 1920/1925/1925
f 1923/1921/1922 1928/1922/1921 1922/1926/1926
f 1925/1914/1915 1914/1923/1923 1916/1927/1927
f 1913/1913/1913 1925/1914/1915 1915/1928/1928
f 1915/1928/1928 1925/1914/1915 1917/1916/1916
f 1918/1924/1924 1925/1914/1915 1916/1927/1927
f 1928/1922/1921 1927/1920/1919 1922/1926/1926
f 1921/1919/1920 1927/1920/1919 1928/1922/1921
f 1927/1920/1919 1926/1917/1917 1920/1925/1925
f 1919/1918/1918 1926/1917/1917 1927/1920/1919
s 303
f 1929/1929/1929 1943/1931/1930 1944/1930/1931
f 1930/1932/1932 1933/1934/1933 1931/1933/1934
f 1931/1933/1934 1933/1934/1933 1934/1935/1935
f 1932/1936/1936 1935/1938/1937 1936/1937/1938
f 1936/1937/1938 1937/1939/1939 1934/1935/1935
f 1935/1938/1937 1939/1940/1940 1936/1937/1938
f 1936/1937/1938 1939/1940/1940 1937/1939/1939
f 1938/1941/1941 1940/1943/1942 1941/1942/1943 1939/1940/1940
f 1939/1940/1940 1941/1942/1943 1942/1944/1944
f 1939/1940/1940 1942/1944/1944 1937/1939/1939
f 1943/1931/1930 1930/1932/1932 1931/1933/1934 1944/1930/1931
f 1935/1938/1937 1938/1941/1941 1939/1940/1940
f 1930/1932/1932 1932/1936/1936 1933/1934/1933
f 1932/1936/1936 1936/1937/1938 1933/1934/1933
f 1933/1934/1933 1936/1937/1938 1934/1935/1935
s 308
f 1956/1945/1945 1955/1947/1946 1946/1946/1947
f 1959/1948/1948 1946/1946/1947 1948/1949/1949
f 1958/1950/1950 1953/1952/1951 1950/1951/1952
f 1951/1953/1953 1958/1950/1950 1954/1954/1954
f 1959/1948/1948 1948/1949/1949 1953/1952/1951
f 1958/1950/1950 1950/1951/1952 1954/1954/1954
f 1956/1945/1945 1957/1955/1955 1955/1947/1946
f 1958/1950/1950 1959/1948/1948 1953/1952/1951
f 1956/1945/1945 1946/1946/1947 1945/1956/1956
f 1949/1957/1957 1958/1950/1950 1951/1953/1953
f 1952/1958/1958 1959/1948/1948 1958/1950/1950 1949/1957/1957
f 1947/1959/1959 1959/1948/1948 1952/1958/1958
f 1945/1956/1956 1959/1948/1948 1947/1959/1959
f 1959/1948/1948 1945/1956/1956 1946/1946/1947
s 312
f 1970/1960/1960 1961/1962/1961 1969/1961/1962
f 1961/1962/1961 1960/1964/1963 1962/1963/1964
f 1964/1965/1965 1965/1967/1966 1968/1966/1967
f 1966/1968/1968 1972/1969/1969 1965/1967/1966
f 1962/1963/1964 1968/1966/1967 1963/1970/1970
f 1970/1960/1960 1969/1961/1962 1973/1971/1971
f 1964/1965/1965 1966/1968/1968 1965/1967/1966
f 1967/1972/1972 1964/1965/1965 1968/1966/1967
f 1962/1963/1964 1967/1972/1972 1968/1966/1967
f 1962/1963/1964 1963/1970/1970 1961/1962/1961
f 1970/1960/1960 1960/1964/1963 1961/1962/1961
f 1971/1973/1973 1970/1960/1960 1973/1971/1971
s 315
f 1977/1974/1974 1976/1977/1975 2073/1976/1976 2072/1975/1977
f 2071/1978/1978 1979/1979/1979 1977/1974/1974 2072/1975/1977
f 1980/1980/1980 1979/1979/1979 2071/1978/1978
s 316
f 2069/1981/1981 1982/1984/1982 1983/1983/1983 2070/1982/1984
f 2068/1985/1985 1981/1986/1986 1982/1984/1982 2069/1981/1981
f 1987/1987/1987 1981/1986/1986 2068/1985/1985 2067/1988/1988
f 1989/1989/1989 1987/1987/1987 2067/1988/1988
s 317
f 2000/1990/1990 1991/1992/1991 1999/1991/1992
f 2004/1993/1993 1992/1994/1994 1991/1992/1991
f 2004/1993/1993 1994/1996/1995 1997/1995/1996
f 1995/1997/1997 1998/1998/1998 2004/1993/1993
f 2004/1993/1993 1997/1995/1996 1992/1994/1994
f 2004/1993/1993 1998/1998/1998 1994/1996/1995
f 2000/1990/1990 1999/1991/1992 2001/1999/1999
f 2000/1990/1990 1990/2000/2000 1991/1992/1991
f 2000/1990/1990 2001/1999/1999 2002/2001/2001
f 2002/2001/2001 2001/1999/1999 2003/2002/2002
f 1993/2003/2003 1995/1997/1997 2004/1993/1993
f 1996/2004/2004 1993/2003/2003 2004/1993/1993
f 1990/2000/2000 1996/2004/2004 2004/1993/1993
f 2004/1993/1993 1991/1992/1991 1990/2000/2000
s 320
f 2015/2005/2005 2014/2007/2006 2006/2006/2007
f 2019/2008/2008 2006/2006/2007 2008/2009/2009
f 2019/2008/2008 2013/2011/2010 2010/2010/2011
f 2016/2012/2012 2019/2008/2008 2010/2010/2011
f 2019/2008/2008 2008/2009/2009 2013/2011/2010
f 2014/2007/2006 2018/2014/2013 2017/2013/2014
f 2015/2005/2005 2006/2006/2007 2005/2015/2015
f 2015/2005/2005 2018/2014/2013 2014/2007/2006
f 2011/2016/2016 2019/2008/2008 2016/2012/2012
f 2009/2017/2017 2019/2008/2008 2011/2016/2016
f 2012/2018/2018 2019/2008/2008 2009/2017/2017
f 2007/2019/2019 2019/2008/2008 2012/2018/2018
f 2005/2015/2015 2019/2008/2008 2007/2019/2019
f 2019/2008/2008 2005/2015/2015 2006/2006/2007
s 322
f 2030/2020/2020 2021/2022/2021 2029/2021/2022
f 2034/2023/2023 2023/2024/2024 2021/2022/2021
f 2034/2023/2023 2025/2026/2025 2028/2025/2026
f 2031/2027/2027 2025/2026/2025 2034/2023/2023
f 2034/2023/2023 2028/2025/2026 2023/2024/2024
f 2029/2021/2022 2032/2029/2028 2033/2028/2029
f 2030/2020/2020 2020/2030/2030 2021/2022/2021
f 2030/2020/2020 2029/2021/2022 2033/2028/2029
f 2026/2031/2031 2031/2027/2027 2034/2023/2023
f 2024/2032/2032 2026/2031/2031 2034/2023/2023
f 2027/2033/2033 2024/2032/2032 2034/2023/2023
f 2022/2034/2034 2027/2033/2033 2034/2023/2023
f 2020/2030/2030 2022/2034/2034 2034/2023/2023
f 2034/2023/2023 2021/2022/2021 2020/2030/2030
s 325
f 2047/2035/2035 2036/2037/2036 2046/2036/2037
f 2051/2038/2038 2038/2039/2039 2036/2037/2036
f 2051/2038/2038 2040/2041/2040 2043/2040/2041
f 2048/2042/2042 2045/2043/2043 2051/2038/2038
f 2051/2038/2038 2043/2040/2041 2038/2039/2039
f 2051/2038/2038 2045/2043/2043 2040/2041/2040
f 2046/2036/2037 2049/2045/2044 2050/2044/2045
f 2047/2035/2035 2035/2046/2046 2036/2037/2036
f 2047/2035/2035 2046/2036/2037 2050/2044/2045
f 2041/2047/2047 2048/2042/2042 2051/2038/2038
f 2044/2048/2048 2041/2047/2047 2051/2038/2038
f 2039/2049/2049 2044/2048/2048 2051/2038/2038
f 2042/2050/2050 2039/2049/2049 2051/2038/2038
f 2037/2051/2051 2042/2050/2050 2051/2038/2038
f 2035/2046/2046 2037/2051/2051 2051/2038/2038
f 2051/2038/2038 2036/2037/2036 2035/2046/2046
s 328
f 2061/2052/2052 2053/2054/2053 2060/2053/2054
f 2066/2055/2055 2055/2056/2056 2053/2054/2053
f 2066/2055/2055 2057/2058/2057 2059/2057/2058
f 2062/2059/2059 2057/2058/2057 2066/2055/2055
f 2066/2055/2055 2059/2057/2058 2055/2056/2056
f 2060/2053/2054 2063/2061/2060 2065/2060/2061
f 2061/2052/2052 2052/2062/2062 2053/2054/2053
f 2061/2052/2052 2060/2053/2054 2065/2060/2061
f 2065/2060/2061 2063/2061/2060 2064/2063/2063
f 2056/2064/2064 2058/2065/2065 2066/2055/2055
f 2054/2066/2066 2056/2064/2064 2066/2055/2055
f 2052/2062/2062 2054/2066/2066 2066/2055/2055
f 2066/2055/2055 2053/2054/2053 2052/2062/2062
f 2058/2065/2065 2062/2059/2059 2066/2055/2055
s 316
f 1989/1989/1989 2067/1988/1988 1988/2067/2067
f 2068/1985/1985 1986/2068/2068 1988/2067/2067 2067/1988/1988
f 1986/2068/2068 2068/1985/1985 2069/1981/1981 1985/2069/2069
f 1985/2069/2069 2069/1981/1981 2070/1982/1984 1984/2070/2070
s 315
f 1980/1980/1980 2071/1978/1978 1978/2071/2071
f 1978/2071/2071 2071/1978/1978 2072/1975/1977 1974/2072/2072
f 2073/1976/1976 1975/2073/2073 1974/2072/2072 2072/1975/1977
s 332
f 2075/2074/2074 2076/2076/2075 2077/2075/2076
f 2078/2077/2077 2075/2074/2074 2077/2075/2076
f 2074/2078/2078 2075/2074/2074 2078/2077/2077
s 333
f 2080/2079/2079 2081/2081/2080 2082/2080/2081
f 2083/2082/2082 2080/2079/2079 2082/2080/2081
f 2079/2083/2083 2080/2079/2079 2083/2082/2082
s 334
f 2085/2084/2084 2086/2086/2085 2087/2085/2086
f 2088/2087/2087 2085/2084/2084 2087/2085/2086
f 2084/2088/2088 2085/2084/2084 2088/2087/2087
s 335
f 2090/2089/2089 2091/2091/2090 2092/2090/2091
f 2093/2092/2092 2090/2089/2089 2092/2090/2091
f 2089/2093/2093 2090/2089/2089 2093/2092/2092
s 336
f 2095/2094/2094 2096/2096/2095 2097/2095/2096
f 2098/2097/2097 2095/2094/2094 2097/2095/2096
f 2094/2098/2098 2095/2094/2094 2098/2097/2097
s 337
f 2100/2099/2099 2101/2101/2100 2102/2100/2101
f 2103/2102/2102 2100/2099/2099 2102/2100/2101
f 2099/2103/2103 2100/2099/2099 2103/2102/2102
s 338
f 2105/2104/2104 2106/2106/2105 2107/2105/2106
f 2108/2107/2107 2105/2104/2104 2107/2105/2106
f 2104/2108/2108 2105/2104/2104 2108/2107/2107
s 339
f 2110/2109/2109 2112/2111/2110 2111/2110/2111
f 2113/2112/2112 2112/2111/2110 2110/2109/2109
f 2109/2113/2113 2113/2112/2112 2110/2109/2109
s 340
f 2115/2114/2114 2116/2116/2115 2117/2115/2116
f 2118/2117/2117 2115/2114/2114 2117/2115/2116
f 2114/2118/2118 2115/2114/2114 2118/2117/2117
s 341
f 2120/2119/2119 2121/2121/2120 2122/2120/2121
f 2123/2122/2122 2120/2119/2119 2122/2120/2121
f 2119/2123/2123 2120/2119/2119 2123/2122/2122
s 342
f 2125/2124/2124 2126/2126/2125 2127/2125/2126
f 2128/2127/2127 2125/2124/2124 2127/2125/2126
f 2124/2128/2128 2125/2124/2124 2128/2127/2127
s 343
f 2130/2129/2129 2131/2131/2130 2132/2130/2131
f 2133/2132/2132 2130/2129/2129 2132/2130/2131
f 2129/2133/2133 2130/2129/2129 2133/2132/2132
s 344
f 2135/2134/2134 2136/2136/2135 2137/2135/2136
f 2138/2137/2137 2135/2134/2134 2137/2135/2136
f 2134/2138/2138 2135/2134/2134 2138/2137/2137
s 345
f 2140/2139/2139 2141/2141/2140 2142/2140/2141
f 2143/2142/2142 2140/2139/2139 2142/2140/2141
f 2139/2143/2143 2140/2139/2139 2143/2142/2142
s 346
f 2145/2144/2144 2146/2146/2145 2147/2145/2146
f 2148/2147/2147 2145/2144/2144 2147/2145/2146
f 2144/2148/2148 2145/2144/2144 2148/2147/2147
s 347
f 2150/2149/2149 2151/2151/2150 2152/2150/2151
f 2153/2152/2152 2150/2149/2149 2152/2150/2151
f 2149/2153/2153 2150/2149/2149 2153/2152/2152
s 348
f 2155/2154/2154 2156/2156/2155 2157/2155/2156
f 2158/2157/2157 2155/2154/2154 2157/2155/2156
f 2154/2158/2158 2155/2154/2154 2158/2157/2157
s 349
f 2160/2159/2159 2161/2161/2160 2162/2160/2161
f 2163/2162/2162 2160/2159/2159 2162/2160/2161
f 2159/2163/2163 2160/2159/2159 2163/2162/2162
s 350
f 2165/2164/2164 2166/2166/2165 2167/2165/2166
f 2168/2167/2167 2165/2164/2164 2167/2165/2166
f 2164/2168/2168 2165/2164/2164 2168/2167/2167
s 351
f 2170/2169/2169 2171/2171/2170 2172/2170/2171
f 2173/2172/2172 2170/2169/2169 2172/2170/2171
f 2169/2173/2173 2170/2169/2169 2173/2172/2172
s 352
f 2175/2174/2174 2177/2176/2175 2176/2175/2176
f 2178/2177/2177 2177/2176/2175 2175/2174/2174
f 2174/2178/2178 2178/2177/2177 2175/2174/2174
s 353
f 2180/2179/2179 2181/2181/2180 2182/2180/2181
f 2183/2182/2182 2180/2179/2179 2182/2180/2181
f 2179/2183/2183 2180/2179/2179 2183/2182/2182
s 354
f 2185/2184/2184 2186/2186/2185 2187/2185/2186
f 2188/2187/2187 2185/2184/2184 2187/2185/2186
f 2184/2188/2188 2185/2184/2184 2188/2187/2187
s 355
f 2190/2189/2189 2191/2191/2190 2192/2190/2191
f 2193/2192/2192 2190/2189/2189 2192/2190/2191
f 2189/2193/2193 2190/2189/2189 2193/2192/2192
s 356
f 2195/2194/2194 2196/2196/2195 2197/2195/2196
f 2198/2197/2197 2195/2194/2194 2197/2195/2196
f 2194/2198/2198 2195/2194/2194 2198/2197/2197
s 357
f 2200/2199/2199 2201/2201/2200 2202/2200/2201
f 2203/2202/2202 2200/2199/2199 2202/2200/2201
f 2199/2203/2203 2200/2199/2199 2203/2202/2202
s 358
f 2205/2204/2204 2206/2206/2205 2207/2205/2206
f 2208/2207/2207 2205/2204/2204 2207/2205/2206
f 2204/2208/2208 2205/2204/2204 2208/2207/2207
s 359
f 2210/2209/2209 2211/2211/2210 2212/2210/2211
f 2213/2212/2212 2210/2209/2209 2212/2210/2211
f 2209/2213/2213 2210/2209/2209 2213/2212/2212
s 360
f 2215/2214/2214 2216/2216/2215 2217/2215/2216
f 2218/2217/2217 2215/2214/2214 2217/2215/2216
f 2214/2218/2218 2215/2214/2214 2218/2217/2217
s 361
f 2220/2219/2219 2221/2221/2220 2222/2220/2221
f 2223/2222/2222 2220/2219/2219 2222/2220/2221
f 2219/2223/2223 2220/2219/2219 2223/2222/2222
s 362
f 2225/2224/2224 2226/2226/2225 2227/2225/2226
f 2228/2227/2227 2225/2224/2224 2227/2225/2226
f 2224/2228/2228 2225/2224/2224 2228/2227/2227
s 363
f 2230/2229/2229 2231/2231/2230 2232/2230/2231
f 2233/2232/2232 2230/2229/2229 2232/2230/2231
f 2229/2233/2233 2230/2229/2229 2233/2232/2232
s 364
f 2235/2234/2234 2236/2236/2235 2237/2235/2236
f 2238/2237/2237 2235/2234/2234 2237/2235/2236
f 2234/2238/2238 2235/2234/2234 2238/2237/2237
s 365
f 2240/2239/2239 2242/2241/2240 2241/2240/2241
f 2243/2242/2242 2242/2241/2240 2240/2239/2239
f 2239/2243/2243 2243/2242/2242 2240/2239/2239
s 366
f 2245/2244/2244 2246/2246/2245 2247/2245/2246
f 2248/2247/2247 2245/2244/2244 2247/2245/2246
f 2244/2248/2248 2245/2244/2244 2248/2247/2247
s 367
f 2250/2249/2249 2251/2251/2250 2252/2250/2251
f 2253/2252/2252 2250/2249/2249 2252/2250/2251
f 2249/2253/2253 2250/2249/2249 2253/2252/2252
s 368
f 2255/2254/2254 2256/2256/2255 2257/2255/2256
f 2258/2257/2257 2255/2254/2254 2257/2255/2256
f 2254/2258/2258 2255/2254/2254 2258/2257/2257
s 369
f 2260/2259/2259 2261/2261/2260 2262/2260/2261
f 2263/2262/2262 2260/2259/2259 2262/2260/2261
f 2259/2263/2263 2260/2259/2259 2263/2262/2262
s 370
f 2265/2264/2264 2266/2266/2265 2267/2265/2266
f 2268/2267/2267 2265/2264/2264 2267/2265/2266
f 2264/2268/2268 2265/2264/2264 2268/2267/2267
s 371
f 2269/2269/2269 2285/2272/2270 2286/2271/2271 2270/2270/2272
f 2270/2270/2272 2286/2271/2271 2271/2273/2273
f 2271/2273/2273 2286/2271/2271 2287/2275/2274 2272/2274/2275
f 2272/2274/2275 2287/2275/2274 2273/2276/2276
f 2273/2276/2276 2287/2275/2274 2288/2278/2277 2274/2277/2278
f 2274/2277/2278 2288/2278/2277 2275/2279/2279
f 2275/2279/2279 2288/2278/2277 2289/2281/2280 2276/2280/2281
f 2286/2271/2271 2285/2272/2270 2277/2283/2282 2278/2282/2283
f 2286/2271/2271 2278/2282/2283 2279/2284/2284
f 2287/2275/2274 2286/2271/2271 2279/2284/2284 2280/2285/2285
f 2287/2275/2274 2280/2285/2285 2281/2286/2286
f 2288/2278/2277 2287/2275/2274 2281/2286/2286 2282/2287/2287
f 2288/2278/2277 2282/2287/2287 2283/2288/2288
f 2289/2281/2280 2288/2278/2277 2283/2288/2288 2284/2289/2289
s 372
f 2290/2290/2290 2306/2293/2291 2307/2292/2292 2291/2291/2293
f 2315/2294/2294 2307/2292/2292 2292/2295/2295
f 2292/2295/2295 2307/2292/2292 2308/2297/2296 2293/2296/2297
f 2313/2298/2298 2308/2297/2296 2294/2299/2299
f 2294/2299/2299 2308/2297/2296 2309/2301/2300 2295/2300/2301
f 2311/2302/2302 2309/2301/2300 2296/2303/2303
f 2317/2304/2304 2318/2307/2305 2310/2306/2306 2297/2305/2307
f 2307/2292/2292 2306/2293/2291 2298/2309/2308 2299/2308/2309
f 2307/2292/2292 2316/2311/2310 2300/2310/2311
f 2308/2297/2296 2307/2292/2292 2300/2310/2311 2301/2312/2312
f 2308/2297/2296 2314/2314/2313 2302/2313/2314
f 2309/2301/2300 2308/2297/2296 2302/2313/2314 2303/2315/2315
f 2309/2301/2300 2312/2317/2316 2304/2316/2317
f 2310/2306/2306 2318/2307/2305 2319/2319/2318 2305/2318/2319
f 2295/2300/2301 2309/2301/2300 2311/2302/2302
f 2309/2301/2300 2303/2315/2315 2312/2317/2316
f 2293/2296/2297 2308/2297/2296 2313/2298/2298
f 2308/2297/2296 2301/2312/2312 2314/2314/2313
f 2291/2291/2293 2307/2292/2292 2315/2294/2294
f 2307/2292/2292 2299/2308/2309 2316/2311/2310
f 2296/2303/2303 2309/2301/2300 2318/2307/2305 2317/2304/2304
f 2319/2319/2318 2318/2307/2305 2309/2301/2300 2304/2316/2317
s 373
f 2326/2320/2320 2322/2322/2321 2323/2321/2322
f 2327/2323/2323 2326/2320/2320 2323/2321/2322 2324/2324/2324
f 2328/2325/2325 2327/2323/2323 2324/2324/2324 2325/2326/2326
f 2330/2327/2327 2329/2329/2328 2320/2328/2329
f 2322/2322/2321 2331/2330/2330 2323/2321/2322
f 2321/2331/2331 2332/2332/2332 2331/2330/2330 2322/2322/2321
f 2321/2331/2331 2330/2327/2327 2320/2328/2329 2332/2332/2332
f 2329/2329/2328 2333/2333/2333 2320/2328/2329
s 375
f 2340/2334/2334 2337/2336/2335 2336/2335/2336
f 2341/2337/2337 2338/2338/2338 2337/2336/2335 2340/2334/2334
f 2342/2339/2339 2339/2340/2340 2338/2338/2338 2341/2337/2337
f 2344/2341/2341 2334/2343/2342 2343/2342/2343
f 2336/2335/2336 2337/2336/2335 2345/2344/2344
f 2335/2345/2345 2336/2335/2336 2345/2344/2344 2346/2346/2346
f 2335/2345/2345 2346/2346/2346 2334/2343/2342 2344/2341/2341
f 2343/2342/2343 2334/2343/2342 2347/2347/2347
s 377
f 2348/2348/2348 2349/2351/2349 2365/2350/2350 2364/2349/2351
f 2373/2352/2352 2350/2353/2353 2365/2350/2350
f 2350/2353/2353 2351/2355/2354 2366/2354/2355 2365/2350/2350
f 2371/2356/2356 2352/2357/2357 2366/2354/2355
f 2352/2357/2357 2353/2359/2358 2367/2358/2359 2366/2354/2355
f 2369/2360/2360 2354/2361/2361 2367/2358/2359
f 2375/2362/2362 2355/2365/2363 2368/2364/2364 2376/2363/2365
f 2365/2350/2350 2357/2367/2366 2356/2366/2367 2364/2349/2351
f 2365/2350/2350 2358/2369/2368 2374/2368/2369
f 2366/2354/2355 2359/2370/2370 2358/2369/2368 2365/2350/2350
f 2366/2354/2355 2360/2372/2371 2372/2371/2372
f 2367/2358/2359 2361/2373/2373 2360/2372/2371 2366/2354/2355
f 2367/2358/2359 2362/2375/2374 2370/2374/2375
f 2368/2364/2364 2363/2377/2376 2377/2376/2377 2376/2363/2365
f 2353/2359/2358 2369/2360/2360 2367/2358/2359
f 2367/2358/2359 2370/2374/2375 2361/2373/2373
f 2351/2355/2354 2371/2356/2356 2366/2354/2355
f 2366/2354/2355 2372/2371/2372 2359/2370/2370
f 2349/2351/2349 2373/2352/2352 2365/2350/2350
f 2365/2350/2350 2374/2368/2369 2357/2367/2366
f 2354/2361/2361 2375/2362/2362 2376/2363/2365 2367/2358/2359
f 2377/2376/2377 2362/2375/2374 2367/2358/2359 2376/2363/2365
s 383
f 2379/2378/2378 2396/2380/2379 2378/2379/2380
f 2380/2381/2381 2396/2380/2379 2379/2378/2378
f 2381/2382/2382 2397/2383/2383 2396/2380/2379 2380/2381/2381
f 2382/2384/2384 2398/2385/2385 2397/2383/2383 2381/2382/2382
f 2383/2386/2386 2398/2385/2385 2382/2384/2384
f 2384/2387/2387 2399/2388/2388 2398/2385/2385 2383/2386/2386
f 2385/2389/2389 2399/2388/2388 2384/2387/2387
f 2386/2390/2390 2400/2391/2391 2399/2388/2388 2385/2389/2389
f 2396/2380/2379 2388/2393/2392 2387/2392/2393 2378/2379/2380
f 2396/2380/2379 2389/2394/2394 2388/2393/2392
f 2397/2383/2383 2390/2395/2395 2389/2394/2394 2396/2380/2379
f 2398/2385/2385 2391/2396/2396 2390/2395/2395 2397/2383/2383
f 2398/2385/2385 2392/2397/2397 2391/2396/2396
f 2399/2388/2388 2393/2398/2398 2392/2397/2397 2398/2385/2385
f 2399/2388/2388 2394/2399/2399 2393/2398/2398
f 2400/2391/2391 2395/2400/2400 2394/2399/2399 2399/2388/2388
s 384
f 2401/2401/2401 2402/2404/2402 2417/2403/2403 2409/2402/2404
f 2402/2404/2402 2403/2405/2405 2417/2403/2403
f 2403/2405/2405 2404/2407/2406 2418/2406/2407 2417/2403/2403
f 2404/2407/2406 2405/2408/2408 2418/2406/2407
f 2405/2408/2408 2406/2410/2409 2419/2409/2410 2418/2406/2407
f 2406/2410/2409 2407/2411/2411 2419/2409/2410
f 2407/2411/2411 2408/2413/2412 2420/2412/2413 2419/2409/2410
f 2417/2403/2403 2410/2414/2414 2409/2402/2404
f 2417/2403/2403 2411/2415/2415 2410/2414/2414
f 2418/2406/2407 2412/2416/2416 2411/2415/2415 2417/2403/2403
f 2418/2406/2407 2413/2417/2417 2412/2416/2416
f 2419/2409/2410 2414/2418/2418 2413/2417/2417 2418/2406/2407
f 2419/2409/2410 2415/2419/2419 2414/2418/2418
f 2420/2412/2413 2416/2420/2420 2415/2419/2419 2419/2409/2410
s 385
f 2427/2421/2421 2423/2423/2422 2424/2422/2423
f 2428/2424/2424 2427/2421/2421 2424/2422/2423 2425/2425/2425
f 2429/2426/2426 2428/2424/2424 2425/2425/2425 2426/2427/2427
f 2431/2428/2428 2430/2430/2429 2421/2429/2430
f 2423/2423/2422 2432/2431/2431 2424/2422/2423
f 2422/2432/2432 2433/2433/2433 2432/2431/2431 2423/2423/2422
f 2422/2432/2432 2431/2428/2428 2421/2429/2430 2433/2433/2433
f 2430/2430/2429 2434/2434/2434 2421/2429/2430
s 387
f 2435/2435/2435 2436/2438/2436 2452/2437/2437 2451/2436/2438
f 2460/2439/2439 2437/2440/2440 2452/2437/2437
f 2437/2440/2440 2438/2442/2441 2453/2441/2442 2452/2437/2437
f 2458/2443/2443 2439/2444/2444 2453/2441/2442
f 2439/2444/2444 2440/2446/2445 2454/2445/2446 2453/2441/2442
f 2456/2447/2447 2441/2448/2448 2454/2445/2446
f 2462/2449/2449 2442/2452/2450 2455/2451/2451 2463/2450/2452
f 2452/2437/2437 2444/2454/2453 2443/2453/2454 2451/2436/2438
f 2452/2437/2437 2445/2456/2455 2461/2455/2456
f 2453/2441/2442 2446/2457/2457 2445/2456/2455 2452/2437/2437
f 2453/2441/2442 2447/2459/2458 2459/2458/2459
f 2454/2445/2446 2448/2460/2460 2447/2459/2458 2453/2441/2442
f 2454/2445/2446 2449/2462/2461 2457/2461/2462
f 2455/2451/2451 2450/2464/2463 2464/2463/2464 2463/2450/2452
f 2440/2446/2445 2456/2447/2447 2454/2445/2446
f 2454/2445/2446 2457/2461/2462 2448/2460/2460
f 2438/2442/2441 2458/2443/2443 2453/2441/2442
f 2453/2441/2442 2459/2458/2459 2446/2457/2457
f 2436/2438/2436 2460/2439/2439 2452/2437/2437
f 2452/2437/2437 2461/2455/2456 2444/2454/2453
f 2441/2448/2448 2462/2449/2449 2463/2450/2452 2454/2445/2446
f 2464/2463/2464 2449/2462/2461 2454/2445/2446 2463/2450/2452
s 393
f 2466/2465/2465 2481/2467/2466 2465/2466/2467
f 2467/2468/2468 2482/2469/2469 2481/2467/2466 2466/2465/2465
f 2468/2470/2470 2483/2471/2471 2482/2469/2469 2467/2468/2468
f 2469/2472/2472 2483/2471/2471 2468/2470/2470
f 2470/2473/2473 2484/2474/2474 2483/2471/2471 2469/2472/2472
f 2471/2475/2475 2484/2474/2474 2470/2473/2473
f 2472/2476/2476 2485/2477/2477 2484/2474/2474 2471/2475/2475
f 2481/2467/2466 2474/2479/2478 2473/2478/2479 2465/2466/2467
f 2482/2469/2469 2475/2480/2480 2474/2479/2478 2481/2467/2466
f 2483/2471/2471 2476/2481/2481 2475/2480/2480 2482/2469/2469
f 2483/2471/2471 2477/2482/2482 2476/2481/2481
f 2484/2474/2474 2478/2483/2483 2477/2482/2482 2483/2471/2471
f 2484/2474/2474 2479/2484/2484 2478/2483/2483
f 2485/2477/2477 2480/2485/2485 2479/2484/2484 2484/2474/2474
s 394
f 2487/2486/2486 2486/2489/2487 2494/2488/2488 2495/2487/2489
f 2488/2490/2490 2487/2486/2486 2495/2487/2489 2502/2491/2491
f 2489/2492/2492 2488/2490/2490 2502/2491/2491 2503/2493/2493
f 2490/2494/2494 2489/2492/2492 2503/2493/2493
f 2491/2495/2495 2490/2494/2494 2503/2493/2493 2504/2496/2496
f 2492/2497/2497 2491/2495/2495 2504/2496/2496
f 2493/2498/2498 2492/2497/2497 2504/2496/2496 2505/2499/2499
f 2502/2491/2491 2495/2487/2489 2496/2500/2500
f 2503/2493/2493 2502/2491/2491 2496/2500/2500 2497/2501/2501
f 2503/2493/2493 2497/2501/2501 2498/2502/2502
f 2504/2496/2496 2503/2493/2493 2498/2502/2502 2499/2503/2503
f 2504/2496/2496 2499/2503/2503 2500/2504/2504
f 2505/2499/2499 2504/2496/2496 2500/2504/2504 2501/2505/2505
s 395
f 2507/2506/2506 2525/2509/2507 2524/2508/2508 2506/2507/2509
f 2508/2510/2510 2525/2509/2507 2507/2506/2506
f 2509/2511/2511 2526/2512/2512 2525/2509/2507 2508/2510/2510
f 2510/2513/2513 2527/2514/2514 2526/2512/2512 2509/2511/2511
f 2511/2515/2515 2527/2514/2514 2510/2513/2513
f 2512/2516/2516 2528/2517/2517 2527/2514/2514 2511/2515/2515
f 2513/2518/2518 2528/2517/2517 2512/2516/2516
f 2514/2519/2519 2529/2520/2520 2528/2517/2517 2513/2518/2518
f 2525/2509/2507 2516/2522/2521 2515/2521/2522 2524/2508/2508
f 2525/2509/2507 2517/2523/2523 2516/2522/2521
f 2526/2512/2512 2518/2524/2524 2517/2523/2523 2525/2509/2507
f 2527/2514/2514 2519/2525/2525 2518/2524/2524 2526/2512/2512
f 2527/2514/2514 2520/2526/2526 2519/2525/2525
f 2528/2517/2517 2521/2527/2527 2520/2526/2526 2527/2514/2514
f 2528/2517/2517 2522/2528/2528 2521/2527/2527
f 2529/2520/2520 2523/2529/2529 2522/2528/2528 2528/2517/2517
s 396
f 2536/2530/2530 2532/2532/2531 2533/2531/2532
f 2537/2533/2533 2536/2530/2530 2533/2531/2532 2534/2534/2534
f 2538/2535/2535 2537/2533/2533 2534/2534/2534 2535/2536/2536
f 2540/2537/2537 2539/2539/2538 2530/2538/2539
f 2532/2532/2531 2541/2540/2540 2533/2531/2532
f 2531/2541/2541 2542/2542/2542 2541/2540/2540 2532/2532/2531
f 2531/2541/2541 2540/2537/2537 2530/2538/2539 2542/2542/2542
f 2539/2539/2538 2543/2543/2543 2530/2538/2539
s 398
f 2544/2544/2544 2545/2547/2545 2561/2546/2546 2560/2545/2547
f 2545/2547/2545 2546/2548/2548 2561/2546/2546
f 2546/2548/2548 2547/2550/2549 2562/2549/2550 2561/2546/2546
f 2547/2550/2549 2548/2551/2551 2562/2549/2550
f 2548/2551/2551 2549/2553/2552 2563/2552/2553 2562/2549/2550
f 2549/2553/2552 2550/2554/2554 2563/2552/2553
f 2550/2554/2554 2551/2556/2555 2564/2555/2556 2563/2552/2553
f 2561/2546/2546 2553/2558/2557 2552/2557/2558 2560/2545/2547
f 2561/2546/2546 2554/2559/2559 2553/2558/2557
f 2562/2549/2550 2555/2560/2560 2554/2559/2559 2561/2546/2546
f 2562/2549/2550 2556/2561/2561 2555/2560/2560
f 2563/2552/2553 2557/2562/2562 2556/2561/2561 2562/2549/2550
f 2563/2552/2553 2558/2563/2563 2557/2562/2562
f 2564/2555/2556 2559/2564/2564 2558/2563/2563 2563/2552/2553
s 399
f 2571/2565/2565 2567/2567/2566 2568/2566/2567
f 2572/2568/2568 2571/2565/2565 2568/2566/2567 2569/2569/2569
f 2573/2570/2570 2572/2568/2568 2569/2569/2569 2570/2571/2571
f 2575/2572/2572 2574/2574/2573 2565/2573/2574
f 2567/2567/2566 2576/2575/2575 2568/2566/2567
f 2566/2576/2576 2577/2577/2577 2576/2575/2575 2567/2567/2566
f 2566/2576/2576 2575/2572/2572 2565/2573/2574 2577/2577/2577
f 2574/2574/2573 2578/2578/2578 2565/2573/2574
s 401
f 2579/2579/2579 2580/2582/2580 2596/2581/2581 2595/2580/2582
f 2604/2583/2583 2581/2584/2584 2596/2581/2581
f 2581/2584/2584 2582/2586/2585 2597/2585/2586 2596/2581/2581
f 2602/2587/2587 2583/2588/2588 2597/2585/2586
f 2583/2588/2588 2584/2590/2589 2598/2589/2590 2597/2585/2586
f 2600/2591/2591 2585/2592/2592 2598/2589/2590
f 2606/2593/2593 2586/2596/2594 2599/2595/2595 2607/2594/2596
f 2596/2581/2581 2588/2598/2597 2587/2597/2598 2595/2580/2582
f 2596/2581/2581 2589/2600/2599 2605/2599/2600
f 2597/2585/2586 2590/2601/2601 2589/2600/2599 2596/2581/2581
f 2597/2585/2586 2591/2603/2602 2603/2602/2603
f 2598/2589/2590 2592/2604/2604 2591/2603/2602 2597/2585/2586
f 2598/2589/2590 2593/2606/2605 2601/2605/2606
f 2599/2595/2595 2594/2608/2607 2608/2607/2608 2607/2594/2596
f 2584/2590/2589 2600/2591/2591 2598/2589/2590
f 2598/2589/2590 2601/2605/2606 2592/2604/2604
f 2582/2586/2585 2602/2587/2587 2597/2585/2586
f 2597/2585/2586 2603/2602/2603 2590/2601/2601
f 2580/2582/2580 2604/2583/2583 2596/2581/2581
f 2596/2581/2581 2605/2599/2600 2588/2598/2597
f 2585/2592/2592 2606/2593/2593 2607/2594/2596 2598/2589/2590
f 2608/2607/2608 2593/2606/2605 2598/2589/2590 2607/2594/2596
s 407
f 2615/2609/2609 2611/2611/2610 2612/2610/2611
f 2616/2612/2612 2615/2609/2609 2612/2610/2611 2613/2613/2613
f 2617/2614/2614 2616/2612/2612 2613/2613/2613 2614/2615/2615
f 2619/2616/2616 2618/2618/2617 2609/2617/2618
f 2611/2611/2610 2620/2619/2619 2612/2610/2611
f 2610/2620/2620 2621/2621/2621 2620/2619/2619 2611/2611/2610
f 2610/2620/2620 2619/2616/2616 2609/2617/2618 2621/2621/2621
f 2618/2618/2617 2622/2622/2622 2609/2617/2618
s 409
f 2623/2623/2623 2624/2626/2624 2640/2625/2625 2639/2624/2626
f 2624/2626/2624 2625/2627/2627 2640/2625/2625
f 2625/2627/2627 2626/2629/2628 2641/2628/2629 2640/2625/2625
f 2626/2629/2628 2627/2630/2630 2641/2628/2629
f 2627/2630/2630 2628/2632/2631 2642/2631/2632 2641/2628/2629
f 2628/2632/2631 2629/2633/2633 2642/2631/2632
f 2629/2633/2633 2630/2635/2634 2643/2634/2635 2642/2631/2632
f 2640/2625/2625 2632/2637/2636 2631/2636/2637 2639/2624/2626
f 2640/2625/2625 2633/2638/2638 2632/2637/2636
f 2641/2628/2629 2634/2639/2639 2633/2638/2638 2640/2625/2625
f 2641/2628/2629 2635/2640/2640 2634/2639/2639
f 2642/2631/2632 2636/2641/2641 2635/2640/2640 2641/2628/2629
f 2642/2631/2632 2637/2642/2642 2636/2641/2641
f 2643/2634/2635 2638/2643/2643 2637/2642/2642 2642/2631/2632
s 410
f 2650/2644/2644 2646/2646/2645 2647/2645/2646
f 2651/2647/2647 2650/2644/2644 2647/2645/2646 2648/2648/2648
f 2652/2649/2649 2651/2647/2647 2648/2648/2648 2649/2650/2650
f 2654/2651/2651 2653/2653/2652 2644/2652/2653
f 2646/2646/2645 2655/2654/2654 2647/2645/2646
f 2645/2655/2655 2656/2656/2656 2655/2654/2654 2646/2646/2645
f 2645/2655/2655 2654/2651/2651 2644/2652/2653 2656/2656/2656
f 2653/2653/2652 2657/2657/2657 2644/2652/2653
s 412
f 2658/2658/2658 2659/2661/2659 2674/2660/2660 2673/2659/2661
f 2682/2662/2662 2660/2663/2663 2674/2660/2660
f 2660/2663/2663 2675/2664/2664 2674/2660/2660
f 2680/2665/2665 2661/2666/2666 2675/2664/2664
f 2661/2666/2666 2662/2668/2667 2676/2667/2668 2675/2664/2664
f 2678/2669/2669 2663/2670/2670 2676/2667/2668
f 2684/2671/2671 2664/2674/2672 2677/2673/2673 2685/2672/2674
f 2674/2660/2660 2666/2676/2675 2665/2675/2676 2673/2659/2661
f 2674/2660/2660 2667/2678/2677 2683/2677/2678
f 2675/2664/2664 2668/2679/2679 2667/2678/2677 2674/2660/2660
f 2675/2664/2664 2669/2681/2680 2681/2680/2681
f 2676/2667/2668 2670/2682/2682 2669/2681/2680 2675/2664/2664
f 2676/2667/2668 2671/2684/2683 2679/2683/2684
f 2677/2673/2673 2672/2686/2685 2686/2685/2686 2685/2672/2674
f 2662/2668/2667 2678/2669/2669 2676/2667/2668
f 2676/2667/2668 2679/2683/2684 2670/2682/2682
f 2660/2663/2663 2680/2665/2665 2675/2664/2664
f 2675/2664/2664 2681/2680/2681 2668/2679/2679
f 2659/2661/2659 2682/2662/2662 2674/2660/2660
f 2674/2660/2660 2683/2677/2678 2666/2676/2675
f 2663/2670/2670 2684/2671/2671 2685/2672/2674 2676/2667/2668
f 2686/2685/2686 2671/2684/2683 2676/2667/2668 2685/2672/2674
s 418
f 2693/2687/2687 2690/2689/2688 2689/2688/2689
f 2694/2690/2690 2691/2691/2691 2690/2689/2688 2693/2687/2687
f 2695/2692/2692 2692/2693/2693 2691/2691/2691 2694/2690/2690
f 2697/2694/2694 2687/2696/2695 2696/2695/2696
f 2689/2688/2689 2690/2689/2688 2698/2697/2697
f 2688/2698/2698 2689/2688/2689 2698/2697/2697 2699/2699/2699
f 2688/2698/2698 2699/2699/2699 2687/2696/2695 2697/2694/2694
f 2696/2695/2696 2687/2696/2695 2700/2700/2700
s 420
f 2701/2701/2701 2702/2704/2702 2716/2703/2703 2715/2702/2704
f 2702/2704/2702 2703/2706/2705 2717/2705/2706 2716/2703/2703
f 2703/2706/2705 2704/2707/2707 2717/2705/2706
f 2704/2707/2707 2705/2709/2708 2718/2708/2709 2717/2705/2706
f 2705/2709/2708 2706/2710/2710 2718/2708/2709
f 2706/2710/2710 2707/2712/2711 2719/2711/2712 2718/2708/2709
f 2716/2703/2703 2709/2714/2713 2708/2713/2714 2715/2702/2704
f 2717/2705/2706 2710/2715/2715 2709/2714/2713 2716/2703/2703
f 2717/2705/2706 2711/2716/2716 2710/2715/2715
f 2718/2708/2709 2712/2717/2717 2711/2716/2716 2717/2705/2706
f 2718/2708/2709 2713/2718/2718 2712/2717/2717
f 2719/2711/2712 2714/2719/2719 2713/2718/2718 2718/2708/2709
s 421
f 2726/2720/2720 2723/2722/2721 2722/2721/2722
f 2727/2723/2723 2724/2724/2724 2723/2722/2721 2726/2720/2720
f 2728/2725/2725 2725/2726/2726 2724/2724/2724 2727/2723/2723
f 2730/2727/2727 2720/2729/2728 2729/2728/2729
f 2722/2721/2722 2723/2722/2721 2731/2730/2730
f 2721/2731/2731 2722/2721/2722 2731/2730/2730 2732/2732/2732
f 2721/2731/2731 2732/2732/2732 2720/2729/2728 2730/2727/2727
f 2729/2728/2729 2720/2729/2728 2733/2733/2733
s 423
f 2734/2734/2734 2735/2737/2735 2751/2736/2736 2750/2735/2737
f 2735/2737/2735 2736/2738/2738 2751/2736/2736
f 2736/2738/2738 2737/2740/2739 2752/2739/2740 2751/2736/2736
f 2737/2740/2739 2738/2741/2741 2752/2739/2740
f 2738/2741/2741 2739/2743/2742 2753/2742/2743 2752/2739/2740
f 2739/2743/2742 2740/2744/2744 2753/2742/2743
f 2740/2744/2744 2741/2746/2745 2754/2745/2746 2753/2742/2743
f 2751/2736/2736 2743/2748/2747 2742/2747/2748 2750/2735/2737
f 2751/2736/2736 2744/2749/2749 2743/2748/2747
f 2752/2739/2740 2745/2750/2750 2744/2749/2749 2751/2736/2736
f 2752/2739/2740 2746/2751/2751 2745/2750/2750
f 2753/2742/2743 2747/2752/2752 2746/2751/2751 2752/2739/2740
f 2753/2742/2743 2748/2753/2753 2747/2752/2752
f 2754/2745/2746 2749/2754/2754 2748/2753/2753 2753/2742/2743
s 424
f 2756/2755/2755 2755/2758/2756 2773/2757/2757 2774/2756/2758
f 2757/2759/2759 2756/2755/2755 2774/2756/2758
f 2758/2760/2760 2757/2759/2759 2774/2756/2758 2775/2761/2761
f 2759/2762/2762 2758/2760/2760 2775/2761/2761 2776/2763/2763
f 2760/2764/2764 2759/2762/2762 2776/2763/2763
f 2761/2765/2765 2760/2764/2764 2776/2763/2763 2777/2766/2766
f 2762/2767/2767 2761/2765/2765 2777/2766/2766
f 2763/2768/2768 2762/2767/2767 2777/2766/2766 2778/2769/2769
f 2774/2756/2758 2773/2757/2757 2764/2771/2770 2765/2770/2771
f 2774/2756/2758 2765/2770/2771 2766/2772/2772
f 2775/2761/2761 2774/2756/2758 2766/2772/2772 2767/2773/2773
f 2776/2763/2763 2775/2761/2761 2767/2773/2773 2768/2774/2774
f 2776/2763/2763 2768/2774/2774 2769/2775/2775
f 2777/2766/2766 2776/2763/2763 2769/2775/2775 2770/2776/2776
f 2777/2766/2766 2770/2776/2776 2771/2777/2777
f 2778/2769/2769 2777/2766/2766 2771/2777/2777 2772/2778/2778
s 425
f 2785/2779/2779 2781/2781/2780 2782/2780/2781
f 2786/2782/2782 2785/2779/2779 2782/2780/2781 2783/2783/2783
f 2787/2784/2784 2786/2782/2782 2783/2783/2783 2784/2785/2785
f 2789/2786/2786 2788/2788/2787 2779/2787/2788
f 2781/2781/2780 2790/2789/2789 2782/2780/2781
f 2780/2790/2790 2791/2791/2791 2790/2789/2789 2781/2781/2780
f 2780/2790/2790 2789/2786/2786 2779/2787/2788 2791/2791/2791
f 2788/2788/2787 2792/2792/2792 2779/2787/2788
s 427
f 2793/2793/2793 2794/2796/2794 2810/2795/2795 2809/2794/2796
f 2818/2797/2797 2795/2798/2798 2810/2795/2795
f 2795/2798/2798 2796/2800/2799 2811/2799/2800 2810/2795/2795
f 2816/2801/2801 2797/2802/2802 2811/2799/2800
f 2797/2802/2802 2798/2804/2803 2812/2803/2804 2811/2799/2800
f 2814/2805/2805 2799/2806/2806 2812/2803/2804
f 2820/2807/2807 2800/2810/2808 2813/2809/2809 2821/2808/2810
f 2810/2795/2795 2802/2812/2811 2801/2811/2812 2809/2794/2796
f 2810/2795/2795 2803/2814/2813 2819/2813/2814
f 2811/2799/2800 2804/2815/2815 2803/2814/2813 2810/2795/2795
f 2811/2799/2800 2805/2817/2816 2817/2816/2817
f 2812/2803/2804 2806/2818/2818 2805/2817/2816 2811/2799/2800
f 2812/2803/2804 2807/2820/2819 2815/2819/2820
f 2813/2809/2809 2808/2822/2821 2822/2821/2822 2821/2808/2810
f 2798/2804/2803 2814/2805/2805 2812/2803/2804
f 2812/2803/2804 2815/2819/2820 2806/2818/2818
f 2796/2800/2799 2816/2801/2801 2811/2799/2800
f 2811/2799/2800 2817/2816/2817 2804/2815/2815
f 2794/2796/2794 2818/2797/2797 2810/2795/2795
f 2810/2795/2795 2819/2813/2814 2802/2812/2811
f 2799/2806/2806 2820/2807/2807 2821/2808/2810 2812/2803/2804
f 2822/2821/2822 2807/2820/2819 2812/2803/2804 2821/2808/2810
s 433
f 2824/2823/2823 2842/2826/2824 2841/2825/2825 2823/2824/2826
f 2825/2827/2827 2842/2826/2824 2824/2823/2823
f 2826/2828/2828 2843/2829/2829 2842/2826/2824 2825/2827/2827
f 2827/2830/2830 2844/2831/2831 2843/2829/2829 2826/2828/2828
f 2828/2832/2832 2844/2831/2831 2827/2830/2830
f 2829/2833/2833 2845/2834/2834 2844/2831/2831 2828/2832/2832
f 2830/2835/2835 2845/2834/2834 2829/2833/2833
f 2831/2836/2836 2846/2837/2837 2845/2834/2834 2830/2835/2835
f 2842/2826/2824 2833/2839/2838 2832/2838/2839 2841/2825/2825
f 2842/2826/2824 2834/2840/2840 2833/2839/2838
f 2843/2829/2829 2835/2841/2841 2834/2840/2840 2842/2826/2824
f 2844/2831/2831 2836/2842/2842 2835/2841/2841 2843/2829/2829
f 2844/2831/2831 2837/2843/2843 2836/2842/2842
f 2845/2834/2834 2838/2844/2844 2837/2843/2843 2844/2831/2831
f 2845/2834/2834 2839/2845/2845 2838/2844/2844
f 2846/2837/2837 2840/2846/2846 2839/2845/2845 2845/2834/2834
s 434
f 2847/2847/2847 2848/2850/2848 2864/2849/2849 2863/2848/2850
f 2872/2851/2851 2849/2852/2852 2864/2849/2849
f 2849/2852/2852 2850/2854/2853 2865/2853/2854 2864/2849/2849
f 2870/2855/2855 2851/2856/2856 2865/2853/2854
f 2851/2856/2856 2852/2858/2857 2866/2857/2858 2865/2853/2854
f 2868/2859/2859 2853/2860/2860 2866/2857/2858
f 2874/2861/2861 2854/2864/2862 2867/2863/2863 2875/2862/2864
f 2864/2849/2849 2856/2866/2865 2855/2865/2866 2863/2848/2850
f 2864/2849/2849 2857/2868/2867 2873/2867/2868
f 2865/2853/2854 2858/2869/2869 2857/2868/2867 2864/2849/2849
f 2865/2853/2854 2859/2871/2870 2871/2870/2871
f 2866/2857/2858 2860/2872/2872 2859/2871/2870 2865/2853/2854
f 2866/2857/2858 2861/2874/2873 2869/2873/2874
f 2867/2863/2863 2862/2876/2875 2876/2875/2876 2875/2862/2864
f 2852/2858/2857 2868/2859/2859 2866/2857/2858
f 2866/2857/2858 2869/2873/2874 2860/2872/2872
f 2850/2854/2853 2870/2855/2855 2865/2853/2854
f 2865/2853/2854 2871/2870/2871 2858/2869/2869
f 2848/2850/2848 2872/2851/2851 2864/2849/2849
f 2864/2849/2849 2873/2867/2868 2856/2866/2865
f 2853/2860/2860 2874/2861/2861 2875/2862/2864 2866/2857/2858
f 2876/2875/2876 2861/2874/2873 2866/2857/2858 2875/2862/2864
s 440
f 2878/2877/2877 2894/2880/2878 2893/2879/2879 2877/2878/2880
f 2879/2881/2881 2895/2882/2882 2894/2880/2878 2878/2877/2877
f 2880/2883/2883 2896/2884/2884 2895/2882/2882 2879/2881/2881
f 2881/2885/2885 2896/2884/2884 2880/2883/2883
f 2882/2886/2886 2897/2887/2887 2896/2884/2884 2881/2885/2885
f 2883/2888/2888 2897/2887/2887 2882/2886/2886
f 2884/2889/2889 2898/2890/2890 2897/2887/2887 2883/2888/2888
f 2894/2880/2878 2886/2892/2891 2885/2891/2892 2893/2879/2879
f 2895/2882/2882 2887/2893/2893 2886/2892/2891 2894/2880/2878
f 2896/2884/2884 2888/2894/2894 2887/2893/2893 2895/2882/2882
f 2896/2884/2884 2889/2895/2895 2888/2894/2894
f 2897/2887/2887 2890/2896/2896 2889/2895/2895 2896/2884/2884
f 2897/2887/2887 2891/2897/2897 2890/2896/2896
f 2898/2890/2890 2892/2898/2898 2891/2897/2897 2897/2887/2887
s 441
f 2899/2899/2899 2900/2902/2900 2916/2901/2901 2915/2900/2902
f 2900/2902/2900 2901/2903/2903 2916/2901/2901
f 2901/2903/2903 2902/2905/2904 2917/2904/2905 2916/2901/2901
f 2902/2905/2904 2903/2906/2906 2917/2904/2905
f 2903/2906/2906 2904/2908/2907 2918/2907/2908 2917/2904/2905
f 2904/2908/2907 2905/2909/2909 2918/2907/2908
f 2905/2909/2909 2906/2911/2910 2919/2910/2911 2918/2907/2908
f 2916/2901/2901 2908/2913/2912 2907/2912/2913 2915/2900/2902
f 2916/2901/2901 2909/2914/2914 2908/2913/2912
f 2917/2904/2905 2910/2915/2915 2909/2914/2914 2916/2901/2901
f 2917/2904/2905 2911/2916/2916 2910/2915/2915
f 2918/2907/2908 2912/2917/2917 2911/2916/2916 2917/2904/2905
f 2918/2907/2908 2913/2918/2918 2912/2917/2917
f 2919/2910/2911 2914/2919/2919 2913/2918/2918 2918/2907/2908
s 442
f 2926/2920/2920 2922/2922/2921 2923/2921/2922
f 2927/2923/2923 2926/2920/2920 2923/2921/2922 2924/2924/2924
f 2928/2925/2925 2927/2923/2923 2924/2924/2924 2925/2926/2926
f 2930/2927/2927 2929/2929/2928 2920/2928/2929
f 2922/2922/2921 2931/2930/2930 2923/2921/2922
f 2921/2931/2931 2932/2932/2932 2931/2930/2930 2922/2922/2921
f 2921/2931/2931 2930/2927/2927 2920/2928/2929 2932/2932/2932
f 2929/2929/2928 2933/2933/2933 2920/2928/2929
s 444
f 2934/2934/2934 2935/2937/2935 2951/2936/2936 2950/2935/2937
f 2959/2938/2938 2936/2939/2939 2951/2936/2936
f 2936/2939/2939 2937/2941/2940 2952/2940/2941 2951/2936/2936
f 2957/2942/2942 2938/2943/2943 2952/2940/2941
f 2938/2943/2943 2939/2945/2944 2953/2944/2945 2952/2940/2941
f 2955/2946/2946 2940/2947/2947 2953/2944/2945
f 2961/2948/2948 2941/2951/2949 2954/2950/2950 2962/2949/2951
f 2951/2936/2936 2943/2953/2952 2942/2952/2953 2950/2935/2937
f 2951/2936/2936 2944/2955/2954 2960/2954/2955
f 2952/2940/2941 2945/2956/2956 2944/2955/2954 2951/2936/2936
f 2952/2940/2941 2946/2958/2957 2958/2957/2958
f 2953/2944/2945 2947/2959/2959 2946/2958/2957 2952/2940/2941
f 2953/2944/2945 2948/2961/2960 2956/2960/2961
f 2954/2950/2950 2949/2963/2962 2963/2962/2963 2962/2949/2951
f 2939/2945/2944 2955/2946/2946 2953/2944/2945
f 2953/2944/2945 2956/2960/2961 2947/2959/2959
f 2937/2941/2940 2957/2942/2942 2952/2940/2941
f 2952/2940/2941 2958/2957/2958 2945/2956/2956
f 2935/2937/2935 2959/2938/2938 2951/2936/2936
f 2951/2936/2936 2960/2954/2955 2943/2953/2952
f 2940/2947/2947 2961/2948/2948 2962/2949/2951 2953/2944/2945
f 2963/2962/2963 2948/2961/2960 2953/2944/2945 2962/2949/2951
s 450
f 2966/2964/2964 2980/2966/2965 2965/2965/2966
f 2967/2967/2967 2981/2968/2968 2980/2966/2965 2966/2964/2964
f 2968/2969/2969 2981/2968/2968 2967/2967/2967
f 2969/2970/2970 2982/2971/2971 2981/2968/2968 2968/2969/2969
f 2970/2972/2972 2982/2971/2971 2969/2970/2970
f 2971/2973/2973 2983/2974/2974 2982/2971/2971 2970/2972/2972
f 2965/2965/2966 2973/2977/2975 2972/2976/2976 2964/2975/2977
f 2980/2966/2965 2974/2978/2978 2973/2977/2975 2965/2965/2966
f 2981/2968/2968 2975/2979/2979 2974/2978/2978 2980/2966/2965
f 2981/2968/2968 2976/2980/2980 2975/2979/2979
f 2982/2971/2971 2977/2981/2981 2976/2980/2980 2981/2968/2968
f 2982/2971/2971 2978/2982/2982 2977/2981/2981
f 2983/2974/2974 2979/2983/2983 2978/2982/2982 2982/2971/2971
s 451
f 2990/2984/2984 2986/2986/2985 2987/2985/2986
f 2991/2987/2987 2990/2984/2984 2987/2985/2986 2988/2988/2988
f 2992/2989/2989 2991/2987/2987 2988/2988/2988 2989/2990/2990
f 2994/2991/2991 2993/2993/2992 2984/2992/2993
f 2986/2986/2985 2995/2994/2994 2987/2985/2986
f 2985/2995/2995 2996/2996/2996 2995/2994/2994 2986/2986/2985
f 2985/2995/2995 2994/2991/2991 2984/2992/2993 2996/2996/2996
f 2993/2993/2992 2997/2997/2997 2984/2992/2993
s 453
f 2999/2998/2998 2998/3001/2999 3016/3000/3000 3017/2999/3001
f 3000/3002/3002 2999/2998/2998 3017/2999/3001
f 3001/3003/3003 3000/3002/3002 3017/2999/3001 3018/3004/3004
f 3002/3005/3005 3001/3003/3003 3018/3004/3004 3019/3006/3006
f 3003/3007/3007 3002/3005/3005 3019/3006/3006
f 3004/3008/3008 3003/3007/3007 3019/3006/3006 3020/3009/3009
f 3005/3010/3010 3004/3008/3008 3020/3009/3009
f 3006/3011/3011 3005/3010/3010 3020/3009/3009 3021/3012/3012
f 3017/2999/3001 3016/3000/3000 3007/3014/3013 3008/3013/3014
f 3017/2999/3001 3008/3013/3014 3009/3015/3015
f 3018/3004/3004 3017/2999/3001 3009/3015/3015 3010/3016/3016
f 3019/3006/3006 3018/3004/3004 3010/3016/3016 3011/3017/3017
f 3019/3006/3006 3011/3017/3017 3012/3018/3018
f 3020/3009/3009 3019/3006/3006 3012/3018/3018 3013/3019/3019
f 3020/3009/3009 3013/3019/3019 3014/3020/3020
f 3021/3012/3012 3020/3009/3009 3014/3020/3020 3015/3021/3021
s 454
f 3023/3022/3022 3041/3025/3023 3040/3024/3024 3022/3023/3025
f 3024/3026/3026 3041/3025/3023 3023/3022/3022
f 3025/3027/3027 3042/3028/3028 3041/3025/3023 3024/3026/3026
f 3026/3029/3029 3043/3030/3030 3042/3028/3028 3025/3027/3027
f 3027/3031/3031 3043/3030/3030 3026/3029/3029
f 3028/3032/3032 3044/3033/3033 3043/3030/3030 3027/3031/3031
f 3029/3034/3034 3044/3033/3033 3028/3032/3032
f 3030/3035/3035 3045/3036/3036 3044/3033/3033 3029/3034/3034
f 3041/3025/3023 3032/3038/3037 3031/3037/3038 3040/3024/3024
f 3041/3025/3023 3033/3039/3039 3032/3038/3037
f 3042/3028/3028 3034/3040/3040 3033/3039/3039 3041/3025/3023
f 3043/3030/3030 3035/3041/3041 3034/3040/3040 3042/3028/3028
f 3043/3030/3030 3036/3042/3042 3035/3041/3041
f 3044/3033/3033 3037/3043/3043 3036/3042/3042 3043/3030/3030
f 3044/3033/3033 3038/3044/3044 3037/3043/3043
f 3045/3036/3036 3039/3045/3045 3038/3044/3044 3044/3033/3033
s 455
f 3052/3046/3046 3048/3048/3047 3049/3047/3048
f 3053/3049/3049 3052/3046/3046 3049/3047/3048 3050/3050/3050
f 3054/3051/3051 3053/3049/3049 3050/3050/3050 3051/3052/3052
f 3056/3053/3053 3055/3055/3054 3046/3054/3055
f 3048/3048/3047 3057/3056/3056 3049/3047/3048
f 3047/3057/3057 3058/3058/3058 3057/3056/3056 3048/3048/3047
f 3047/3057/3057 3056/3053/3053 3046/3054/3055 3058/3058/3058
f 3055/3055/3054 3059/3059/3059 3046/3054/3055
s 457
f 3060/3060/3060 3061/3063/3061 3077/3062/3062 3076/3061/3063
f 3061/3063/3061 3062/3064/3064 3077/3062/3062
f 3062/3064/3064 3063/3066/3065 3078/3065/3066 3077/3062/3062
f 3063/3066/3065 3064/3067/3067 3078/3065/3066
f 3064/3067/3067 3065/3069/3068 3079/3068/3069 3078/3065/3066
f 3065/3069/3068 3066/3070/3070 3079/3068/3069
f 3066/3070/3070 3067/3072/3071 3080/3071/3072 3079/3068/3069
f 3077/3062/3062 3069/3074/3073 3068/3073/3074 3076/3061/3063
f 3077/3062/3062 3070/3075/3075 3069/3074/3073
f 3078/3065/3066 3071/3076/3076 3070/3075/3075 3077/3062/3062
f 3078/3065/3066 3072/3077/3077 3071/3076/3076
f 3079/3068/3069 3073/3078/3078 3072/3077/3077 3078/3065/3066
f 3079/3068/3069 3074/3079/3079 3073/3078/3078
f 3080/3071/3072 3075/3080/3080 3074/3079/3079 3079/3068/3069
s 458
f 3087/3081/3081 3083/3083/3082 3084/3082/3083
f 3088/3084/3084 3087/3081/3081 3084/3082/3083 3085/3085/3085
f 3089/3086/3086 3088/3084/3084 3085/3085/3085 3086/3087/3087
f 3091/3088/3088 3090/3090/3089 3081/3089/3090
f 3083/3083/3082 3092/3091/3091 3084/3082/3083
f 3082/3092/3092 3093/3093/3093 3092/3091/3091 3083/3083/3082
f 3082/3092/3092 3091/3088/3088 3081/3089/3090 3093/3093/3093
f 3090/3090/3089 3094/3094/3094 3081/3089/3090
s 460
f 3095/3095/3095 3096/3098/3096 3112/3097/3097 3111/3096/3098
f 3120/3099/3099 3097/3100/3100 3112/3097/3097
f 3097/3100/3100 3098/3102/3101 3113/3101/3102 3112/3097/3097
f 3118/3103/3103 3099/3104/3104 3113/3101/3102
f 3099/3104/3104 3100/3106/3105 3114/3105/3106 3113/3101/3102
f 3116/3107/3107 3101/3108/3108 3114/3105/3106
f 3122/3109/3109 3102/3112/3110 3115/3111/3111 3123/3110/3112
f 3112/3097/3097 3104/3114/3113 3103/3113/3114 3111/3096/3098
f 3112/3097/3097 3105/3116/3115 3121/3115/3116
f 3113/3101/3102 3106/3117/3117 3105/3116/3115 3112/3097/3097
f 3113/3101/3102 3107/3119/3118 3119/3118/3119
f 3114/3105/3106 3108/3120/3120 3107/3119/3118 3113/3101/3102
f 3114/3105/3106 3109/3122/3121 3117/3121/3122
f 3115/3111/3111 3110/3124/3123 3124/3123/3124 3123/3110/3112
f 3100/3106/3105 3116/3107/3107 3114/3105/3106
f 3114/3105/3106 3117/3121/3122 3108/3120/3120
f 3098/3102/3101 3118/3103/3103 3113/3101/3102
f 3113/3101/3102 3119/3118/3119 3106/3117/3117
f 3096/3098/3096 3120/3099/3099 3112/3097/3097
f 3112/3097/3097 3121/3115/3116 3104/3114/3113
f 3101/3108/3108 3122/3109/3109 3123/3110/3112 3114/3105/3106
f 3124/3123/3124 3109/3122/3121 3114/3105/3106 3123/3110/3112
s 466
f 3127/3125/3125 3128/3127/3126 3126/3126/3127
f 3133/3128/3128 3130/3129/3129 3128/3127/3126
f 3132/3130/3130 3130/3129/3129 3133/3128/3128
f 3135/3131/3131 3131/3133/3132 3136/3132/3133
f 3129/3134/3134 3135/3131/3131 3136/3132/3133
f 3127/3125/3125 3129/3134/3134 3133/3128/3128
f 3127/3125/3125 3133/3128/3128 3128/3127/3126
f 3129/3134/3134 3136/3132/3133 3133/3128/3128
f 3131/3133/3132 3134/3135/3135 3136/3132/3133
f 3125/3136/3136 3127/3125/3125 3126/3126/3127
s 469
f 3137/3137/3137 3139/3140/3138 3140/3139/3139 3138/3138/3140
f 3139/3140/3138 3145/3141/3141 3140/3139/3139
f 3140/3139/3139 3145/3141/3141 3146/3142/3142
f 3139/3140/3138 3141/3143/3143 3145/3141/3141
f 3141/3143/3143 3142/3144/3144 3145/3141/3141
f 3140/3139/3139 3146/3142/3142 3147/3145/3145
f 3144/3146/3146 3142/3144/3144 3141/3143/3143
f 3141/3143/3143 3143/3147/3147 3144/3146/3146
s 470
f 3148/3148/3148 3149/3151/3149 3151/3150/3150 3150/3149/3151
f 3150/3149/3151 3151/3150/3150 3162/3152/3152
f 3152/3153/3153 3153/3155/3154 3158/3154/3155
f 3159/3156/3156 3158/3154/3155 3153/3155/3154 3155/3157/3157
f 3160/3158/3158 3159/3156/3156 3155/3157/3157
f 3155/3157/3157 3165/3159/3159 3160/3158/3158
f 3160/3158/3158 3168/3160/3160 3159/3156/3156
f 3151/3150/3150 3163/3161/3161 3162/3152/3152
f 3150/3149/3151 3162/3152/3152 3152/3153/3153
f 3152/3153/3153 3162/3152/3152 3153/3155/3154
f 3151/3150/3150 3164/3162/3162 3163/3161/3161
f 3157/3163/3163 3152/3153/3153 3158/3154/3155
f 3152/3153/3153 3157/3163/3163 3154/3164/3164
f 3160/3158/3158 3165/3159/3159 3161/3165/3165
f 3168/3160/3160 3156/3167/3166 3167/3166/3167
f 3161/3165/3165 3165/3159/3159 3166/3168/3168
f 3168/3160/3160 3160/3158/3158 3156/3167/3166
s 472
f 3171/3169/3169 3177/3171/3170 3172/3170/3171
f 3178/3172/3172 3174/3173/3173 3172/3170/3171 3177/3171/3170
f 3179/3174/3174 3174/3173/3173 3178/3172/3172
f 3174/3173/3173 3179/3174/3174 3181/3175/3175
f 3179/3174/3174 3178/3172/3172 3184/3176/3176
f 3169/3177/3177 3171/3169/3169 3170/3178/3178
f 3171/3169/3169 3172/3170/3171 3170/3178/3178
f 3176/3179/3179 3177/3171/3170 3171/3169/3169
f 3171/3169/3169 3173/3180/3180 3176/3179/3179
f 3179/3174/3174 3180/3181/3181 3181/3175/3175
f 3184/3176/3176 3183/3183/3182 3175/3182/3183
f 3180/3181/3181 3182/3184/3184 3181/3175/3175
f 3184/3176/3176 3175/3182/3183 3179/3174/3174
s 473
f 3185/3185/3185 3187/3188/3186 3188/3187/3187 3186/3186/3188
f 3187/3188/3186 3199/3189/3189 3188/3187/3187
f 3189/3190/3190 3195/3192/3191 3190/3191/3192
f 3196/3193/3193 3192/3194/3194 3190/3191/3192 3195/3192/3191
f 3197/3195/3195 3192/3194/3194 3196/3193/3193
f 3192/3194/3194 3197/3195/3195 3202/3196/3196
f 3197/3195/3195 3196/3193/3193 3205/3197/3197
f 3188/3187/3187 3199/3189/3189 3200/3198/3198
f 3187/3188/3186 3189/3190/3190 3199/3189/3189
f 3189/3190/3190 3190/3191/3192 3199/3189/3189
f 3188/3187/3187 3200/3198/3198 3201/3199/3199
f 3194/3200/3200 3195/3192/3191 3189/3190/3190
f 3189/3190/3190 3191/3201/3201 3194/3200/3200
f 3197/3195/3195 3198/3202/3202 3202/3196/3196
f 3205/3197/3197 3204/3204/3203 3193/3203/3204
f 3198/3202/3202 3203/3205/3205 3202/3196/3196
f 3205/3197/3197 3193/3203/3204 3197/3195/3195
s 475
f 3207/3206/3206 3208/3208/3207 3209/3207/3208
f 3210/3209/3209 3207/3206/3206 3209/3207/3208
f 3206/3210/3210 3207/3206/3206 3210/3209/3209
s 476
f 3212/3211/3211 3213/3213/3212 3214/3212/3213
f 3215/3214/3214 3212/3211/3211 3214/3212/3213
f 3211/3215/3215 3212/3211/3211 3215/3214/3214
s 477
f 3217/3216/3216 3218/3218/3217 3219/3217/3218
f 3220/3219/3219 3217/3216/3216 3219/3217/3218
f 3216/3220/3220 3217/3216/3216 3220/3219/3219
s 478
f 3222/3221/3221 3223/3223/3222 3224/3222/3223
f 3225/3224/3224 3222/3221/3221 3224/3222/3223
f 3221/3225/3225 3222/3221/3221 3225/3224/3224
s 479
f 3227/3226/3226 3228/3228/3227 3229/3227/3228
f 3230/3229/3229 3227/3226/3226 3229/3227/3228
f 3226/3230/3230 3227/3226/3226 3230/3229/3229
