# This file uses centimeters as units for non-parametric coordinates.

mtllib DD.mtl
g default
v 6.350145 50.942120 1.613317
v 6.477118 50.774475 1.560919
v 6.587332 50.744572 1.725777
v 6.530179 50.894329 1.883171
v 6.388216 51.016441 1.810983
v 7.519810 54.931564 1.801993
v 7.632399 54.801899 1.766150
v 7.721346 54.777012 1.898796
v 7.666530 54.890530 2.020802
v 7.543556 54.985546 1.958637
v 3.429734 47.182892 2.641298
v 3.617986 47.067463 2.574735
v 3.747167 47.030334 2.767522
v 3.640193 47.122936 2.955508
v 3.443623 47.218037 2.875785
v 5.483838 49.760113 1.625081
v 5.628198 49.622406 1.575782
v 5.743372 49.590199 1.747547
v 5.670688 49.707855 1.903741
v 5.510540 49.812859 1.827762
v 6.971896 52.730118 1.714338
v 7.104002 52.556873 1.666242
v 7.207571 52.529758 1.821687
v 7.142579 52.685276 1.970408
v 7.006469 52.808681 1.896344
v 2.805892 46.346035 3.180527
v 3.009767 46.241379 3.103220
v 3.144517 46.203690 3.304177
v 3.025657 46.284573 3.508272
v 2.817181 46.370754 3.431168
v 4.334122 48.457214 1.978481
v 4.505902 48.330101 1.922778
v 4.628201 48.294113 2.105207
v 4.532608 48.399273 2.274550
v 4.350872 48.500050 2.195277
v 6.461941 51.094349 2.231570
v 6.493141 50.849281 1.748701
v 6.409253 50.871540 1.730351
v 6.285604 51.053894 2.178838
v 6.631917 51.458755 2.780677
v 5.964296 51.179283 2.240466
v 6.093925 51.212959 2.733168
v 5.432197 51.369797 2.668946
v 6.553720 51.581535 3.374740
v 5.616297 51.320518 2.930373
v 6.236600 51.348625 3.757511
v 5.976192 51.213661 3.333761
v 5.445770 51.304955 3.264008
v 5.884591 50.995525 4.104810
v 5.601598 50.944366 4.088051
v 5.373035 51.050274 3.908508
v 6.765991 51.264183 1.524182
v 6.449107 50.857033 1.718873
v 6.500561 50.855377 1.792158
v 6.871112 51.176682 1.650753
v 6.957737 51.829559 1.212404
v 7.148828 51.258667 1.862894
v 7.359216 51.497375 1.472804
v 7.813296 51.492580 1.992439
v 7.383978 52.142235 0.921072
v 7.841562 51.578018 1.684530
v 7.883595 52.007462 0.765335
v 7.827117 51.692513 1.150313
v 8.181944 51.647144 1.562789
v 8.392494 51.737637 0.604509
v 8.601031 51.628143 0.768428
v 8.656261 51.616776 1.072539
v 6.036667 54.839836 3.129113
v 7.242990 55.034153 3.767908
v 8.165709 54.988934 3.652780
v 6.343889 54.114639 0.834215
v 7.450644 55.397888 1.849965
v 9.059578 54.608513 2.435327
v 7.320384 53.994213 0.471880
v 7.927518 54.023655 0.569401
v 8.820433 54.202858 1.161771
v 5.817960 54.477119 1.939007
v 8.043278 54.912170 1.542731
v 7.531499 54.841930 1.271994
v 6.960595 54.852814 1.394194
v 6.736009 55.042347 1.874824
v 6.859150 55.187511 2.378107
v 7.559364 55.274185 2.581439
v 8.237585 55.052048 2.124263
v -5.673826 43.371799 0.378738
v -5.605779 42.189171 0.115464
v -5.809231 42.175343 0.121147
v -6.043762 43.209854 0.513491
v -5.360731 44.809811 0.392206
v -6.801277 43.439583 0.647987
v -6.358922 44.370552 1.152530
v -7.910021 44.351830 1.350426
v -5.384927 45.990646 1.062039
v -7.380596 44.780464 1.633115
v -5.743751 46.324978 2.219004
v -6.374329 45.398979 2.065383
v -7.599574 45.308563 2.255610
v -6.096448 46.420185 3.562956
v -6.668620 46.280495 3.856465
v -7.305844 46.070568 3.623263
v 2.609703 45.883995 1.925030
v 2.201596 45.451546 2.183900
v 2.129493 45.471432 2.104578
v 2.405284 45.941658 1.843474
v 3.280513 46.229225 1.702552
v 2.231385 46.140045 1.505045
v 2.667645 46.565357 1.575229
v 2.128906 46.809940 0.984987
v 3.640199 46.842350 1.556705
v 2.427355 46.995361 1.163596
v 3.481101 47.493694 1.594741
v 2.932598 47.249195 1.527100
v 2.471816 47.438354 1.087400
v 3.200461 48.168064 1.737780
v 2.915382 48.324692 1.604060
v 2.661524 48.229374 1.338424
v 0.921199 41.521622 1.182472
v 1.150354 40.973400 1.530225
v 1.084029 40.904037 1.465527
v 0.752692 41.352158 1.147487
v 0.902651 42.260342 0.807042
v 0.432840 41.236748 0.844352
v 0.269831 41.865383 0.830125
v -0.311607 41.400177 0.352944
v 0.462273 42.846054 0.587776
v -0.310025 41.796021 0.474259
v -0.227152 43.038502 0.684361
v -0.253159 42.436375 0.739190
v -0.713896 42.048248 0.399237
v -0.961605 43.174110 0.922411
v -1.256753 42.986473 0.857721
v -1.325683 42.667576 0.640018
v -0.708257 47.397938 -1.554015
v -0.658093 47.234898 -1.791495
v -0.405853 47.270111 -1.844907
v -0.296111 47.455482 -1.641285
v -0.484819 47.536018 -1.467767
v -1.190262 52.713734 -1.441031
v -1.144476 52.599136 -1.632552
v -0.940995 52.627537 -1.675644
v -0.854615 52.760609 -1.512101
v -1.010601 52.813591 -1.370276
v 0.720077 41.817780 0.765713
v 0.765872 41.747459 0.472753
v 1.061104 41.788685 0.410236
v 1.201165 41.884960 0.663842
v 0.989549 41.901611 0.882425
v -0.473086 45.490490 -1.167600
v -0.421048 45.376312 -1.409262
v -0.157567 45.413116 -1.465051
v -0.045624 45.550179 -1.258114
v -0.240949 45.598083 -1.074657
v -0.857580 49.865082 -1.570740
v -0.807465 49.707611 -1.802738
v -0.570319 49.740711 -1.852952
v -0.466805 49.919647 -1.653488
v -0.649565 49.998291 -1.494294
v 1.054227 40.674011 1.638477
v 1.097832 40.619221 1.319480
v 1.406098 40.662262 1.254201
v 1.556984 40.744213 1.532019
v 1.338682 40.749760 1.768271
v 0.125485 43.517139 -0.282591
v 0.171162 43.427971 -0.550275
v 0.450481 43.466976 -0.609422
v 0.578916 43.580467 -0.378601
v 0.378971 43.612206 -0.176844
v -0.094679 47.757706 -1.226650
v -0.595330 47.399368 -1.585403
v -0.661375 47.388474 -1.490062
v -0.231091 47.625134 -1.061444
v 0.567139 48.357365 -1.035554
v -0.328283 47.656441 -0.617512
v 0.316133 47.821251 -0.513696
v -0.078325 47.733101 0.268280
v 1.228108 48.558990 -0.615304
v 0.327352 47.785034 0.168738
v 1.613263 48.196255 -0.137808
v 1.003577 47.861012 -0.084774
v 0.670058 47.742233 0.521264
v 1.979690 47.666260 0.319418
v 1.850552 47.482098 0.619647
v 1.502379 47.489044 0.830303
v -0.816905 47.993515 -1.885022
v -0.652634 47.385998 -1.546869
v -0.542556 47.416214 -1.569958
v -0.599732 47.949196 -1.970751
v -1.218587 48.713245 -2.091056
v -0.235279 48.197151 -2.161507
v -0.644474 48.517693 -2.531461
v 0.182486 48.772449 -2.802062
v -1.444805 49.209751 -2.643121
v -0.187857 48.841316 -2.964478
v -1.366389 49.221497 -3.351173
v -0.850336 48.891090 -3.184886
v -0.190378 49.040462 -3.405031
v -1.253808 49.070679 -4.117803
v -0.935937 49.048939 -4.312846
v -0.548148 49.107883 -4.224285
v -1.769068 52.190697 -0.326831
v -0.812754 52.042931 0.008719
v -0.108202 52.081257 -0.290395
v -2.277550 52.474003 -1.265117
v -0.909338 52.907486 -1.329654
v 0.347211 52.364353 -1.442463
v -1.979388 52.753551 -2.369024
v -0.889101 52.790016 -2.747070
v -0.089548 52.659843 -2.441924
v 2.063634 43.457405 1.392875
v 1.787353 43.350216 1.832403
v 1.725441 43.308487 1.783750
v 1.890288 43.426308 1.333143
v 2.563087 43.556076 1.000237
v 1.721280 43.319176 1.045072
v 2.026498 43.622929 0.788390
v 1.552899 43.365124 0.368989
v 2.781253 43.827175 0.519903
v 1.775960 43.594002 0.328259
v 2.578260 44.196136 0.167764
v 2.161473 43.985497 0.328801
v 1.759762 43.793350 0.017912
v 2.275973 44.633095 -0.128609
v 2.025141 44.619377 -0.268356
v 1.826386 44.390202 -0.333561
v -0.700545 24.744225 -0.059857
v -0.120093 23.436237 0.397482
v 0.085521 23.477039 0.256626
v -0.344907 24.619833 -0.428398
v -1.617273 26.318623 -0.033273
v 0.235920 25.061893 -1.103161
v -0.895556 25.853390 -1.437380
v 0.543045 26.215670 -2.681216
v -2.485555 27.481773 -0.881074
v -0.333765 26.470015 -2.668421
v -2.962030 27.603090 -2.357032
v -1.855791 26.759356 -2.512413
v -0.708493 26.946911 -3.521054
v -3.458129 27.385260 -3.993872
v -3.005198 27.294230 -4.664890
v -2.141068 27.308981 -4.827021
v 5.141300 53.947071 9.639138
v 6.353217 53.738235 9.376191
v 6.919563 53.714767 8.743949
v 3.987247 54.460423 7.822659
v 5.684164 54.922676 8.211892
v 6.813848 53.956024 7.347967
v 4.444054 54.492859 6.982860
v 4.921415 54.441078 6.691778
v 5.888856 54.257179 6.581495
v 4.286237 54.241604 8.926081
v 5.778737 54.663589 7.511249
v 5.268867 54.761543 7.627056
v 4.937528 54.738552 8.043412
v 5.081338 54.667908 8.531621
v 5.461526 54.535789 8.812455
v 6.074354 54.473858 8.549523
v 6.244526 54.486862 7.795553
v -0.591581 17.690845 -0.738348
v 0.082904 15.989775 0.225574
v 0.310769 16.180618 0.405986
v 0.070982 17.865385 -0.499537
v -2.141216 19.320515 -1.849728
v 0.795403 18.969152 -0.139389
v 0.063758 19.829891 -1.736097
v 1.887941 21.418644 -0.617157
v -2.433883 21.016634 -3.396700
v 1.267599 21.485567 -1.708391
v -1.141062 21.959677 -4.820250
v 0.147849 21.335756 -3.530285
v 1.689535 22.491753 -2.648971
v 0.547445 22.591732 -6.364295
v 1.565695 23.020824 -6.171913
v 2.160408 23.366385 -5.175687
v 0.315466 17.960278 1.332715
v -0.018754 16.014788 0.715400
v -0.236197 16.128748 0.469181
v -0.318633 17.985430 0.980899
v 1.495273 19.990253 2.215669
v -1.095686 18.874092 0.288610
v -0.709576 20.151352 1.718709
v -2.505791 21.192570 0.047396
v 1.367205 22.003237 3.350177
v -2.067348 21.578295 1.160533
v -0.219060 23.041084 4.347094
v -1.224484 21.981171 3.090006
v -2.732027 22.694496 1.782976
v -2.178679 23.749178 5.484249
v -3.196795 23.980873 5.074721
v -3.668895 24.017868 3.960577
v 4.853155 50.381691 6.584144
v 4.869218 50.179642 6.717719
v 4.684702 50.165802 6.830793
v 4.551430 50.359062 6.769040
v 4.659252 50.491528 6.621176
v 5.410672 54.567867 8.071136
v 5.423433 54.413525 8.181655
v 5.275803 54.402451 8.272125
v 5.166696 54.549572 8.220645
v 5.252629 54.650711 8.098315
v 3.150883 46.414360 3.262120
v 3.192709 46.267082 3.466553
v 2.975631 46.250809 3.599579
v 2.796973 46.387821 3.478996
v 2.906234 46.487595 3.270672
v 4.456972 49.031631 5.759539
v 4.479227 48.863255 5.910686
v 4.286211 48.848785 6.028966
v 4.143775 49.008152 5.951465
v 4.249699 49.121136 5.785192
v 5.145573 52.232922 7.305871
v 5.162197 52.034290 7.435564
v 4.989082 52.021313 7.541650
v 4.859883 52.211498 7.480944
v 4.964962 52.339539 7.346133
v 2.519756 45.614372 2.115784
v 2.571569 45.471104 2.344430
v 2.344609 45.454071 2.483511
v 2.149376 45.586605 2.342753
v 2.258689 45.683929 2.115658
v 3.823562 47.587975 4.527109
v 3.856589 47.434361 4.706306
v 3.651577 47.418991 4.831937
v 3.490681 47.563019 4.731097
v 3.597382 47.666977 4.542811
v -6.975528 56.989693 5.574919
v -6.228440 57.183853 3.813009
v -6.491142 57.590302 2.607709
v -10.167573 58.105610 5.709739
v -8.252945 58.688656 4.119381
v -8.258217 58.476650 1.705699
v -10.775158 58.642731 4.491908
v -10.705644 58.840027 3.658900
v -9.990005 58.929398 2.325768
v -8.579547 57.433292 6.152440
v -9.006893 58.637463 3.357317
v -9.292480 58.572899 4.056697
v -9.101383 58.284325 4.732327
v -8.433324 58.045650 4.914223
v -7.810173 57.874161 4.646665
v -7.600216 58.073891 3.737155
v -8.313565 58.430294 2.976811
v -8.764339 58.484001 3.835924
v -8.664555 58.331879 3.988467
v -8.439649 58.331604 3.949560
v -8.396524 58.483536 3.772295
v -8.597419 58.577400 3.705194
v -6.291818 44.322144 -0.275295
v -6.315096 44.084408 -0.131160
v -6.563079 44.031303 -0.120768
v -6.693044 44.236217 -0.258481
v -6.524475 44.412296 -0.350795
v -8.444887 50.843750 3.917322
v -8.466377 50.684128 4.075864
v -8.679055 50.639355 4.095122
v -8.789593 50.771191 3.948535
v -8.644037 50.894127 3.838556
v -7.009340 47.537361 1.864811
v -7.035058 47.271435 2.035236
v -7.311789 47.212166 2.046829
v -7.457640 47.441349 1.883597
v -7.268390 47.633762 1.780059
v -8.667323 53.723221 4.435631
v -8.679729 53.645267 4.602748
v -8.852522 53.603714 4.638092
v -8.949278 53.654980 4.492917
v -8.832709 53.717674 4.367910
v -8.481628 56.321976 4.187221
v -8.533105 56.250973 4.386710
v -8.745046 56.267365 4.409877
v -8.826780 56.348694 4.224949
v -8.663607 56.377148 4.090290
v -7.811765 47.631451 1.793094
v -7.215766 46.770821 1.303379
v -7.048970 46.854340 1.357708
v -7.442476 47.785934 1.728627
v -8.829155 48.311794 2.476347
v -6.978854 48.326946 2.006364
v -7.854842 48.980385 2.021504
v -6.638783 49.764381 2.374669
v -9.482544 49.411827 2.664283
v -7.300801 49.957024 2.240484
v -9.448174 50.491875 2.149818
v -8.447743 50.146130 1.951110
v -7.448614 50.744637 2.164418
v -9.301438 51.554401 1.369482
v -8.794663 51.909752 1.270990
v -8.168165 51.917812 1.526054
v -6.937782 47.002296 2.663475
v -7.045719 46.655983 1.566142
v -7.127860 46.825844 1.519775
v -7.231025 47.236618 2.510188
v -6.409327 47.163532 3.951702
v -7.547477 47.923927 2.620859
v -7.530585 47.689411 3.688230
v -8.259392 48.969444 3.467958
v -6.623621 47.363129 5.211277
v -8.176050 48.566948 4.037551
v -7.614127 47.465633 5.875171
v -7.988684 47.770569 4.912570
v -8.614974 48.749794 4.687073
v -8.828625 47.440689 6.407887
v -9.319927 47.813957 6.297916
v -9.418283 48.362438 5.914365
v -8.339552 54.554134 4.904142
v -8.774130 53.874832 4.627740
v -8.868208 53.953941 4.567737
v -8.576307 54.663250 4.787882
v -7.631565 55.102604 5.318537
v -8.760104 55.128571 4.589050
v -8.436961 55.465900 5.200472
v -8.991808 56.172554 4.659933
v -7.409314 55.792595 5.869328
v -8.766570 56.193790 5.099650
v -7.855417 56.312939 6.359370
v -8.379202 56.122429 5.845348
v -8.864239 56.650646 5.420420
v -8.480812 56.749901 6.897845
v -8.834752 56.986347 6.781626
v -9.018622 57.125069 6.364786
v -8.377113 55.179619 4.212084
v -8.703743 54.459576 4.404094
v -8.579853 54.401726 4.400305
v -8.185543 54.987404 4.123577
v -8.225878 56.154385 4.184496
v -7.656985 54.946548 4.029812
v -7.711680 55.629585 3.679754
v -6.747056 55.240959 3.546117
v -7.929320 56.879051 3.719996
v -6.976275 55.633499 3.351421
v -7.630460 56.987701 2.939750
v -7.458739 56.258156 3.054346
v -6.715201 55.903477 2.927041
v -7.394176 56.946060 2.037279
v -7.071597 56.717037 1.841896
v -6.722419 56.434658 2.000470
v -8.822933 52.163082 4.463024
v -8.924461 52.251247 4.320040
v -8.798272 52.341583 4.202050
v -8.626982 52.317783 4.273306
v -8.635750 52.206062 4.434295
v -8.524176 49.952026 3.551954
v -8.360256 50.094368 3.441844
v -8.144176 50.032349 3.526296
v -8.158805 49.850937 3.693033
v -8.392601 49.801765 3.708913
v -8.625683 54.916210 4.573380
v -8.816751 54.901779 4.604385
v -8.908140 54.964970 4.436675
v -8.771517 55.010292 4.303917
v -8.597771 54.988312 4.386438
v 0.242919 0.213144 -0.282246
v -0.392722 0.212999 -0.075700
v -0.392711 0.213023 0.592655
v 0.242939 0.213185 0.799177
v 0.635781 0.213259 0.258458
v 2.641221 46.623993 2.497818
v 2.415185 46.625313 2.424427
v 2.415168 46.624191 2.187590
v 2.641147 46.622200 2.114466
v 2.780671 46.624290 2.306229
v 0.983019 40.868294 1.749264
v 0.980130 40.853828 1.324820
v 1.385630 40.863388 1.196401
v 1.636760 40.885689 1.540689
v 1.388474 40.882801 1.881209
v 1.102049 31.085436 1.356574
v 0.552920 31.084320 1.177931
v 0.552235 31.077307 0.600983
v 1.101339 31.076014 0.423361
v 1.440848 31.084930 0.890504
v 0.175990 24.011248 0.943516
v -0.323392 24.013681 0.781274
v -0.323412 24.012718 0.256549
v 0.175918 24.009703 0.094396
v 0.484511 24.010965 0.519016
v 0.115704 16.049660 0.926198
v -0.417687 16.051178 0.752903
v -0.417705 16.050547 0.192294
v 0.115651 16.048651 0.019050
v 0.445281 16.049503 0.472660
v 0.218205 9.157448 0.903615
v -0.385717 9.156883 0.707412
v -0.385734 9.156416 0.072560
v 0.218163 9.156695 -0.123610
v 0.591382 9.158155 0.390026
v 2.123502 44.273426 2.274297
v 1.845768 44.269440 2.184351
v 1.845166 44.264519 1.894105
v 2.122381 44.266682 1.805051
v 2.293877 44.273151 2.040209
v 2.570297 46.869034 2.356556
v 2.447226 45.581738 2.445441
v 2.180372 45.581669 2.358950
v 2.180296 45.579300 2.079937
v 2.446406 45.577980 1.993663
v 2.611382 45.580547 2.219769
v 0.988608 31.394577 -0.274757
v 0.793263 30.114536 0.486979
v 0.953941 30.194523 0.664649
v 1.415231 31.355453 0.032220
v 0.627680 32.842293 -1.320545
v 2.097203 31.936783 0.462399
v 2.166121 32.631058 -0.775195
v 3.533644 33.297222 0.422323
v 1.186721 33.993778 -2.410119
v 3.368262 33.448696 -0.462752
v 2.554893 34.235931 -3.109882
v 2.970187 33.545574 -1.965008
v 4.090726 33.978828 -1.002974
v 4.123716 34.160446 -3.821152
v 4.856001 34.201099 -3.466466
v 5.130271 34.331470 -2.641235
v 2.416163 43.489220 1.908922
v 1.787352 43.350216 1.832402
v 1.804314 43.329575 1.726700
v 2.378017 43.515507 1.686173
v 3.128376 43.543961 2.238197
v 2.589711 43.500046 1.313238
v 3.031455 43.821854 1.591521
v 3.208761 43.745831 0.778361
v 3.758444 43.900135 2.290300
v 3.374528 43.957905 1.066284
v 3.996033 44.465023 2.015589
v 3.585515 44.304611 1.602119
v 3.686799 44.261642 0.946883
v 4.111744 45.126251 1.694056
v 4.111988 45.212189 1.353035
v 4.073783 45.015247 1.030781
v -8.973664 55.565781 -0.177741
v -7.069864 55.303303 -0.260289
v -6.079717 55.097736 -1.075340
v -10.379829 55.499504 -3.255226
v -7.991793 56.030857 -2.513653
v -5.967047 54.914101 -3.237602
v -9.516356 55.284977 -4.416762
v -8.729700 55.155781 -4.736359
v -7.229411 54.958488 -4.649344
v -10.140791 55.628952 -1.495701
v -7.706091 55.438122 -3.361498
v -8.454096 55.556736 -3.325719
v -9.000472 55.634617 -2.804496
v -8.887365 55.725296 -2.086622
v -8.396738 55.684784 -1.589676
v -7.477408 55.575470 -1.822189
v -7.092472 55.346989 -2.828983
v -8.114079 55.701630 -2.826025
v -8.215215 55.549732 -2.674159
v -8.143388 55.602928 -2.464141
v -7.996612 55.788620 -2.482554
v -7.981495 55.848732 -2.705783
v -5.194909 40.664204 0.400201
v -5.408456 40.487648 0.432754
v -5.488330 40.428505 0.199201
v -5.324141 40.568516 0.022325
v -5.146709 40.711845 0.148479
v -7.283952 48.403355 -1.187701
v -7.475359 48.285183 -1.165884
v -7.544021 48.234344 -1.366651
v -7.395238 48.320953 -1.513104
v -7.235020 48.422142 -1.401371
v -0.807889 32.412846 1.017833
v -1.065027 32.282310 1.040270
v -1.156723 32.214417 0.772151
v -0.956663 32.302673 0.582819
v -0.741269 32.424919 0.735094
v -4.183102 37.818863 0.818002
v -4.437549 37.651268 0.845692
v -4.532899 37.580650 0.566886
v -4.337398 37.704605 0.366839
v -4.121521 37.851570 0.522218
v -6.306038 44.369564 -0.284051
v -6.553331 44.175171 -0.245612
v -6.642464 44.109169 -0.506238
v -6.450432 44.262650 -0.706264
v -6.252996 44.418633 -0.563982
v -7.677438 51.055748 -1.683005
v -7.849223 50.991512 -1.672051
v -7.909823 50.961388 -1.842616
v -7.775764 51.006866 -1.959753
v -7.632677 51.054298 -1.858782
v 1.139308 30.508823 0.948670
v 0.755217 30.331429 0.982209
v 0.622338 30.233032 0.593668
v 0.923764 30.349216 0.318416
v 1.243106 30.518929 0.538417
v -2.565672 34.866440 1.004615
v -2.823559 34.726059 1.028258
v -2.917022 34.656845 0.754968
v -2.717109 34.754303 0.561811
v -2.500011 34.883678 0.716297
v -7.967293 53.618248 -2.107958
v -8.153423 53.504913 -2.107582
v -8.211369 53.472633 -2.310866
v -8.061660 53.565689 -2.439016
v -7.912520 53.650150 -2.311764
v -6.382842 44.393097 -1.091164
v -6.075170 43.449738 -0.498591
v -6.062914 43.555035 -0.335769
v -6.194730 44.535686 -0.761501
v -7.017235 45.210175 -2.037059
v -6.179719 45.161404 -0.322148
v -6.175145 45.736526 -1.251548
v -5.990600 46.654526 -0.093363
v -6.982615 46.274712 -2.770450
v -5.948197 46.757004 -0.786964
v -6.157453 47.120205 -2.961773
v -5.868070 46.779419 -1.981976
v -5.659939 47.464966 -1.039286
v -5.068094 47.865868 -3.091018
v -4.755216 48.193058 -2.657598
v -4.853244 48.318073 -2.000039
v -7.197963 44.137428 -0.001460
v -6.317637 43.438423 -0.270053
v -6.238627 43.578499 -0.379073
v -7.045241 44.291550 -0.343977
v -8.222700 44.747734 0.734903
v -6.997598 44.959106 -0.713953
v -8.054126 45.096973 -0.470420
v -7.601653 46.190231 -1.374973
v -9.368833 45.346626 0.737031
v -8.237429 46.006664 -1.139434
v -10.162862 45.614948 -0.117301
v -9.257818 45.560184 -0.698484
v -8.873858 46.373917 -1.468142
v -10.924436 45.707981 -1.199320
v -10.810314 45.997227 -1.743482
v -10.303282 46.379711 -1.976387
v -8.276234 51.822411 -1.525730
v -7.881665 51.185726 -1.843491
v -7.828967 51.266205 -1.940734
v -8.222155 51.898186 -1.795567
v -8.681919 52.426731 -0.859384
v -8.153276 52.342155 -2.092189
v -8.764585 52.629272 -1.723516
v -8.471162 53.287083 -2.485471
v -9.322266 53.042839 -0.661394
v -8.866474 53.278931 -2.188492
v -9.970564 53.366993 -1.090986
v -9.514013 53.162804 -1.660839
v -9.285170 53.643478 -2.302262
v -10.675809 53.565239 -1.670073
v -10.665681 53.739231 -2.075422
v -10.319025 53.906113 -2.356116
v -4.768658 38.660114 1.232634
v -4.176569 37.368401 0.744971
v -4.284876 37.402706 0.519415
v -5.071856 38.519737 0.825035
v -4.946039 40.238556 2.125322
v -5.663460 38.932323 0.141031
v -6.200853 39.715317 1.197695
v -7.216487 40.021923 -0.421696
v -5.963116 41.371571 2.837669
v -7.351060 40.280613 0.443531
v -7.499073 41.437126 3.075863
v -7.446835 40.582863 1.968029
v -8.269413 40.725441 0.675024
v -9.183996 41.157589 3.311878
v -9.771709 41.038235 2.760477
v -9.796730 41.042633 1.881511
v -7.741113 52.535690 -1.802262
v -7.828649 51.741421 -1.955536
v -7.794306 51.712143 -1.826413
v -7.587016 52.405643 -1.600221
v -7.891440 53.510532 -1.832006
v -7.407721 52.492359 -1.100053
v -7.217680 53.198780 -1.338615
v -6.862274 53.048172 -0.363735
v -7.545956 54.349762 -1.760072
v -6.789359 53.411903 -0.690726
v -6.768457 54.650482 -1.637701
v -6.703521 53.964024 -1.322396
v -6.394773 53.799026 -0.565892
v -5.851456 54.814438 -1.572569
v -5.566581 54.694550 -1.257682
v -5.608956 54.468056 -0.840889
v 1.529014 31.803148 1.428984
v 0.862414 30.264639 1.184518
v 0.612184 30.355694 1.285682
v 1.058730 31.783367 1.792043
v 2.676008 33.484276 1.143408
v 0.328438 32.475750 2.286279
v 1.588527 33.398205 2.645415
v -0.202029 34.192406 3.610364
v 3.581781 34.966427 1.903288
v 0.794441 34.438362 3.694516
v 3.858944 35.502583 3.550885
v 2.535956 34.661304 3.738268
v 1.097048 35.188808 4.553618
v 4.102728 35.713730 5.468659
v 3.473316 35.819305 6.129733
v 2.485592 35.908947 6.134959
v -0.794085 30.727154 0.249793
v 0.635735 29.979321 0.766989
v 0.788849 30.159767 0.608449
v -0.392234 30.867226 -0.165251
v -2.708518 31.473808 0.277772
v -0.188653 31.665726 -0.925479
v -1.742675 31.570702 -1.304571
v -0.724900 32.901249 -2.705198
v -4.290239 31.892067 -0.680260
v -1.677593 32.510418 -2.692307
v -4.793872 31.665951 -2.345820
v -3.224737 31.697529 -2.518972
v -2.341885 32.669167 -3.654758
v -5.076559 31.126747 -4.192767
v -4.611764 31.364799 -4.948821
v -3.858908 31.984440 -5.130253
v 4.139263 49.582016 6.130809
v 4.178742 49.030476 5.934413
v 4.131400 48.998077 6.014663
v 4.117550 49.465130 6.298871
v 4.068350 50.290150 6.131508
v 3.956190 49.479988 6.651701
v 4.168266 49.991211 6.691798
v 3.859642 49.791283 7.352543
v 4.202261 50.864445 6.420193
v 4.059206 50.070885 7.256709
v 4.537648 51.024361 6.901005
v 4.417750 50.506660 7.029862
v 4.195634 50.315144 7.554633
v 4.974930 51.082367 7.409891
v 4.963353 50.956741 7.702023
v 4.732893 50.766899 7.871773
v 3.102614 46.629005 4.210933
v 2.959922 46.271976 3.606596
v 2.951256 46.376015 3.546591
v 2.986848 46.796616 4.063796
v 3.445703 46.824230 4.984796
v 2.961371 47.265488 3.999571
v 2.919101 47.315887 4.673744
v 2.790700 48.146252 4.291620
v 3.369471 47.198727 5.689268
v 2.747730 48.003349 4.700574
v 2.822953 47.587158 6.006465
v 2.675311 47.672256 5.361117
v 2.537382 48.312744 5.030590
v 2.118110 47.931610 6.252126
v 1.919949 48.227036 6.096139
v 1.987816 48.486084 5.773548
v 4.644666 52.784916 7.220208
v 4.892731 52.357910 7.458826
v 4.974471 52.399426 7.449012
v 4.827651 52.795940 7.161749
v 4.185324 53.245590 7.081446
v 5.067630 53.042759 7.046925
v 4.686344 53.231213 6.750070
v 5.291700 53.563118 6.598681
v 3.927699 53.617374 6.666709
v 4.991505 53.568684 6.453899
v 4.006793 53.698906 6.110233
v 4.465384 53.517750 6.244705
v 4.961967 53.748096 6.117953
v 4.143068 53.669655 5.496396
v 4.401417 53.718639 5.357417
v 4.692434 53.814079 5.453634
v 0.598508 25.282852 0.676189
v 0.293484 23.813263 0.611552
v 0.180082 23.825829 0.836861
v 0.521271 25.140337 1.177683
v 0.866452 27.005600 0.146878
v 0.236337 25.535389 2.044188
v 1.090447 26.627176 1.732897
v 0.398627 26.833075 3.529266
v 1.640259 28.475777 0.402633
v 1.037222 27.289745 3.063112
v 2.708199 28.964745 1.422739
v 2.126894 27.914198 2.142626
v 1.613682 27.984642 3.591929
v 3.971895 29.163063 2.578833
v 3.950611 29.080750 3.389059
v 3.313641 28.909651 3.970627
v 5.002571 52.664909 7.874316
v 4.946401 52.376183 7.448967
v 4.863191 52.361542 7.469458
v 4.858687 52.559891 7.908724
v 5.198812 53.121361 8.257118
v 4.574455 52.560101 8.099244
v 4.854358 52.722855 8.465774
v 4.241093 52.593624 8.692338
v 5.317808 53.294140 8.796392
v 4.508751 52.667953 8.839376
v 5.314583 53.049019 9.272517
v 4.996763 52.778549 9.031537
v 4.512575 52.643188 9.198691
v 5.323456 52.675903 9.734015
v 5.115468 52.523369 9.844104
v 4.819349 52.498123 9.786636
vt 0.270340 0.326719
vt 0.277037 0.329237
vt 0.279929 0.389956
vt 0.273763 0.387294
vt 0.270739 0.286674
vt 0.277606 0.288461
vt 0.282039 0.463705
vt 0.276733 0.461876
vt 0.282712 0.242533
vt 0.290057 0.243984
vt 0.305167 0.199361
vt 0.313111 0.200551
vt 0.323436 0.171009
vt 0.331927 0.171846
vt 0.600963 0.616123
vt 0.603009 0.579492
vt 0.623648 0.602745
vt 0.627122 0.623682
vt 0.585818 0.589424
vt 0.657509 0.625835
vt 0.588560 0.553249
vt 0.831268 0.107397
vt 0.835052 0.109994
vt 0.834786 0.149302
vt 0.831089 0.146793
vt 0.837358 0.077785
vt 0.841209 0.079604
vt 0.836852 0.194688
vt 0.833801 0.192863
vt 0.851044 0.046743
vt 0.855309 0.048163
vt 0.867344 0.019968
vt 0.872011 0.021088
vt 0.880834 0.001992
vt 0.885917 0.002865
vt 0.736659 0.021473
vt 0.740700 0.019939
vt 0.756946 0.046678
vt 0.753268 0.048486
vt 0.722827 0.003298
vt 0.727253 0.001992
vt 0.770578 0.077685
vt 0.767281 0.079869
vt 0.733177 0.021738
vt 0.750054 0.048992
vt 0.719063 0.003386
vt 0.776630 0.107272
vt 0.773386 0.110225
vt 0.764358 0.080632
vt 0.776758 0.146635
vt 0.773580 0.149486
vt 0.770621 0.111508
vt 0.773933 0.192629
vt 0.771328 0.194749
vt 0.771044 0.150739
vt 0.769068 0.195593
vt 0.778810 0.274436
vt 0.780938 0.277655
vt 0.769439 0.307150
vt 0.767372 0.303985
vt 0.791668 0.253463
vt 0.794076 0.256145
vt 0.757246 0.344352
vt 0.755485 0.341893
vt 0.777008 0.274216
vt 0.765682 0.303779
vt 0.810856 0.230697
vt 0.813712 0.233144
vt 0.754044 0.341716
vt 0.830609 0.212099
vt 0.833866 0.214446
vt 0.848487 0.199417
vt 0.852130 0.201700
vt 0.929792 0.278771
vt 0.932148 0.276661
vt 0.943490 0.306175
vt 0.941342 0.308215
vt 0.916473 0.256938
vt 0.919122 0.255138
vt 0.933132 0.273582
vt 0.944457 0.303145
vt 0.955275 0.343427
vt 0.953326 0.345038
vt 0.896678 0.233769
vt 0.899678 0.232113
vt 0.920357 0.252599
vt 0.956096 0.341082
vt 0.876410 0.214979
vt 0.879729 0.213389
vt 0.901285 0.229818
vt 0.858008 0.202174
vt 0.861626 0.200624
vt 0.881650 0.211206
vt 0.863868 0.198512
vt 0.617111 0.001992
vt 0.619408 0.005780
vt 0.585310 0.057006
vt 0.582595 0.052769
vt 0.558839 0.096758
vt 0.556182 0.093867
vt 0.552609 0.109685
vt 0.550083 0.107142
vt 0.546937 0.133171
vt 0.544372 0.131390
vt 0.544351 0.155563
vt 0.541688 0.154321
vt 0.545135 0.175719
vt 0.542156 0.174570
vt 0.548309 0.196967
vt 0.545130 0.195836
vt 0.554919 0.231407
vt 0.552095 0.228986
vt 0.457272 0.005257
vt 0.459466 0.001992
vt 0.494002 0.052671
vt 0.491401 0.056323
vt 0.520483 0.093930
vt 0.517982 0.096324
vt 0.455801 0.008062
vt 0.489751 0.059388
vt 0.526636 0.107275
vt 0.524301 0.109375
vt 0.516228 0.098592
vt 0.532498 0.131552
vt 0.530220 0.132957
vt 0.522548 0.111334
vt 0.535287 0.154505
vt 0.532974 0.155322
vt 0.528340 0.134396
vt 0.534750 0.175186
vt 0.532078 0.176193
vt 0.530982 0.156320
vt 0.531651 0.196943
vt 0.528705 0.198239
vt 0.529963 0.176915
vt 0.524937 0.229836
vt 0.522506 0.232260
vt 0.526559 0.198692
vt 0.520424 0.233748
vt 0.820266 0.618933
vt 0.824348 0.617819
vt 0.834218 0.641618
vt 0.850734 0.644277
vt 0.828588 0.645301
vt 0.875857 0.664632
vt 0.845099 0.669925
vt 0.832462 0.676256
vt 0.866185 0.678319
vt 0.870579 0.693927
vt 0.847049 0.699345
vt 0.861271 0.723418
vt 0.848091 0.732634
vt 0.849788 0.512749
vt 0.863859 0.531145
vt 0.852413 0.531698
vt 0.860529 0.491854
vt 0.865705 0.503967
vt 0.844062 0.543591
vt 0.833000 0.529840
vt 0.866259 0.473389
vt 0.819478 0.555941
vt 0.864698 0.471329
vt 0.808626 0.552330
vt 0.805601 0.546174
vt 0.789910 0.752138
vt 0.759886 0.751171
vt 0.774990 0.736143
vt 0.792521 0.733390
vt 0.772497 0.763300
vt 0.791520 0.711704
vt 0.744455 0.761836
vt 0.786017 0.707009
vt 0.059975 0.001992
vt 0.070624 0.001992
vt 0.072452 0.144491
vt 0.062337 0.144483
vt 0.073177 0.254334
vt 0.064245 0.254324
vt 0.073629 0.381197
vt 0.065269 0.381182
vt 0.079949 0.493850
vt 0.070757 0.493738
vt 0.089052 0.649734
vt 0.082289 0.649503
vt 0.095984 0.703923
vt 0.091359 0.703844
vt 0.098765 0.724830
vt 0.094320 0.724792
vt 0.099809 0.741458
vt 0.096035 0.741440
vt 0.098727 0.745341
vt 0.558309 0.952053
vt 0.556548 0.925206
vt 0.587426 0.928643
vt 0.538528 0.951619
vt 0.544103 0.930098
vt 0.595496 0.941848
vt 0.535413 0.918301
vt 0.541736 0.980251
vt 0.564881 0.968995
vt 0.591974 0.955820
vt 0.212733 0.164432
vt 0.216454 0.165374
vt 0.205646 0.224125
vt 0.201493 0.223074
vt 0.218591 0.119058
vt 0.223033 0.120183
vt 0.190983 0.289608
vt 0.187785 0.288798
vt 0.209914 0.166662
vt 0.198306 0.225519
vt 0.221587 0.072474
vt 0.225942 0.073577
vt 0.215403 0.121033
vt 0.182919 0.332727
vt 0.180201 0.332247
vt 0.185451 0.290178
vt 0.221861 0.033561
vt 0.226133 0.034642
vt 0.218510 0.074027
vt 0.175980 0.372772
vt 0.172741 0.372258
vt 0.178335 0.332972
vt 0.219017 0.001992
vt 0.225208 0.003560
vt 0.218845 0.034967
vt 0.170299 0.406199
vt 0.166953 0.405351
vt 0.170699 0.373740
vt 0.214632 0.003843
vt 0.164533 0.407771
vt 0.398426 0.163793
vt 0.402437 0.164552
vt 0.413788 0.223610
vt 0.409328 0.222829
vt 0.391769 0.118459
vt 0.396482 0.118980
vt 0.404446 0.162268
vt 0.416055 0.221125
vt 0.427130 0.287396
vt 0.423725 0.287097
vt 0.388796 0.071420
vt 0.393390 0.071695
vt 0.398958 0.116639
vt 0.428910 0.285784
vt 0.434417 0.329333
vt 0.431617 0.329356
vt 0.388586 0.032328
vt 0.393090 0.032520
vt 0.436026 0.328578
vt 0.441635 0.370692
vt 0.438387 0.370184
vt 0.389688 0.001992
vt 0.396224 0.002153
vt 0.443662 0.369346
vt 0.447912 0.405721
vt 0.444356 0.404763
vt 0.449828 0.403377
vt 0.786659 0.606928
vt 0.800898 0.584260
vt 0.794580 0.610354
vt 0.804810 0.586790
vt 0.763930 0.626561
vt 0.805138 0.625390
vt 0.782805 0.639209
vt 0.810635 0.661268
vt 0.746307 0.652142
vt 0.793969 0.663731
vt 0.765253 0.664269
vt 0.741710 0.672458
vt 0.787905 0.680742
vt 0.764819 0.701242
vt 0.749019 0.698238
vt 0.738604 0.690376
vt 0.787858 0.845913
vt 0.800878 0.819826
vt 0.798914 0.849018
vt 0.804862 0.823124
vt 0.760555 0.870675
vt 0.811068 0.867209
vt 0.795962 0.878974
vt 0.827182 0.905927
vt 0.752443 0.895919
vt 0.793394 0.900834
vt 0.770045 0.909201
vt 0.302503 0.604633
vt 0.305606 0.603930
vt 0.311042 0.620596
vt 0.323062 0.622680
vt 0.306186 0.623721
vt 0.340756 0.636037
vt 0.317328 0.639656
vt 0.305471 0.647148
vt 0.332898 0.644778
vt 0.335898 0.654081
vt 0.317718 0.658046
vt 0.307200 0.667316
vt 0.329290 0.670159
vt 0.319273 0.675602
vt 0.035749 0.853823
vt 0.045055 0.829421
vt 0.057298 0.852588
vt 0.039846 0.829705
vt 0.046651 0.875087
vt 0.036339 0.807632
vt 0.072976 0.870709
vt 0.070288 0.882779
vt 0.097802 0.885808
vt 0.529543 0.846992
vt 0.521496 0.824394
vt 0.536429 0.842202
vt 0.524784 0.823066
vt 0.529572 0.876007
vt 0.550886 0.842812
vt 0.552529 0.863758
vt 0.579602 0.855567
vt 0.541400 0.899538
vt 0.575676 0.867023
vt 0.566381 0.884878
vt 0.561101 0.906090
vt 0.587883 0.877031
vt 0.581952 0.908467
vt 0.600877 0.895541
vt 0.593922 0.903320
vt 0.364968 0.706291
vt 0.356388 0.691768
vt 0.368996 0.702755
vt 0.358888 0.690325
vt 0.369659 0.724888
vt 0.380263 0.701211
vt 0.381475 0.717413
vt 0.401430 0.708230
vt 0.378659 0.741818
vt 0.397996 0.718058
vt 0.390039 0.733931
vt 0.387994 0.749440
vt 0.405431 0.725988
vt 0.409596 0.743843
vt 0.403371 0.751595
vt 0.396271 0.755344
vt 0.177394 0.916298
vt 0.176467 0.895214
vt 0.184589 0.914253
vt 0.179700 0.895395
vt 0.169801 0.941013
vt 0.197021 0.919921
vt 0.192555 0.935584
vt 0.218326 0.938538
vt 0.173470 0.962105
vt 0.211639 0.945090
vt 0.198433 0.954049
vt 0.188105 0.969120
vt 0.219225 0.955059
vt 0.204691 0.971966
vt 0.216315 0.970785
vt 0.827551 0.783413
vt 0.828301 0.795016
vt 0.823314 0.784680
vt 0.826285 0.795457
vt 0.831635 0.770219
vt 0.815593 0.783200
vt 0.818708 0.771360
vt 0.802807 0.772904
vt 0.829756 0.755944
vt 0.807231 0.766622
vt 0.815879 0.756929
vt 0.822136 0.746746
vt 0.803133 0.758605
vt 0.813678 0.738401
vt 0.801386 0.743118
vt 0.806878 0.738804
vt 0.928550 0.887837
vt 0.919858 0.876458
vt 0.914550 0.849232
vt 0.935842 0.867837
vt 0.922757 0.903020
vt 0.927167 0.848074
vt 0.946512 0.884287
vt 0.925759 0.905128
vt 0.932155 0.834127
vt 0.949056 0.848665
vt 0.933737 0.892144
vt 0.958448 0.866823
vt 0.952242 0.814692
vt 0.964830 0.846351
vt 0.964703 0.816955
vt 0.971419 0.825500
vt 0.902968 0.493068
vt 0.921196 0.487775
vt 0.918366 0.506817
vt 0.881557 0.473518
vt 0.912960 0.456888
vt 0.938852 0.499677
vt 0.899762 0.506170
vt 0.936981 0.459885
vt 0.875863 0.504499
vt 0.960250 0.491579
vt 0.933794 0.514815
vt 0.905609 0.518682
vt 0.889554 0.533260
vt 0.954025 0.524733
vt 0.920471 0.521863
vt 0.914975 0.542692
vt 0.930780 0.540153
vt 0.908854 0.410241
vt 0.876958 0.405289
vt 0.884604 0.369685
vt 0.909255 0.434005
vt 0.882658 0.421494
vt 0.901193 0.363614
vt 0.868876 0.428853
vt 0.916088 0.371255
vt 0.917459 0.450641
vt 0.897739 0.447139
vt 0.347522 0.752208
vt 0.345231 0.753795
vt 0.334931 0.743454
vt 0.324262 0.745790
vt 0.338901 0.740176
vt 0.302975 0.739783
vt 0.321767 0.730304
vt 0.334308 0.724272
vt 0.305367 0.730034
vt 0.296895 0.721798
vt 0.311459 0.713783
vt 0.324209 0.708387
vt 0.289468 0.701796
vt 0.312734 0.699131
vt 0.294531 0.693429
vt 0.301746 0.690325
vt 0.199867 0.627591
vt 0.210840 0.637997
vt 0.210780 0.648585
vt 0.194920 0.643294
vt 0.219740 0.634094
vt 0.202182 0.668273
vt 0.180634 0.630275
vt 0.182518 0.647290
vt 0.200942 0.614116
vt 0.209701 0.618701
vt 0.192863 0.670401
vt 0.186070 0.617008
vt 0.185224 0.665714
vt 0.202316 0.604485
vt 0.199671 0.603930
vt 0.195723 0.612056
vt 0.425627 0.747181
vt 0.451342 0.722203
vt 0.451829 0.756266
vt 0.418462 0.720652
vt 0.471043 0.748932
vt 0.430681 0.698103
vt 0.481539 0.724914
vt 0.453663 0.690039
vt 0.470595 0.697228
vt 0.636919 0.891132
vt 0.625599 0.909142
vt 0.629817 0.888685
vt 0.623062 0.907148
vt 0.657384 0.875045
vt 0.622892 0.876882
vt 0.635398 0.866365
vt 0.615993 0.849180
vt 0.666323 0.855364
vt 0.625132 0.847511
vt 0.640928 0.847533
vt 0.658006 0.840935
vt 0.624469 0.834795
vt 0.645620 0.828792
vt 0.635342 0.823066
vt 0.278115 0.791837
vt 0.288238 0.814020
vt 0.281486 0.829383
vt 0.260812 0.811208
vt 0.304037 0.814250
vt 0.255672 0.852916
vt 0.249464 0.781813
vt 0.240878 0.808409
vt 0.288037 0.773656
vt 0.298503 0.785815
vt 0.240101 0.849994
vt 0.265110 0.766536
vt 0.231939 0.837903
vt 0.295793 0.761312
vt 0.292088 0.758774
vt 0.549544 0.634966
vt 0.551682 0.650808
vt 0.540154 0.648190
vt 0.562214 0.644380
vt 0.554172 0.671830
vt 0.532298 0.669337
vt 0.532662 0.638776
vt 0.558366 0.627332
vt 0.575086 0.654500
vt 0.521505 0.662755
vt 0.511176 0.643767
vt 0.535914 0.627737
vt 0.544510 0.621387
vt 0.577477 0.622936
vt 0.517936 0.618819
vt 0.537269 0.602696
vt 0.564671 0.608641
vt 0.180498 0.869619
vt 0.198990 0.851113
vt 0.204723 0.891771
vt 0.161951 0.849196
vt 0.197783 0.825372
vt 0.219331 0.889011
vt 0.166149 0.827003
vt 0.215054 0.824975
vt 0.221108 0.838469
vt 0.227863 0.874719
vt 0.197887 0.807632
vt 0.223954 0.809319
vt 0.048106 0.891705
vt 0.061795 0.926055
vt 0.033499 0.897581
vt 0.076220 0.908020
vt 0.026726 0.913565
vt 0.098977 0.922322
vt 0.069182 0.945728
vt 0.040167 0.944806
vt 0.049703 0.953736
vt 0.043413 0.969706
vt 0.474389 0.498977
vt 0.479521 0.495832
vt 0.493565 0.521203
vt 0.488657 0.524211
vt 0.508575 0.549235
vt 0.503940 0.552075
vt 0.522653 0.576466
vt 0.518289 0.579140
vt 0.531471 0.594713
vt 0.527299 0.597270
vt 0.297787 0.540356
vt 0.315017 0.557403
vt 0.299204 0.563860
vt 0.323620 0.541726
vt 0.338340 0.579631
vt 0.308198 0.595812
vt 0.283928 0.559539
vt 0.306429 0.525597
vt 0.352360 0.540475
vt 0.289364 0.597384
vt 0.261828 0.583646
vt 0.279815 0.544434
vt 0.285865 0.530345
vt 0.331966 0.500521
vt 0.251819 0.547740
vt 0.264877 0.511473
vt 0.304714 0.494581
vt 0.859226 0.427555
vt 0.837836 0.465081
vt 0.830037 0.434414
vt 0.853648 0.394765
vt 0.818112 0.402541
vt 0.827862 0.377483
vt 0.796246 0.363614
vt 0.783456 0.366477
vt 0.383377 0.926032
vt 0.361916 0.947094
vt 0.357752 0.903969
vt 0.401656 0.946111
vt 0.359549 0.973517
vt 0.392549 0.968679
vt 0.237992 0.929004
vt 0.268457 0.934220
vt 0.268161 0.972185
vt 0.227628 0.903378
vt 0.257760 0.916831
vt 0.253854 0.978682
vt 0.267152 0.908854
vt 0.448447 0.554062
vt 0.422561 0.544672
vt 0.464529 0.518590
vt 0.432625 0.584997
vt 0.395659 0.562852
vt 0.456509 0.502033
vt 0.407989 0.597637
vt 0.388595 0.535671
vt 0.400809 0.519336
vt 0.437851 0.495832
vt 0.377403 0.579830
vt 0.368583 0.531932
vt 0.367677 0.564410
vt 0.363104 0.590260
vt 0.367121 0.593893
vt 0.384344 0.589476
vt 0.409438 0.868370
vt 0.406303 0.894135
vt 0.400312 0.869933
vt 0.401972 0.893440
vt 0.422930 0.839188
vt 0.385031 0.861259
vt 0.396433 0.843160
vt 0.363115 0.835895
vt 0.425065 0.813372
vt 0.188021 0.526506
vt 0.208807 0.531763
vt 0.197177 0.547397
vt 0.174977 0.494581
vt 0.218022 0.496448
vt 0.217511 0.554527
vt 0.176928 0.537742
vt 0.240409 0.514876
vt 0.148588 0.524381
vt 0.242957 0.563766
vt 0.203637 0.566567
vt 0.174371 0.553973
vt 0.143183 0.564164
vt 0.214415 0.595685
vt 0.186724 0.565758
vt 0.162706 0.590427
vt 0.180493 0.597653
vt 0.684264 0.955908
vt 0.696121 0.915762
vt 0.728899 0.961204
vt 0.885084 0.663596
vt 0.914047 0.659545
vt 0.885033 0.691137
vt 0.911009 0.635303
vt 0.919527 0.688469
vt 0.905562 0.710216
vt 0.902778 0.638972
vt 0.919899 0.634158
vt 0.935783 0.648673
vt 0.930123 0.663950
vt 0.938021 0.679243
vt 0.931562 0.728517
vt 0.909232 0.617819
vt 0.950234 0.713591
vt 0.944638 0.725774
vt 0.842297 0.876128
vt 0.865647 0.857422
vt 0.866025 0.905025
vt 0.882634 0.904610
vt 0.894135 0.890406
vt 0.891928 0.848045
vt 0.868215 0.826715
vt 0.887267 0.830889
vt 0.899435 0.814692
vt 0.133425 0.836674
vt 0.144245 0.853175
vt 0.140924 0.866350
vt 0.122374 0.854549
vt 0.156658 0.851245
vt 0.123615 0.888262
vt 0.109897 0.833263
vt 0.106480 0.855299
vt 0.138772 0.820476
vt 0.148585 0.828964
vt 0.111005 0.887903
vt 0.120117 0.818672
vt 0.103094 0.879472
vt 0.143156 0.809186
vt 0.139920 0.807632
vt 0.132924 0.816127
vt 0.602537 0.503818
vt 0.570003 0.485382
vt 0.601398 0.449628
vt 0.581115 0.528527
vt 0.563161 0.504807
vt 0.623731 0.449746
vt 0.540630 0.506710
vt 0.637962 0.464693
vt 0.569136 0.547822
vt 0.552624 0.536647
vt 0.520976 0.715320
vt 0.557880 0.722379
vt 0.536364 0.740531
vt 0.551478 0.715766
vt 0.561124 0.734491
vt 0.552580 0.762847
vt 0.495775 0.730584
vt 0.574258 0.707526
vt 0.576698 0.710052
vt 0.537401 0.762641
vt 0.512751 0.759880
vt 0.487751 0.757121
vt 0.526817 0.777976
vt 0.483247 0.786548
vt 0.502647 0.801484
vt 0.490652 0.798593
vt 0.775566 0.929100
vt 0.769517 0.955543
vt 0.746686 0.919034
vt 0.691995 0.835289
vt 0.712523 0.848867
vt 0.681439 0.852282
vt 0.718313 0.831998
vt 0.703470 0.869573
vt 0.684680 0.875083
vt 0.728146 0.836703
vt 0.737327 0.855069
vt 0.725027 0.861002
vt 0.723817 0.874767
vt 0.690263 0.900234
vt 0.724329 0.820228
vt 0.712773 0.901986
vt 0.700849 0.905929
vt 0.720980 0.819826
vt 0.710816 0.829603
vt 0.735591 0.757527
vt 0.700765 0.769859
vt 0.691665 0.729011
vt 0.705640 0.713705
vt 0.857448 0.795954
vt 0.855449 0.795462
vt 0.855340 0.784907
vt 0.848510 0.780329
vt 0.858798 0.785733
vt 0.840500 0.766077
vt 0.855236 0.771521
vt 0.863513 0.776535
vt 0.846932 0.762544
vt 0.847023 0.753910
vt 0.858658 0.757926
vt 0.866373 0.763577
vt 0.854395 0.739782
vt 0.866295 0.752136
vt 0.861511 0.738401
vt 0.866508 0.741046
vt 0.555033 0.323228
vt 0.551323 0.318330
vt 0.569489 0.266088
vt 0.573349 0.271149
vt 0.530229 0.356889
vt 0.526011 0.352866
vt 0.585498 0.201765
vt 0.588788 0.205554
vt 0.558253 0.324102
vt 0.576375 0.271942
vt 0.497437 0.394648
vt 0.492418 0.390934
vt 0.533594 0.357830
vt 0.591387 0.206281
vt 0.471494 0.431540
vt 0.465994 0.428167
vt 0.501011 0.395700
vt 0.453723 0.455677
vt 0.447766 0.452619
vt 0.475268 0.432625
vt 0.670829 0.311910
vt 0.673091 0.309964
vt 0.682848 0.338498
vt 0.680680 0.340465
vt 0.656846 0.292734
vt 0.659397 0.291061
vt 0.674002 0.307578
vt 0.683884 0.336021
vt 0.691196 0.373634
vt 0.689237 0.375148
vt 0.638369 0.271817
vt 0.641265 0.270212
vt 0.660555 0.289186
vt 0.692070 0.371825
vt 0.623915 0.251391
vt 0.627046 0.249876
vt 0.642788 0.268536
vt 0.613934 0.237892
vt 0.617255 0.236519
vt 0.628751 0.248401
vt 0.619149 0.235230
vt 0.965877 0.768838
vt 0.967512 0.797256
vt 0.956988 0.772729
vt 0.962623 0.797588
vt 0.973401 0.734284
vt 0.938785 0.767209
vt 0.256281 0.654287
vt 0.235247 0.661198
vt 0.241552 0.646210
vt 0.240160 0.662584
vt 0.231068 0.656430
vt 0.228606 0.640332
vt 0.264925 0.639553
vt 0.230353 0.672976
vt 0.228620 0.672498
vt 0.235778 0.635876
vt 0.247920 0.629776
vt 0.261101 0.623900
vt 0.236846 0.625230
vt 0.254357 0.607694
vt 0.241405 0.606221
vt 0.247506 0.603930
vt 0.915081 0.743907
vt 0.928254 0.738401
vt 0.919153 0.747956
vt 0.929921 0.739995
vt 0.897330 0.744353
vt 0.921926 0.755642
vt 0.906820 0.759559
vt 0.917999 0.773531
vt 0.883256 0.754935
vt 0.908487 0.773493
vt 0.893100 0.772126
vt 0.878631 0.771501
vt 0.902426 0.783197
vt 0.875373 0.789150
vt 0.887544 0.797898
vt 0.879882 0.796242
vt 0.940728 0.136874
vt 0.935720 0.137573
vt 0.932754 0.088476
vt 0.937462 0.087819
vt 0.945658 0.173746
vt 0.940426 0.174477
vt 0.926062 0.031063
vt 0.930102 0.030499
vt 0.957731 0.212388
vt 0.952185 0.213162
vt 0.969855 0.245711
vt 0.963993 0.246530
vt 0.976705 0.268077
vt 0.970585 0.268932
vt 0.792091 0.109121
vt 0.795651 0.111321
vt 0.793026 0.150551
vt 0.789712 0.148429
vt 0.795838 0.078731
vt 0.799537 0.080445
vt 0.787274 0.195406
vt 0.784412 0.193815
vt 0.805375 0.047290
vt 0.809413 0.048805
vt 0.814848 0.020215
vt 0.819142 0.021551
vt 0.820172 0.001992
vt 0.824704 0.003199
vt 0.902392 0.916777
vt 0.911291 0.914961
vt 0.885934 0.946268
vt 0.128145 0.919619
vt 0.137822 0.895214
vt 0.137651 0.922123
vt 0.141091 0.897952
vt 0.105913 0.942999
vt 0.148044 0.937958
vt 0.163718 0.973100
vt 0.137547 0.950307
vt 0.627525 0.771759
vt 0.622200 0.802756
vt 0.617422 0.771358
vt 0.618736 0.800940
vt 0.646322 0.739416
vt 0.605042 0.757199
vt 0.611194 0.736849
vt 0.582575 0.720260
vt 0.644282 0.707344
vt 0.739284 0.300954
vt 0.736194 0.299204
vt 0.741065 0.269761
vt 0.743942 0.271460
vt 0.732971 0.322464
vt 0.729669 0.321038
vt 0.745648 0.232938
vt 0.748166 0.234258
vt 0.722880 0.345465
vt 0.719276 0.344207
vt 0.712162 0.364164
vt 0.708264 0.362997
vt 0.702107 0.376910
vt 0.697947 0.375802
vt 0.628472 0.107275
vt 0.631860 0.107988
vt 0.629162 0.132237
vt 0.626179 0.131552
vt 0.633036 0.093930
vt 0.636761 0.094714
vt 0.628461 0.155167
vt 0.625708 0.154505
vt 0.650256 0.052671
vt 0.654665 0.053615
vt 0.629322 0.175416
vt 0.626278 0.175186
vt 0.662184 0.001992
vt 0.666135 0.002838
vt 0.630797 0.196682
vt 0.627420 0.196943
vt 0.632286 0.229832
vt 0.628703 0.229836
vt 0.678564 0.125209
vt 0.675391 0.124406
vt 0.672934 0.101344
vt 0.675663 0.101723
vt 0.683356 0.138136
vt 0.679913 0.137148
vt 0.672385 0.079420
vt 0.675021 0.079331
vt 0.701436 0.177888
vt 0.697309 0.176352
vt 0.673360 0.058825
vt 0.676129 0.059175
vt 0.712868 0.229114
vt 0.709161 0.227678
vt 0.675080 0.037048
vt 0.677979 0.037927
vt 0.676134 0.001992
vt 0.679335 0.003488
vt 0.699905 0.604940
vt 0.714226 0.584260
vt 0.708779 0.608652
vt 0.718235 0.586266
vt 0.675458 0.621288
vt 0.719919 0.621652
vt 0.698870 0.637354
vt 0.728091 0.656192
vt 0.659757 0.647721
vt 0.712183 0.660822
vt 0.684623 0.665366
vt 0.660583 0.673674
vt 0.708631 0.679747
vt 0.664109 0.699205
vt 0.691341 0.707938
vt 0.676287 0.707744
vt 0.437980 0.951361
vt 0.420174 0.979194
vt 0.428279 0.946890
vt 0.466989 0.928888
vt 0.433989 0.914002
vt 0.308060 0.880161
vt 0.278557 0.893544
vt 0.300184 0.872312
vt 0.276186 0.888469
vt 0.348000 0.873965
vt 0.298510 0.850655
vt 0.310573 0.813372
vt 0.326496 0.852896
vt 0.012434 0.745338
vt 0.002306 0.745341
vt 0.002418 0.602849
vt 0.012039 0.602845
vt 0.001908 0.493009
vt 0.010406 0.493039
vt 0.018693 0.745337
vt 0.017986 0.602822
vt 0.003411 0.366151
vt 0.011366 0.366199
vt 0.015658 0.493025
vt 0.017362 0.253594
vt 0.026111 0.253615
vt 0.016283 0.366179
vt 0.024179 0.097830
vt 0.030640 0.097677
vt 0.031520 0.253473
vt 0.037962 0.043489
vt 0.042378 0.043454
vt 0.034641 0.097322
vt 0.043301 0.022541
vt 0.047541 0.022562
vt 0.045111 0.043351
vt 0.047043 0.005893
vt 0.050644 0.005925
vt 0.050169 0.022521
vt 0.049515 0.001992
vt 0.052867 0.005891
vt 0.107051 0.001992
vt 0.117178 0.001995
vt 0.116784 0.144499
vt 0.107162 0.144490
vt 0.123437 0.001996
vt 0.122730 0.144511
vt 0.115151 0.254310
vt 0.106653 0.254334
vt 0.120402 0.254307
vt 0.116112 0.381158
vt 0.108155 0.381197
vt 0.121027 0.381153
vt 0.130866 0.493868
vt 0.122117 0.493850
vt 0.136264 0.493860
vt 0.135430 0.649965
vt 0.128970 0.649733
vt 0.139385 0.650010
vt 0.147140 0.703986
vt 0.142715 0.703922
vt 0.149855 0.703981
vt 0.152298 0.724830
vt 0.148047 0.724829
vt 0.154914 0.724811
vt 0.155389 0.741436
vt 0.151788 0.741457
vt 0.157611 0.741441
vt 0.154259 0.745340
vt 0.259682 0.199540
vt 0.263530 0.202721
vt 0.243508 0.269489
vt 0.239052 0.265986
vt 0.277177 0.148430
vt 0.281762 0.151450
vt 0.225887 0.342175
vt 0.222438 0.340046
vt 0.306260 0.095720
vt 0.310907 0.098250
vt 0.218796 0.389970
vt 0.215701 0.388812
vt 0.337947 0.051685
vt 0.342581 0.054037
vt 0.213573 0.436144
vt 0.210220 0.434102
vt 0.370747 0.016532
vt 0.377668 0.019728
vt 0.213045 0.475253
vt 0.210400 0.471907
vt 0.721805 0.496937
vt 0.715083 0.500752
vt 0.660144 0.424243
vt 0.666919 0.420205
vt 0.783733 0.556419
vt 0.773767 0.561715
vt 0.609578 0.332170
vt 0.616315 0.327584
vt 0.512408 0.918301
vt 0.515645 0.924040
vt 0.482595 0.953257
vt 0.484547 0.980609
vt 0.487341 0.904169
vt 0.440181 0.890718
vt 0.471536 0.869651
vt 0.499663 0.872311
vt 0.506380 0.834738
vt 0.501468 0.823066
vt 0.678084 0.766836
vt 0.672071 0.764648
vt 0.682801 0.730342
vt 0.665253 0.713705
vt 0.929148 0.922459
vt 0.929600 0.914961
vt 0.948024 0.941280
vt 0.794702 0.919034
vt 0.802936 0.920579
vt 0.824590 0.954427
vt 0.816691 0.952905
vt 0.969624 0.915047
vt 0.977481 0.914961
vt 0.967561 0.925075
vt 0.655089 0.920579
vt 0.667668 0.918976
vt 0.612240 0.979897
vt 0.842719 0.922731
vt 0.855457 0.914859
vt 0.869858 0.939314
vt 0.867187 0.948704
vt 0.284781 0.635363
vt 0.273790 0.603930
vt 0.293637 0.632374
vt 0.284142 0.673198
vt 0.322304 0.909130
vt 0.339005 0.903378
vt 0.285727 0.973805
vn 0.368225 -0.167493 -0.914525
vn -0.645185 0.372106 -0.667288
vn -0.757591 0.257809 -0.599659
vn 0.398417 -0.065483 -0.914864
vn 0.888420 -0.459019 0.003457
vn 0.958916 -0.282671 -0.024027
vn 0.291057 -0.137830 0.946725
vn 0.263173 -0.095167 0.960043
vn -0.745235 0.331063 0.578811
vn -0.791504 0.201449 0.577010
vn 0.075698 -0.527739 -0.846027
vn -0.787306 0.241176 -0.567436
vn -0.717714 0.321697 -0.617574
vn 0.107211 -0.430807 -0.896053
vn 0.824417 -0.564240 0.044386
vn 0.790464 -0.612042 0.023895
vn 0.429868 0.207905 0.878629
vn 0.363884 0.099407 0.926124
vn -0.540761 0.680383 0.494629
vn -0.588040 0.657762 0.470700
vn 0.217295 -0.321961 -0.921479
vn -0.629537 0.419045 -0.654282
vn 0.786197 -0.616617 0.040958
vn 0.279485 -0.076486 0.957099
vn -0.625895 0.588326 0.511984
vn -0.913265 0.240192 -0.329021
vn 0.288024 -0.025821 -0.957275
vn 0.971778 -0.224801 0.071502
vn -0.025827 -0.017156 0.999519
vn -0.800747 0.182031 0.570675
vn 0.040598 -0.559639 -0.827742
vn -0.831689 0.330433 -0.446214
vn 0.843603 -0.514799 0.152694
vn 0.356652 0.316484 0.878998
vn -0.464178 0.700678 0.541838
vn -0.042379 0.856092 -0.515083
vn 0.164030 0.919166 -0.358089
vn 0.090901 0.950736 -0.296374
vn 0.301982 0.909262 -0.286443
vn -0.370975 0.882687 -0.288516
vn 0.275552 0.950025 -0.146709
vn -0.097193 0.985467 -0.139312
vn 0.262250 0.960371 -0.094405
vn -0.508407 0.857710 -0.076527
vn 0.208048 0.975877 0.066188
vn -0.289427 0.954116 0.076777
vn -0.569483 0.821661 0.023731
vn 0.158224 0.960685 0.228145
vn -0.354920 0.909788 0.215217
vn 0.115808 0.916814 0.382152
vn -0.014610 0.943958 0.329742
vn -0.395304 0.568608 0.721401
vn -0.462112 0.720322 0.517290
vn -0.371634 0.760971 0.531799
vn -0.518105 0.765459 0.381628
vn -0.006299 0.619264 0.785157
vn -0.409132 0.856240 0.315378
vn -0.126411 0.825579 0.549945
vn -0.364293 0.884558 0.291287
vn 0.252272 0.655401 0.711905
vn -0.211002 0.953290 0.216140
vn 0.181226 0.845901 0.501605
vn 0.377389 0.647104 0.662446
vn -0.054155 0.990989 0.122506
vn 0.342879 0.838011 0.424467
vn 0.093157 0.995366 0.023846
vn 0.155626 0.976232 0.150838
vn -0.345151 0.937948 0.033526
vn 0.109318 0.985604 0.128979
vn 0.049032 0.966195 -0.253109
vn 0.470914 0.874322 -0.117475
vn 0.414489 0.749475 -0.516223
vn 0.068110 0.708957 -0.701955
vn -0.320429 0.731145 -0.602289
vn -0.491255 0.810428 -0.319180
vn 0.418583 0.743889 -0.520977
vn 0.233063 0.688861 -0.686405
vn -0.100832 0.689563 -0.717172
vn -0.318030 0.727165 -0.608349
vn -0.500640 0.804735 -0.318999
vn -0.352952 0.935164 0.029886
vn -0.134446 0.974131 0.181643
vn 0.316021 0.942886 0.105341
vn 0.478644 0.868635 -0.127959
vn -0.386513 0.122276 -0.914142
vn -0.189963 0.284878 -0.939552
vn -0.262798 0.359361 -0.895431
vn -0.055658 0.343007 -0.937683
vn -0.653430 0.307271 -0.691820
vn -0.077013 0.493517 -0.866320
vn -0.412797 0.506688 -0.756879
vn -0.085523 0.540319 -0.837103
vn -0.734895 0.460815 -0.497572
vn -0.113580 0.677356 -0.726835
vn -0.536628 0.650868 -0.537030
vn -0.764816 0.517430 -0.383827
vn -0.127523 0.792622 -0.596228
vn -0.559938 0.729206 -0.393354
vn -0.128984 0.880272 -0.456601
vn -0.258145 0.849332 -0.460431
vn 0.117586 -0.647747 -0.752726
vn 0.364620 -0.628654 -0.686910
vn 0.363428 -0.541006 -0.758441
vn 0.488528 -0.624753 -0.609118
vn 0.030527 -0.317258 -0.947848
vn 0.567260 -0.486986 -0.664124
vn 0.342883 -0.322696 -0.882213
vn 0.588612 -0.437790 -0.679614
vn 0.040178 -0.061511 -0.997297
vn 0.642193 -0.272011 -0.716658
vn 0.312666 -0.041471 -0.948957
vn 0.031812 0.068752 -0.997126
vn 0.682316 -0.102081 -0.723896
vn 0.315935 0.123586 -0.940697
vn 0.706875 0.059821 -0.704805
vn 0.606859 0.066390 -0.792032
vn 0.515770 -0.351567 -0.781269
vn 0.626288 -0.120710 -0.770190
vn 0.540606 -0.090220 -0.836425
vn 0.692625 0.000227 -0.721298
vn 0.165095 -0.306089 -0.937578
vn 0.603064 0.127827 -0.787385
vn 0.326122 -0.025599 -0.944981
vn 0.567441 0.169338 -0.805813
vn -0.060544 -0.189309 -0.980049
vn 0.441223 0.300156 -0.845712
vn 0.059695 0.076250 -0.995300
vn -0.185725 -0.135374 -0.973232
vn 0.311393 0.417939 -0.853441
vn -0.078009 0.169102 -0.982507
vn 0.189095 0.519866 -0.833056
vn 0.126801 0.424506 -0.896502
vn -0.695279 -0.140035 -0.704966
vn -0.898887 -0.016736 0.437860
vn -0.855987 -0.085103 0.509945
vn -0.691762 -0.036897 -0.721182
vn 0.374874 -0.051058 -0.925669
vn 0.367913 0.053851 -0.928299
vn 0.988544 0.119954 0.091605
vn 0.985963 0.110067 0.125547
vn 0.190455 0.091918 0.977383
vn 0.218540 -0.000934 0.975828
vn -0.613771 -0.568839 -0.547456
vn -0.875724 0.035735 0.481488
vn -0.876839 -0.037259 0.479337
vn -0.640487 -0.507011 -0.576815
vn 0.484230 -0.360194 -0.797359
vn 0.450365 -0.288396 -0.844985
vn 0.934990 0.350266 0.055745
vn 0.941635 0.335222 0.030821
vn 0.102078 0.589023 0.801643
vn 0.112431 0.499129 0.859203
vn -0.689157 -0.363088 -0.627081
vn -0.889295 -0.033883 0.456078
vn 0.412345 -0.197303 -0.889406
vn 0.968179 0.243566 0.057491
vn 0.129341 0.331849 0.934424
vn -0.663162 -0.111591 0.740111
vn -0.773879 -0.053816 -0.631043
vn 0.440038 0.111316 -0.891053
vn 0.911945 0.104101 0.396887
vn 0.209981 -0.015103 0.977589
vn -0.672879 -0.560198 -0.483128
vn -0.800473 0.197496 0.565896
vn 0.545885 -0.388971 -0.742099
vn 0.877399 0.432081 0.208512
vn 0.078077 0.622810 0.778467
vn -0.659802 0.749314 0.056471
vn -0.474215 0.879040 -0.049091
vn -0.442388 0.895561 0.047581
vn -0.362126 0.920803 -0.144869
vn -0.561077 0.700430 0.441125
vn -0.247586 0.967184 -0.057060
vn -0.366019 0.886544 0.282965
vn -0.206698 0.978132 -0.023109
vn -0.407713 0.651612 0.639666
vn -0.082046 0.992444 0.091236
vn -0.223904 0.817106 0.531230
vn -0.328557 0.605727 0.724669
vn 0.050854 0.979981 0.192488
vn -0.112119 0.761926 0.637886
vn 0.185381 0.941444 0.281634
vn 0.085849 0.916827 0.389946
vn 0.405057 0.481772 0.777061
vn 0.161462 0.583733 0.795730
vn 0.198286 0.655120 0.729041
vn 0.005218 0.601367 0.798956
vn 0.579606 0.664055 0.472321
vn -0.041125 0.723436 0.689166
vn 0.269052 0.804812 0.529046
vn -0.054906 0.763373 0.643620
vn 0.580745 0.783385 0.221457
vn -0.090076 0.867218 0.489713
vn 0.312910 0.918700 0.240992
vn 0.577067 0.812313 0.084510
vn -0.133209 0.938878 0.317432
vn 0.291307 0.954880 0.057830
vn -0.176719 0.972537 0.151469
vn -0.043617 0.988948 0.141702
vn -0.154134 0.861567 0.483678
vn 0.049406 0.840581 0.539428
vn 0.060367 0.966945 0.247735
vn 0.291308 0.845459 0.447592
vn -0.180893 0.982660 0.040699
vn 0.046818 0.995545 -0.081842
vn 0.303000 0.952925 0.011164
vn -0.277466 0.917972 0.283445
vn 0.403119 0.881722 0.245073
vn 0.192577 -0.980078 -0.048599
vn 0.435698 -0.898855 -0.047182
vn 0.420778 -0.893092 -0.159162
vn 0.559334 -0.828854 -0.012113
vn 0.056019 -0.909903 -0.411022
vn 0.616818 -0.770903 -0.158883
vn 0.367275 -0.839985 -0.399418
vn 0.630725 -0.747691 -0.207711
vn 0.028614 -0.774420 -0.632025
vn 0.659706 -0.659759 -0.359870
vn 0.296478 -0.703423 -0.645985
vn 0.002014 -0.687756 -0.725939
vn 0.675377 -0.548114 -0.493394
vn 0.276667 -0.586559 -0.761186
vn 0.677293 -0.423651 -0.601493
vn 0.575641 -0.491699 -0.653352
vn 0.715611 0.440958 0.541716
vn 0.514906 0.554172 0.654038
vn 0.527311 0.629566 0.570604
vn 0.386140 0.576897 0.719782
vn 0.761033 0.619107 0.193740
vn 0.318299 0.704537 0.634282
vn 0.531706 0.766820 0.359549
vn 0.295297 0.742844 0.600818
vn 0.680947 0.731827 -0.027225
vn 0.218462 0.849352 0.480495
vn 0.476499 0.874013 0.095130
vn 0.630839 0.762473 -0.143795
vn 0.127631 0.926905 0.352926
vn 0.399230 0.915751 -0.044908
vn 0.031578 0.973328 0.227233
vn 0.148049 0.975401 0.163322
vn 0.106275 0.799292 0.591471
vn 0.519337 0.766942 0.376946
vn 0.261902 0.952571 0.154972
vn 0.620027 0.782050 -0.062952
vn 0.317291 0.886330 -0.337263
vn -0.059640 0.966286 -0.250468
vn -0.292273 0.953271 0.076486
vn -0.240585 0.882071 0.405056
vn 0.315767 0.883838 -0.345139
vn 0.066087 0.932635 -0.354719
vn -0.202954 0.966367 -0.157935
vn -0.295145 0.952926 0.069435
vn -0.249579 0.877602 0.409299
vn 0.097440 0.799209 0.593102
vn 0.358478 0.742191 0.566256
vn 0.647440 0.732293 0.211112
vn 0.618155 0.782272 -0.077040
vn -0.389188 0.274121 0.879426
vn -0.606118 0.283451 0.743153
vn -0.572621 0.389318 0.721482
vn -0.715720 0.248861 0.652543
vn -0.184671 0.595827 0.781592
vn -0.735153 0.385861 0.557370
vn -0.471278 0.605446 0.641352
vn -0.735748 0.430018 0.523220
vn -0.093775 0.779012 0.619957
vn -0.720409 0.562721 0.405409
vn -0.334266 0.808287 0.484704
vn -0.034462 0.849070 0.527154
vn -0.690108 0.670846 0.271508
vn -0.271575 0.893483 0.357681
vn -0.647848 0.750030 0.133220
vn -0.556324 0.803030 0.213648
vn 0.484978 0.129980 -0.864813
vn 0.676678 0.198496 -0.709018
vn 0.629066 0.300831 -0.716783
vn 0.774511 0.199802 -0.600177
vn 0.234537 0.433532 -0.870082
vn 0.764507 0.355405 -0.537788
vn 0.494083 0.512879 -0.702024
vn 0.755190 0.405516 -0.515018
vn 0.101132 0.632721 -0.767748
vn 0.708077 0.556996 -0.434030
vn 0.313986 0.723578 -0.614694
vn 0.021332 0.712149 -0.701704
vn 0.646499 0.686097 -0.333632
vn 0.224087 0.824528 -0.519557
vn 0.575636 0.786503 -0.223734
vn 0.492051 0.807699 -0.324821
vn 0.875140 -0.355912 0.327806
vn 0.688090 0.208588 -0.694999
vn 0.649963 0.185330 -0.737022
vn 0.886332 -0.255322 0.386299
vn -0.062591 -0.426218 0.902453
vn -0.026622 -0.323767 0.945762
vn -0.947688 0.085956 0.307407
vn -0.965371 0.064230 0.252852
vn -0.490849 0.450217 -0.745903
vn -0.509073 0.345143 -0.788493
vn 0.772006 -0.627213 0.103004
vn 0.697576 0.314300 -0.643897
vn 0.695036 0.281804 -0.661446
vn 0.813864 -0.557739 0.162953
vn -0.186409 -0.699071 0.690327
vn -0.159520 -0.630714 0.759442
vn -0.918067 0.193171 0.346177
vn -0.928974 0.160050 0.333752
vn -0.344705 0.816832 -0.462562
vn -0.393500 0.734997 -0.552211
vn 0.849691 -0.479033 0.220346
vn 0.686108 0.255085 -0.681313
vn -0.133188 -0.552720 0.822655
vn -0.939702 0.133197 0.314989
vn -0.438995 0.631518 -0.639115
vn 0.379290 0.248394 -0.891313
vn 0.933309 -0.196947 0.300245
vn -0.130363 -0.276694 0.952075
vn -0.987850 0.145899 -0.053526
vn -0.511875 0.323843 -0.795682
vn 0.786345 -0.617780 0.003008
vn 0.574620 0.487909 -0.657082
vn -0.282597 -0.697922 0.658061
vn -0.893524 0.377827 0.242614
vn -0.318028 0.852596 -0.414654
vn 0.477451 0.796718 0.370515
vn 0.506509 0.848476 0.153421
vn 0.371175 0.908903 0.190067
vn 0.367605 0.929890 0.013063
vn 0.187042 0.980373 0.062323
vn 0.106218 0.964271 0.242692
vn 0.168616 0.897239 0.408083
vn 0.307684 0.829580 0.465970
vn 0.207276 0.974187 0.089425
vn 0.135025 0.976082 0.170390
vn 0.141042 0.938390 0.315486
vn 0.188488 0.902322 0.387670
vn 0.311934 0.843065 0.438109
vn 0.460396 0.811008 0.360975
vn 0.517238 0.814539 0.262660
vn 0.458844 0.884957 0.079460
vn 0.359130 0.932560 0.036850
vn 0.623943 -0.337848 0.704666
vn 0.940796 0.306360 -0.145075
vn 0.871995 0.436904 -0.220768
vn 0.702701 -0.237218 0.670775
vn -0.353594 -0.582064 0.732238
vn -0.450939 -0.579146 0.679150
vn -0.980247 -0.141779 -0.137896
vn -0.943589 -0.098971 -0.315981
vn -0.136189 0.524264 -0.840595
vn -0.127364 0.523667 -0.842348
vn 0.615024 -0.113514 0.780295
vn 0.889685 0.305289 -0.339498
vn 0.856455 0.153693 -0.492812
vn 0.694078 -0.073096 0.716179
vn -0.417077 -0.370633 0.829867
vn -0.397784 -0.199293 0.895573
vn -0.985695 -0.109050 -0.128506
vn -0.994234 -0.026188 -0.103981
vn -0.199314 0.274796 -0.940617
vn -0.199386 0.168317 -0.965357
vn 0.832888 0.506767 -0.222454
vn 0.654079 -0.171193 0.736800
vn -0.507202 -0.586654 0.631335
vn -0.923557 -0.141203 -0.356516
vn -0.203689 0.457753 -0.865432
vn 0.713040 -0.028856 0.700530
vn 0.856643 0.006351 -0.515871
vn 0.871831 -0.104389 -0.478554
vn 0.672849 0.029397 0.739196
vn -0.388244 -0.055925 0.919858
vn -0.410144 0.089319 0.907636
vn -0.997951 0.016403 -0.061847
vn -0.992584 0.040596 -0.114581
vn -0.205311 0.036963 -0.977999
vn -0.164268 -0.102122 -0.981115
vn 0.610475 0.104989 0.785046
vn 0.876534 -0.123184 -0.465311
vn 0.557544 -0.169135 -0.812735
vn 0.729550 0.108126 0.675326
vn -0.353517 0.180189 0.917909
vn -0.447730 0.190712 0.873595
vn -0.983883 0.018092 -0.177896
vn -0.793172 -0.081072 -0.603578
vn -0.135532 -0.165554 -0.976844
vn -0.119010 -0.174672 -0.977408
vn 0.306273 -0.365303 0.879062
vn 0.054324 -0.375467 0.925242
vn 0.069711 -0.269102 0.960585
vn -0.089206 -0.400736 0.911841
vn 0.408427 0.013283 0.912695
vn -0.160728 -0.254633 0.953587
vn 0.101870 -0.021687 0.994561
vn -0.181861 -0.203652 0.962004
vn 0.377158 0.270654 0.885719
vn -0.242678 -0.036404 0.969424
vn 0.109205 0.266476 0.957635
vn 0.362928 0.393706 0.844559
vn -0.304133 0.125255 0.944359
vn 0.075453 0.419376 0.904672
vn -0.360890 0.271041 0.892354
vn -0.236775 0.308683 0.921223
vn 0.688634 0.644763 -0.331758
vn 0.835829 0.525430 -0.159104
vn 0.793023 0.602736 -0.088452
vn 0.903131 0.421689 -0.080823
vn 0.451514 0.883148 -0.127222
vn 0.879753 0.468880 0.078646
vn 0.661416 0.746669 0.070813
vn 0.865653 0.483281 0.130706
vn 0.299228 0.951383 0.073023
vn 0.801631 0.521375 0.292499
vn 0.467868 0.843152 0.264943
vn 0.206406 0.964653 0.163832
vn 0.718441 0.534077 0.445651
vn 0.358233 0.848957 0.388511
vn 0.623500 0.524181 0.580071
vn 0.568324 0.632446 0.526327
vn 0.464109 0.065821 -0.883329
vn 0.521884 0.042107 -0.851977
vn 0.642784 0.157681 -0.749644
vn 0.608978 -0.004437 -0.793175
vn 0.336526 0.463555 -0.819675
vn 0.817597 0.167120 -0.551004
vn 0.612633 0.430335 -0.662942
vn 0.830263 0.218891 -0.512592
vn 0.277975 0.676803 -0.681665
vn 0.837208 0.363394 -0.408689
vn 0.513218 0.671397 -0.534634
vn 0.230219 0.766429 -0.599654
vn 0.823798 0.488572 -0.287497
vn 0.463768 0.779958 -0.420220
vn 0.792589 0.588377 -0.160048
vn 0.717439 0.649962 -0.250661
vn 0.412021 -0.008897 0.911131
vn 0.287414 0.213991 0.933596
vn 0.381820 0.256456 0.887943
vn 0.183042 0.316532 0.930754
vn 0.725832 0.063573 0.684928
vn 0.256576 0.447977 0.856438
vn 0.573676 0.337391 0.746367
vn 0.281127 0.488048 0.826303
vn 0.855537 0.173997 0.487628
vn 0.355744 0.603799 0.713354
vn 0.739324 0.423369 0.523602
vn 0.902911 0.214006 0.372764
vn 0.409194 0.703972 0.580504
vn 0.788107 0.485492 0.378398
vn 0.440980 0.782720 0.439188
vn 0.550363 0.707414 0.443471
vn 0.307858 0.017722 -0.951267
vn -0.806113 0.010441 -0.591669
vn -0.809110 0.008769 -0.587591
vn 0.310746 0.020411 -0.950274
vn -0.811357 -0.006865 0.584511
vn -0.807745 -0.007236 0.589487
vn 0.311130 -0.010238 0.950312
vn 0.309944 -0.005360 0.950740
vn 0.999972 0.005048 -0.005544
vn 0.999931 0.011633 0.001383
vn -0.763578 0.171633 0.622488
vn 0.362624 -0.052875 0.930434
vn -0.008650 0.998087 0.061220
vn -0.764690 0.277542 -0.581566
vn 0.372093 0.105278 -0.922206
vn 0.996345 -0.081864 0.024385
vn -0.809965 0.116328 -0.574825
vn -0.799505 0.028461 0.599984
vn -0.773136 0.116048 0.623533
vn -0.772985 0.287799 -0.565391
vn 0.315071 0.076956 -0.945943
vn 0.354023 0.080864 -0.931734
vn 0.998247 -0.057380 0.014515
vn 0.977692 -0.207398 0.033242
vn 0.303134 -0.082501 0.949370
vn 0.333201 -0.185112 0.924505
vn -0.805298 0.029381 0.592142
vn 0.321172 -0.076975 0.943887
vn -0.796481 0.101846 -0.596025
vn 0.320789 0.035105 -0.946500
vn 0.997641 -0.068353 -0.006364
vn -0.819321 0.037850 0.572085
vn 0.291789 -0.046610 0.955346
vn -0.810375 0.067168 -0.582049
vn 0.287810 0.008598 -0.957649
vn 0.997673 -0.067748 -0.007608
vn -0.809749 0.000132 0.586777
vn 0.304997 -0.001577 0.952352
vn -0.810728 0.010413 -0.585330
vn 0.305735 0.015326 -0.951993
vn 0.999969 0.007841 0.001005
vn 0.318363 -0.159530 0.934449
vn -0.786511 0.124583 0.604880
vn -0.779044 0.262327 -0.569451
vn 0.332152 0.047859 -0.942011
vn 0.978698 -0.204618 0.016807
vn -0.493853 0.450493 0.743751
vn -0.646449 0.526402 0.552272
vn -0.572949 0.612103 0.545032
vn -0.731476 0.526613 0.433153
vn -0.169916 0.672748 0.720096
vn -0.673808 0.655142 0.341719
vn -0.383520 0.773130 0.505156
vn -0.649197 0.694350 0.310519
vn 0.021080 0.801313 0.597874
vn -0.555733 0.805169 0.207033
vn -0.145757 0.904192 0.401486
vn 0.124629 0.839827 0.528354
vn -0.453181 0.886721 0.091401
vn -0.024334 0.953407 0.300705
vn -0.349010 0.936753 -0.026175
vn -0.270765 0.959415 0.078797
vn 0.173663 -0.974119 -0.144686
vn 0.287761 -0.954010 0.084013
vn 0.377977 -0.925555 0.021924
vn 0.314749 -0.922288 0.224317
vn 0.420581 -0.811969 -0.404745
vn 0.468602 -0.854972 0.222342
vn 0.559470 -0.820488 -0.117443
vn 0.517091 -0.827583 0.218457
vn 0.594858 -0.637625 -0.489468
vn 0.660600 -0.723937 0.198803
vn 0.734864 -0.630448 -0.250020
vn 0.660523 -0.532195 -0.529602
vn 0.780463 -0.597710 0.183361
vn 0.821252 -0.494042 -0.285426
vn 0.870954 -0.460395 0.171682
vn 0.869256 -0.492509 0.042754
vn 0.067919 0.988131 0.137785
vn 0.278190 0.958443 0.063234
vn 0.194667 0.978848 -0.062936
vn 0.348948 0.927240 -0.135876
vn 0.231178 0.928733 -0.289849
vn 0.034979 0.957378 -0.286712
vn -0.090646 0.984807 -0.148117
vn -0.087862 0.995994 0.016610
vn 0.216298 0.940721 -0.261265
vn 0.112998 0.949282 -0.293419
vn -0.016094 0.975041 -0.221439
vn -0.062704 0.987980 -0.141289
vn -0.059262 0.998234 0.004232
vn 0.070868 0.990959 0.113922
vn 0.182827 0.975154 0.125095
vn 0.326299 0.945097 -0.017888
vn 0.325068 0.935868 -0.135952
vn -0.553420 -0.043387 0.831772
vn 0.542654 0.311796 0.779943
vn 0.551484 0.313372 0.773087
vn -0.570948 0.011605 0.820904
vn -0.915943 -0.330484 -0.227660
vn -0.922132 -0.296951 -0.247975
vn -0.028976 -0.169519 -0.985101
vn -0.007268 -0.190677 -0.981626
vn 0.904492 0.229060 -0.359757
vn 0.917624 0.172995 -0.357824
vn -0.577760 0.061492 0.813887
vn 0.606658 0.285539 0.741912
vn 0.593372 0.215883 0.775438
vn -0.606524 0.064586 0.792438
vn -0.931637 -0.235957 -0.276365
vn -0.951471 -0.167608 -0.258089
vn 0.027950 -0.172805 -0.984560
vn 0.021580 -0.170926 -0.985048
vn 0.924533 0.121132 -0.361339
vn 0.942276 0.063097 -0.328838
vn -0.414591 -0.351563 0.839356
vn 0.497321 0.412253 0.763360
vn 0.533063 0.358998 0.766136
vn -0.462811 -0.258593 0.847901
vn -0.767324 -0.612062 -0.191296
vn -0.824702 -0.525506 -0.209069
vn -0.104182 -0.032016 -0.994043
vn -0.069635 -0.085423 -0.993908
vn 0.678446 0.622702 -0.389812
vn 0.787663 0.476819 -0.390167
vn -0.518230 -0.151235 0.841764
vn 0.541474 0.331968 0.772401
vn -0.881193 -0.419298 -0.218375
vn -0.062189 -0.113997 -0.991533
vn 0.855817 0.349782 -0.381091
vn 0.627157 0.179245 0.757987
vn -0.654987 0.087406 0.750568
vn -0.961122 -0.114330 -0.251344
vn 0.072043 -0.163185 -0.983962
vn 0.952710 0.002568 -0.303869
vn -0.332186 -0.336256 0.881240
vn 0.552573 0.542133 0.633052
vn -0.727593 -0.628649 -0.274607
vn -0.003214 0.131113 -0.991362
vn 0.619102 0.684374 -0.385155
vn 0.905172 0.092616 0.414831
vn -0.564376 0.139980 0.813564
vn -0.951770 -0.059440 -0.301000
vn 0.479772 -0.139481 -0.866236
vn 0.962801 -0.025198 -0.269035
vn -0.861753 -0.033504 0.506221
vn -0.961912 -0.040453 0.270348
vn -0.957496 0.072246 0.279252
vn -0.988476 -0.076041 0.130897
vn -0.750707 0.339159 0.566931
vn -0.996092 0.071750 0.051499
vn -0.903459 0.318042 0.287423
vn -0.992247 0.121454 0.026377
vn -0.650888 0.570661 0.500690
vn -0.959146 0.278185 -0.051503
vn -0.776361 0.577150 0.253300
vn -0.576905 0.671913 0.464450
vn -0.897955 0.418741 -0.135399
vn -0.686215 0.701531 0.192257
vn -0.815906 0.535577 -0.217839
vn -0.803886 0.586999 -0.095912
vn 0.659305 0.530589 0.532722
vn 0.493707 0.483690 0.722701
vn 0.443755 0.577905 0.684914
vn 0.403004 0.415754 0.815313
vn 0.494938 0.811293 0.311191
vn 0.265655 0.512388 0.816631
vn 0.313971 0.759965 0.569101
vn 0.219105 0.542659 0.810872
vn 0.298835 0.934814 0.191888
vn 0.067977 0.629442 0.774068
vn 0.123588 0.905903 0.405050
vn 0.199177 0.972987 0.116723
vn -0.087364 0.688465 0.719989
vn -0.012315 0.947171 0.320492
vn -0.235102 0.719345 0.653659
vn -0.163008 0.800377 0.576910
vn 0.897133 0.344495 0.276543
vn 0.789384 0.343003 0.509138
vn 0.755201 0.446754 0.479670
vn 0.716582 0.301324 0.629058
vn 0.748528 0.657080 0.089173
vn 0.614002 0.430224 0.661747
vn 0.645731 0.655624 0.391394
vn 0.576783 0.471483 0.667102
vn 0.562459 0.826550 0.021340
vn 0.447733 0.594241 0.668141
vn 0.457127 0.845046 0.277366
vn 0.457527 0.888844 -0.025008
vn 0.302834 0.691192 0.656159
vn 0.316717 0.919663 0.232187
vn 0.154387 0.758935 0.632600
vn 0.217955 0.818155 0.532088
vn 0.630117 0.458550 -0.626646
vn 0.705178 0.577005 -0.412054
vn 0.621919 0.649014 -0.438176
vn 0.748999 0.602884 -0.274830
vn 0.287054 0.622711 -0.727895
vn 0.649127 0.727385 -0.222588
vn 0.409104 0.777867 -0.477030
vn 0.611038 0.764457 -0.205520
vn 0.052140 0.727050 -0.684602
vn 0.476193 0.866520 -0.149612
vn 0.135419 0.874865 -0.465051
vn -0.071926 0.753335 -0.653692
vn 0.333102 0.939430 -0.080712
vn -0.016490 0.911437 -0.411110
vn 0.192225 0.981332 -0.006025
vn 0.147343 0.980361 -0.131079
vn -0.816559 -0.079236 0.571798
vn -0.902932 0.105617 0.416604
vn -0.853170 0.173982 0.491764
vn -0.937069 0.183140 0.297257
vn -0.565075 0.094657 0.819591
vn -0.881015 0.337761 0.331256
vn -0.703754 0.316131 0.636232
vn -0.856371 0.386624 0.342275
vn -0.377264 0.261837 0.888321
vn -0.759577 0.532998 0.372769
vn -0.480852 0.471618 0.739160
vn -0.267218 0.329932 0.905395
vn -0.643563 0.663378 0.381780
vn -0.345797 0.566510 0.747991
vn -0.518263 0.770074 0.372007
vn -0.490346 0.719582 0.491693
vn -0.589040 0.310456 -0.746089
vn -0.365777 0.386045 -0.846863
vn -0.385866 0.480330 -0.787649
vn -0.227009 0.387846 -0.893332
vn -0.676096 0.571657 -0.464868
vn -0.164733 0.530927 -0.831252
vn -0.413822 0.666350 -0.620265
vn -0.144667 0.575759 -0.804719
vn -0.624098 0.734052 -0.267713
vn -0.080478 0.706908 -0.702712
vn -0.393550 0.835037 -0.384489
vn -0.590932 0.791622 -0.155353
vn -0.005657 0.811472 -0.584364
vn -0.336545 0.908475 -0.247812
vn 0.072432 0.885302 -0.459341
vn -0.052209 0.906681 -0.418574
vn 0.285077 0.790100 0.542654
vn 0.057366 0.753749 0.654654
vn 0.020271 0.820551 0.571214
vn -0.057659 0.691365 0.720201
vn 0.210239 0.958066 0.194700
vn -0.190081 0.749132 0.634564
vn -0.061417 0.930878 0.360130
vn -0.231880 0.764830 0.601055
vn 0.077699 0.996627 -0.026414
vn -0.358143 0.800480 0.480589
vn -0.170984 0.980625 0.095600
vn 0.019559 0.989520 -0.143067
vn -0.477337 0.804758 0.352866
vn -0.257257 0.965315 -0.044563
vn -0.581246 0.781419 0.227017
vn -0.491277 0.855563 0.163278
vn -0.982140 -0.069154 -0.174981
vn -0.937239 0.136935 -0.320674
vn -0.955266 0.193014 -0.224082
vn -0.878889 0.228684 -0.418637
vn -0.978589 0.057469 0.197637
vn -0.864639 0.373927 -0.335526
vn -0.951702 0.307024 0.000397
vn -0.855384 0.419229 -0.304246
vn -0.894866 0.200797 0.398617
vn -0.809524 0.553288 -0.196326
vn -0.866779 0.432407 0.248434
vn -0.829185 0.257520 0.496121
vn -0.734701 0.672087 -0.092267
vn -0.777811 0.514469 0.361015
vn -0.639800 0.768539 0.001927
vn -0.703156 0.704066 0.099314
vn 0.876818 0.239730 -0.416797
vn 0.970165 0.129065 -0.205234
vn 0.958966 0.232885 -0.161704
vn 0.994750 0.034362 -0.096398
vn 0.744507 0.593407 -0.305904
vn 0.990733 0.129102 0.042211
vn 0.889907 0.452279 -0.059237
vn 0.983036 0.161425 0.087072
vn 0.628457 0.763920 -0.146518
vn 0.937885 0.263084 0.226185
vn 0.745871 0.660922 0.082815
vn 0.547233 0.833874 -0.072037
vn 0.865544 0.346455 0.361666
vn 0.646340 0.739270 0.189007
vn 0.773924 0.408591 0.483834
vn 0.762337 0.509862 0.398601
vn 0.231347 0.520030 0.822221
vn -0.021954 0.558928 0.828925
vn 0.002940 0.647028 0.762461
vn -0.166684 0.537262 0.826780
vn 0.370742 0.755866 0.539645
vn -0.224297 0.654891 0.721671
vn 0.059176 0.811964 0.580700
vn -0.240355 0.690733 0.681995
vn 0.367412 0.877229 0.308994
vn -0.283758 0.791324 0.541560
vn 0.097808 0.941226 0.323306
vn 0.367671 0.911750 0.183111
vn -0.327072 0.861831 0.387649
vn 0.082225 0.983006 0.164131
vn -0.366293 0.901016 0.232378
vn -0.240205 0.942888 0.230789
vn -0.982692 0.149982 -0.108726
vn -0.905854 0.287999 -0.310622
vn -0.898447 0.371278 -0.234404
vn -0.838503 0.330052 -0.433565
vn -0.905633 0.368918 0.209111
vn -0.779798 0.483307 -0.397906
vn -0.841442 0.537624 -0.054177
vn -0.756239 0.531306 -0.381859
vn -0.766978 0.534438 0.355135
vn -0.666973 0.672663 -0.320423
vn -0.700614 0.699263 0.142026
vn -0.678703 0.596219 0.428818
vn -0.553992 0.791124 -0.259260
vn -0.582003 0.782388 0.221678
vn -0.428264 0.880867 -0.201652
vn -0.493841 0.865173 -0.087163
vn -0.594879 0.669064 -0.445503
vn -0.395187 0.824566 -0.404868
vn -0.445504 0.841722 -0.305008
vn -0.259511 0.879172 -0.399639
vn -0.773148 0.626736 -0.097184
vn -0.245074 0.938506 -0.243199
vn -0.537428 0.840350 -0.070591
vn -0.240556 0.952014 -0.189212
vn -0.784178 0.599077 0.161776
vn -0.223926 0.974515 -0.013308
vn -0.583479 0.784287 0.210821
vn -0.777197 0.560382 0.286246
vn -0.190847 0.968790 0.158189
vn -0.560017 0.741849 0.368838
vn -0.146476 0.938068 0.313963
vn -0.274775 0.905135 0.324391
s 1
g Duoduod_ShrubFlower
usemtl Maya_Lambert1SG2
f 2/723/1 1/724/2 21/725/3 22/726/4
f 3/731/5 2/723/1 22/726/4 23/732/6
f 4/744/7 3/749/5 23/750/6 24/745/8
f 5/743/9 4/744/7 24/745/8 25/746/10
f 1/1/2 5/2/9 25/3/10 21/4/3
f 12/737/11 11/738/12 31/734/13 32/733/14
f 13/742/15 12/737/11 32/733/14 33/739/16
f 14/758/17 13/762/15 33/759/16 34/754/18
f 15/757/19 14/758/17 34/754/18 35/753/20
f 11/11/12 15/12/19 35/10/20 31/9/13
f 17/727/21 16/728/22 1/724/2 2/723/1
f 18/735/23 17/727/21 2/723/1 3/731/5
f 19/748/24 18/755/23 3/749/5 4/744/7
f 20/747/25 19/748/24 4/744/7 5/743/9
f 16/5/22 20/6/25 5/2/9 1/1/2
f 22/726/4 21/725/3 6/729/26 7/730/27
f 23/732/6 22/726/4 7/730/27 8/736/28
f 24/745/8 23/750/6 8/756/28 9/751/29
f 25/746/10 24/745/8 9/751/29 10/752/30
f 21/4/3 25/3/10 10/7/30 6/8/26
f 27/740/31 26/741/32 11/738/12 12/737/11
f 28/1030/33 27/1031/31 12/1032/11 13/1033/15
f 29/761/34 28/763/33 13/762/15 14/758/17
f 30/760/35 29/761/34 14/758/17 15/757/19
f 26/13/32 30/14/35 15/12/19 11/11/12
f 32/733/14 31/734/13 16/728/22 17/727/21
f 33/739/16 32/733/14 17/727/21 18/735/23
f 34/754/18 33/759/16 18/755/23 19/748/24
f 35/753/20 34/754/18 19/748/24 20/747/25
f 31/9/13 35/10/20 20/6/25 16/5/22
s 3
f 36/356/36 37/357/37 39/358/38
f 37/357/37 38/359/39 39/358/38
f 36/356/36 39/358/38 40/360/40
f 39/358/38 38/359/39 41/361/41
f 40/360/40 39/358/38 42/362/42
f 39/358/38 41/361/41 43/363/43 42/362/42
f 40/360/40 42/362/42 44/364/44
f 42/362/42 43/363/43 45/365/45
f 44/364/44 42/362/42 47/366/46 46/367/47
f 42/362/42 45/365/45 48/368/48 47/366/46
f 46/367/47 47/366/46 49/369/49
f 47/366/46 48/368/48 51/370/50
f 47/366/46 51/370/50 50/371/51
f 49/369/49 47/366/46 50/371/51
s 4
f 52/382/52 53/379/53 55/372/54
f 53/379/53 54/376/55 55/372/54
f 52/382/52 55/372/54 56/378/56
f 55/372/54 54/376/55 57/373/57
f 56/378/56 55/372/54 58/375/58
f 55/372/54 57/373/57 59/374/59 58/375/58
f 56/378/56 58/375/58 60/383/60
f 58/375/58 59/374/59 61/377/61
f 60/383/60 58/375/58 63/381/62 62/385/63
f 58/375/58 61/377/61 64/380/64 63/381/62
f 62/385/63 63/381/62 65/387/65
f 63/381/62 64/380/64 67/384/66
f 63/381/62 67/384/66 66/386/67
f 65/387/65 63/381/62 66/386/67
s 5
f 82/388/68 83/389/69 72/390/70
f 72/390/70 83/389/69 84/393/71
f 72/390/70 78/398/72 79/402/73
f 80/399/74 81/394/75 72/390/70
f 79/402/73 80/399/74 72/390/70
f 72/390/70 84/393/71 78/398/72
f 81/394/75 82/388/68 72/390/70
f 79/402/73 78/398/72 76/401/76 75/404/77
f 74/403/78 79/402/73 75/404/77
f 71/400/79 80/399/74 79/402/73 74/403/78
f 77/396/80 81/394/75 80/399/74 71/400/79
f 68/391/81 82/388/68 81/394/75 77/396/80
f 68/391/81 69/392/82 83/389/69 82/388/68
f 69/392/82 70/395/83 83/389/69
f 84/393/71 83/389/69 70/395/83 73/397/84
f 78/398/72 84/393/71 73/397/84 76/401/76
s 7
f 85/764/85 86/765/86 88/766/87
f 86/765/86 87/767/88 88/766/87
f 85/764/85 88/766/87 89/768/89
f 88/766/87 87/767/88 90/769/90
f 89/19/89 88/21/87 91/16/91
f 88/413/87 90/414/90 92/411/92 91/408/91
f 89/19/89 91/16/91 93/15/93
f 91/408/91 92/411/92 94/409/94
f 93/15/93 91/16/91 96/17/95 95/18/96
f 91/408/91 94/409/94 97/406/97 96/405/95
f 95/18/96 96/17/95 98/20/98
f 96/405/95 97/406/97 100/407/99
f 96/405/95 100/407/99 99/410/100
f 98/412/98 96/405/95 99/410/100
s 8
f 101/773/101 102/777/102 104/771/103
f 102/777/102 103/778/104 104/771/103
f 101/773/101 104/771/103 105/770/105
f 104/771/103 103/778/104 106/774/106
f 105/770/105 104/771/103 107/772/107
f 104/771/103 106/774/106 108/775/108 107/772/107
f 105/770/105 107/772/107 109/776/109
f 107/772/107 108/775/108 110/779/110
f 109/776/109 107/772/107 112/780/111 111/781/112
f 107/772/107 110/779/110 113/782/113 112/780/111
f 111/781/112 112/780/111 114/783/114
f 112/780/111 113/782/113 116/784/115
f 112/780/111 116/784/115 115/785/116
f 114/783/114 112/780/111 115/785/116
s 9
f 117/786/117 118/787/118 120/788/119
f 118/787/118 119/789/120 120/788/119
f 117/786/117 120/788/119 121/790/121
f 120/788/119 119/789/120 122/791/122
f 121/790/121 120/788/119 123/792/123
f 120/788/119 122/791/122 124/793/124 123/792/123
f 121/790/121 123/792/123 125/794/125
f 123/792/123 124/793/124 126/795/126
f 125/794/125 123/792/123 128/796/127 127/797/128
f 123/792/123 126/795/126 129/798/129 128/796/127
f 127/797/128 128/796/127 130/799/130
f 128/796/127 129/798/129 132/800/131
f 128/796/127 132/800/131 131/801/132
f 130/799/130 128/796/127 131/801/132
s 10
f 134/22/133 133/23/134 153/24/135 154/25/136
f 135/802/137 134/803/133 154/804/136 155/805/138
f 136/48/139 135/47/137 155/50/138 156/51/140
f 137/52/141 136/48/139 156/51/140 157/55/142
f 133/816/134 137/817/141 157/818/142 153/819/135
f 144/32/143 143/33/144 163/31/145 164/30/146
f 145/812/147 144/813/143 164/811/146 165/810/148
f 146/36/149 145/37/147 165/38/148 166/39/150
f 147/44/151 146/36/149 166/39/150 167/45/152
f 143/826/144 147/827/151 167/825/152 163/824/145
f 149/26/153 148/27/154 133/23/134 134/22/133
f 150/806/155 149/807/153 134/803/133 135/802/137
f 151/43/156 150/42/155 135/47/137 136/48/139
f 152/49/157 151/43/156 136/48/139 137/52/141
f 148/820/154 152/821/157 137/817/141 133/816/134
f 154/25/136 153/24/135 138/28/158 139/29/159
f 155/805/138 154/804/136 139/808/159 140/809/160
f 156/51/140 155/50/138 140/53/160 141/54/161
f 157/55/142 156/51/140 141/54/161 142/56/162
f 153/819/135 157/818/142 142/822/162 138/823/158
f 159/34/163 158/35/164 143/33/144 144/32/143
f 160/814/165 159/815/163 144/813/143 145/812/147
f 161/40/166 160/41/165 145/37/147 146/36/149
f 162/46/167 161/40/166 146/36/149 147/44/151
f 158/828/164 162/829/167 147/827/151 143/826/144
f 164/30/146 163/31/145 148/27/154 149/26/153
f 165/810/148 164/811/146 149/807/153 150/806/155
f 166/39/150 165/38/148 150/42/155 151/43/156
f 167/45/152 166/39/150 151/43/156 152/49/157
f 163/824/145 167/825/152 152/821/157 148/820/154
s 12
f 168/419/168 169/415/169 171/417/170
f 169/415/169 170/416/171 171/417/170
f 168/419/168 171/417/170 172/422/172
f 171/417/170 170/416/171 173/418/173
f 172/422/172 171/417/170 174/421/174
f 171/417/170 173/418/173 175/420/175 174/421/174
f 172/422/172 174/421/174 176/426/176
f 174/421/174 175/420/175 177/423/177
f 176/426/176 174/421/174 179/425/178 178/428/179
f 174/421/174 177/423/177 180/424/180 179/425/178
f 178/428/179 179/425/178 181/430/181
f 179/425/178 180/424/180 183/427/182
f 179/425/178 183/427/182 182/429/183
f 181/430/181 179/425/178 182/429/183
s 13
f 184/446/184 185/445/185 187/439/186
f 185/445/185 186/444/187 187/439/186
f 184/830/184 187/831/186 188/832/188
f 187/439/186 186/444/187 189/440/189
f 188/442/188 187/439/186 190/431/190
f 187/439/186 189/440/189 191/435/191 190/431/190
f 188/442/188 190/431/190 192/437/192
f 190/431/190 191/435/191 193/432/193
f 192/437/192 190/431/190 195/434/194 194/438/195
f 190/431/190 193/432/193 196/433/196 195/434/194
f 194/438/195 195/434/194 197/443/197
f 195/434/194 196/433/196 199/436/198
f 195/434/194 199/436/198 198/441/199
f 197/443/197 195/434/194 198/441/199
s 14
f 200/452/200 201/454/201 204/448/202
f 201/454/201 202/455/203 204/448/202
f 206/447/204 204/448/202 207/449/205
f 204/448/202 208/451/206 207/449/205
f 203/450/207 204/448/202 206/447/204
f 200/452/200 204/448/202 203/450/207
f 204/448/202 202/455/203 205/453/208
f 204/448/202 205/453/208 208/451/206
s 16
f 209/456/209 210/457/210 212/458/211
f 210/457/210 211/459/212 212/458/211
f 209/456/209 212/458/211 213/460/213
f 212/458/211 211/459/212 214/461/214
f 213/460/213 212/458/211 215/462/215
f 212/458/211 214/461/214 216/463/216 215/462/215
f 213/460/213 215/462/215 217/464/217
f 215/462/215 216/463/216 218/465/218
f 217/464/217 215/462/215 220/466/219 219/467/220
f 215/462/215 218/465/218 221/468/221 220/466/219
f 219/467/220 220/466/219 222/469/222
f 220/1040/219 221/1041/221 224/1042/223
f 220/1040/219 224/1042/223 223/1043/224
f 222/469/222 220/466/219 223/470/224
s 17
f 225/1044/225 226/1045/226 228/1046/227
f 226/485/226 227/484/228 228/479/227
f 225/1044/225 228/1046/227 229/1047/229
f 228/479/227 227/484/228 230/480/230
f 229/482/229 228/479/227 231/471/231
f 228/479/227 230/480/230 232/475/232 231/471/231
f 229/482/229 231/471/231 233/477/233
f 231/471/231 232/475/232 234/472/234
f 233/477/233 231/471/231 236/474/235 235/478/236
f 231/471/231 234/472/234 237/473/237 236/474/235
f 235/478/236 236/474/235 238/483/238
f 236/474/235 237/473/237 240/476/239
f 236/474/235 240/476/239 239/481/240
f 238/483/238 236/474/235 239/481/240
s 18
f 255/498/241 256/493/242 245/486/243
f 245/486/243 256/493/242 257/489/244
f 245/486/243 251/487/245 252/488/246
f 253/492/247 254/497/248 245/486/243
f 252/488/246 253/492/247 245/486/243
f 245/486/243 257/489/244 251/487/245
f 254/497/248 255/498/241 245/486/243
f 252/488/246 251/487/245 249/490/249 248/491/250
f 247/495/251 252/488/246 248/491/250
f 244/496/252 253/492/247 252/488/246 247/495/251
f 250/500/253 254/497/248 253/492/247 244/496/252
f 241/501/254 255/498/241 254/497/248 250/500/253
f 241/501/254 242/502/255 256/493/242 255/498/241
f 242/502/255 243/499/256 256/493/242
f 257/489/244 256/493/242 243/499/256 246/494/257
f 251/487/245 257/489/244 246/494/257 249/490/249
s 20
f 258/833/258 259/834/259 261/835/260
f 259/834/259 260/836/261 261/835/260
f 258/833/258 261/835/260 262/837/262
f 261/835/260 260/836/261 263/838/263
f 262/509/262 261/513/260 264/507/264
f 261/835/260 263/838/263 265/839/265 264/840/264
f 262/509/262 264/507/264 266/506/266
f 264/507/264 265/514/265 267/510/267
f 266/506/266 264/507/264 269/504/268 268/503/269
f 264/507/264 267/510/267 270/511/270 269/504/268
f 268/503/269 269/504/268 271/505/271
f 269/504/268 270/511/270 273/512/272
f 269/504/268 273/512/272 272/508/273
f 271/505/271 269/504/268 272/508/273
s 21
f 274/841/274 275/842/275 277/843/276
f 275/842/275 276/844/277 277/843/276
f 274/841/274 277/843/276 278/845/278
f 277/843/276 276/844/277 279/846/279
f 278/845/278 277/843/276 280/847/280
f 277/843/276 279/846/279 281/848/281 280/847/280
f 278/845/278 280/847/280 282/849/282
f 280/521/280 281/524/281 283/523/283
f 282/520/282 280/521/280 285/516/284 284/518/285
f 280/521/280 283/523/283 286/522/286 285/516/284
f 284/518/285 285/516/284 287/515/287
f 285/516/284 286/522/286 289/519/288
f 285/516/284 289/519/288 288/517/289
f 287/515/287 285/516/284 288/517/289
s 22
f 291/57/290 290/58/291 310/59/292 311/60/293
f 292/65/294 291/57/290 311/60/293 312/66/295
f 293/75/296 292/80/294 312/81/295 313/76/297
f 294/74/298 293/75/296 313/76/297 314/77/299
f 290/850/291 294/851/298 314/852/299 310/853/292
f 301/70/300 300/71/301 320/68/302 321/67/303
f 302/528/304 301/527/300 321/529/303 322/530/305
f 303/89/306 302/93/304 322/90/305 323/85/307
f 304/88/308 303/89/306 323/85/307 324/84/309
f 300/860/301 304/861/308 324/859/309 320/858/302
f 306/61/310 305/62/311 290/58/291 291/57/290
f 307/532/312 306/531/310 291/533/290 292/534/294
f 308/79/313 307/86/312 292/80/294 293/75/296
f 309/78/314 308/79/313 293/75/296 294/74/298
f 305/854/311 309/855/314 294/851/298 290/850/291
f 311/60/293 310/59/292 295/63/315 296/64/316
f 312/66/295 311/60/293 296/64/316 297/69/317
f 313/76/297 312/81/295 297/87/317 298/82/318
f 314/77/299 313/76/297 298/82/318 299/83/319
f 310/853/292 314/852/299 299/856/319 295/857/315
f 316/72/320 315/73/321 300/71/301 301/70/300
f 317/525/322 316/526/320 301/527/300 302/528/304
f 318/92/323 317/94/322 302/93/304 303/89/306
f 319/91/324 318/92/323 303/89/306 304/88/308
f 315/862/321 319/863/324 304/861/308 300/860/301
f 321/67/303 320/68/302 305/62/311 306/61/310
f 322/530/305 321/529/303 306/531/310 307/532/312
f 323/85/307 322/90/305 307/86/312 308/79/313
f 324/84/309 323/85/307 308/79/313 309/78/314
f 320/858/302 324/859/309 309/855/314 305/854/311
s 24
f 339/547/325 340/542/326 329/535/327
f 329/535/327 340/542/326 341/538/328
f 329/535/327 335/536/329 336/537/330
f 337/541/331 338/546/332 329/535/327
f 336/537/330 337/541/331 329/535/327
f 329/535/327 341/538/328 335/536/329
f 338/546/332 339/547/325 329/535/327
f 336/537/330 335/536/329 333/539/333 332/540/334
f 331/544/335 336/537/330 332/540/334
f 328/545/336 337/541/331 336/537/330 331/544/335
f 334/549/337 338/546/332 337/541/331 328/545/336
f 325/550/338 339/547/325 338/546/332 334/549/337
f 325/550/338 326/551/339 340/542/326 339/547/325
f 326/551/339 327/548/340 340/542/326
f 341/538/328 340/542/326 327/548/340 330/543/341
f 335/536/329 341/538/328 330/543/341 333/539/333
s 26
f 348/95/342 347/96/343 357/97/344 358/98/345
f 349/876/346 348/877/342 358/873/345 359/872/347
f 350/113/348 349/114/346 359/115/347 360/116/349
f 351/119/350 350/113/348 360/116/349 361/120/351
f 347/894/343 351/895/350 361/891/351 357/890/344
f 353/102/352 352/101/353 439/103/354 440/104/355
f 354/864/356 353/865/352 440/866/355 436/867/357
f 355/122/358 354/121/356 436/124/357 437/125/359
f 356/126/360 355/122/358 437/125/359 438/129/361
f 352/882/353 356/883/360 438/884/361 439/885/354
f 358/98/345 357/97/344 443/99/362 444/100/363
f 359/872/347 358/873/345 444/869/363 445/868/364
f 360/116/349 359/115/347 445/117/364 441/118/365
f 361/120/351 360/116/349 441/118/365 442/123/366
f 357/890/344 361/891/351 442/887/366 443/886/362
f 363/106/367 362/105/368 450/107/369 446/108/370
f 364/871/371 363/870/367 446/874/370 447/875/372
f 365/128/373 364/127/371 447/130/372 448/131/374
f 366/132/375 365/128/373 448/131/374 449/135/376
f 362/889/368 366/888/375 449/892/376 450/893/369
f 368/110/377 367/109/378 345/111/379 344/112/380
f 369/879/381 368/878/377 344/880/380 343/881/382
f 370/134/383 369/133/381 343/136/382 342/137/384
f 371/138/385 370/134/383 342/137/384 346/139/386
f 367/897/378 371/896/385 346/898/386 345/899/379
s 28
f 372/900/387 373/901/388 375/902/389
f 373/901/388 374/903/390 375/902/389
f 372/900/387 375/902/389 376/904/391
f 375/902/389 374/903/390 377/905/392
f 376/904/391 375/902/389 378/906/393
f 375/902/389 377/905/392 379/907/394 378/906/393
f 376/904/391 378/906/393 380/908/395
f 378/906/393 379/907/394 381/909/396
f 380/908/395 378/906/393 383/910/397 382/911/398
f 378/906/393 381/909/396 384/912/399 383/910/397
f 382/911/398 383/910/397 385/913/400
f 383/910/397 384/912/399 387/914/401
f 383/910/397 387/914/401 386/915/402
f 385/913/400 383/910/397 386/915/402
s 29
f 388/144/403 389/140/404 391/142/405
f 389/140/404 390/141/406 391/142/405
f 388/144/403 391/142/405 392/147/407
f 391/142/405 390/141/406 393/143/408
f 392/552/407 391/553/405 394/554/409
f 391/142/405 393/143/408 395/145/410 394/146/409
f 392/552/407 394/554/409 396/555/411
f 394/146/409 395/145/410 397/148/412
f 396/555/411 394/554/409 399/556/413 398/557/414
f 394/146/409 397/148/412 400/149/415 399/150/413
f 398/557/414 399/556/413 401/558/416
f 399/150/413 400/149/415 403/151/417
f 399/150/413 403/151/417 402/152/418
f 401/558/416 399/556/413 402/559/418
s 30
f 404/916/419 405/917/420 407/918/421
f 405/162/420 406/160/422 407/156/421
f 404/916/419 407/918/421 408/919/423
f 407/156/421 406/160/422 409/157/424
f 408/919/423 407/918/421 410/920/425
f 407/156/421 409/157/424 411/154/426 410/153/425
f 408/565/423 410/564/425 412/563/427
f 410/153/425 411/154/426 413/155/428
f 412/563/427 410/564/425 415/561/429 414/560/430
f 410/153/425 413/155/428 416/158/431 415/159/429
f 414/560/430 415/561/429 417/562/432
f 415/159/429 416/158/431 419/161/433
f 415/159/429 419/161/433 418/163/434
f 417/164/432 415/159/429 418/163/434
s 31
f 420/921/435 421/922/436 423/923/437
f 421/922/436 422/924/438 423/923/437
f 420/921/435 423/923/437 424/925/439
f 423/923/437 422/924/438 425/926/440
f 424/169/439 423/171/437 426/166/441
f 423/923/437 425/926/440 427/927/442 426/928/441
f 424/169/439 426/166/441 428/165/443
f 426/569/441 427/572/442 429/570/444
f 428/165/443 426/166/441 431/167/445 430/168/446
f 426/569/441 429/570/444 432/567/447 431/566/445
f 430/168/446 431/167/445 433/170/448
f 431/566/445 432/567/447 435/568/449
f 431/566/445 435/568/449 434/571/450
f 433/170/448 431/167/445 434/172/450
s 26
f 437/125/359 436/124/357 364/127/371 365/128/373
f 438/129/361 437/125/359 365/128/373 366/132/375
f 439/885/354 438/884/361 366/888/375 362/889/368
f 440/104/355 439/103/354 362/105/368 363/106/367
f 436/867/357 440/866/355 363/870/367 364/871/371
f 442/123/366 441/118/365 355/122/358 356/126/360
f 443/886/362 442/887/366 356/883/360 352/882/353
f 444/100/363 443/99/362 352/101/353 353/102/352
f 445/868/364 444/869/363 353/865/352 354/864/356
f 441/118/365 445/117/364 354/121/356 355/122/358
f 447/875/372 446/874/370 368/878/377 369/879/381
f 448/131/374 447/130/372 369/133/381 370/134/383
f 449/135/376 448/131/374 370/134/383 371/138/385
f 450/893/369 449/892/376 371/896/385 367/897/378
f 446/108/370 450/107/369 367/109/378 368/110/377
s 32
f 451/929/451 452/930/452 483/931/453 484/932/454
f 452/173/452 453/174/455 482/175/456 483/176/453
f 453/957/455 454/958/457 481/959/458 482/960/456
f 454/958/457 455/961/459 485/962/460 481/959/458
f 455/935/459 451/929/451 484/932/454 485/936/460
f 457/982/461 456/981/462 491/984/463
f 458/190/464 457/189/461 491/191/463
f 459/953/465 458/952/464 491/955/463
f 460/1034/466 459/1035/465 491/1036/463
f 456/981/462 460/983/466 491/984/463
f 462/184/467 461/183/468 487/185/469 488/186/470
f 463/944/471 462/943/467 488/946/470 489/947/472
f 464/948/473 463/944/471 489/947/472 490/951/474
f 465/972/475 464/974/473 490/977/474 486/975/476
f 461/973/468 465/972/475 486/975/476 487/976/469
f 467/970/477 466/969/478 465/972/475 461/973/468
f 468/182/479 467/181/477 461/183/468 462/184/467
f 469/941/480 468/940/479 462/943/467 463/944/471
f 470/945/481 469/941/480 463/944/471 464/948/473
f 466/969/478 470/971/481 464/974/473 465/972/475
f 472/967/482 471/966/483 466/969/478 467/970/477
f 473/180/484 472/179/482 467/181/477 468/182/479
f 474/938/485 473/937/484 468/940/479 469/941/480
f 475/942/486 474/938/485 469/941/480 470/945/481
f 471/966/483 475/968/486 470/971/481 466/969/478
f 477/964/487 476/963/488 471/966/483 472/967/482
f 478/178/489 477/177/487 472/179/482 473/180/484
f 479/934/490 478/933/489 473/937/484 474/938/485
f 480/939/491 479/934/490 474/938/485 475/942/486
f 476/963/488 480/965/491 475/968/486 471/966/483
f 482/960/456 481/959/458 476/963/488 477/964/487
f 483/176/453 482/175/456 477/177/487 478/178/489
f 484/932/454 483/931/453 478/933/489 479/934/490
f 485/936/460 484/932/454 479/934/490 480/939/491
f 481/959/458 485/962/460 480/965/491 476/963/488
f 487/976/469 486/975/476 492/978/492 493/979/493
f 488/186/470 487/185/469 493/187/493 494/188/494
f 489/947/472 488/946/470 494/949/494 495/950/495
f 490/951/474 489/947/472 495/950/495 496/954/496
f 486/975/476 490/977/474 496/980/496 492/978/492
f 493/979/493 492/978/492 456/981/462 457/982/461
f 494/188/494 493/187/493 457/189/461 458/190/464
f 495/950/495 494/949/494 458/952/464 459/953/465
f 496/954/496 495/950/495 459/953/465 460/956/466
f 492/978/492 496/980/496 460/983/466 456/981/462
s 35
f 497/588/497 498/587/498 500/583/499
f 498/587/498 499/586/500 500/583/499
f 497/1037/497 500/1038/499 501/1039/501
f 500/583/499 499/586/500 502/585/502
f 501/579/501 500/583/499 503/577/503
f 500/583/499 502/585/502 504/584/504 503/577/503
f 501/579/501 503/577/503 505/576/505
f 503/577/503 504/584/504 506/580/506
f 505/576/505 503/577/503 508/574/507 507/573/508
f 503/577/503 506/580/506 509/581/509 508/574/507
f 507/573/508 508/574/507 510/575/510
f 508/574/507 509/581/509 512/582/511
f 508/574/507 512/582/511 511/578/512
f 510/575/510 508/574/507 511/578/512
s 36
f 513/589/513 514/590/514 516/591/515
f 514/590/514 515/592/516 516/591/515
f 513/589/513 516/591/515 517/593/517
f 516/591/515 515/592/516 518/594/518
f 517/593/517 516/591/515 519/595/519
f 516/591/515 518/594/518 520/596/520 519/595/519
f 517/593/517 519/595/519 521/597/521
f 519/195/519 520/198/520 522/196/522
f 521/199/521 519/195/519 524/192/523 523/200/524
f 519/195/519 522/196/522 525/193/525 524/192/523
f 523/200/524 524/192/523 526/201/526
f 524/192/523 525/193/525 528/194/527
f 524/192/523 528/194/527 527/197/528
f 526/201/526 524/192/523 527/197/528
s 37
f 543/598/529 544/599/530 533/600/531
f 533/600/531 544/599/530 545/603/532
f 533/600/531 539/608/533 540/612/534
f 541/609/535 542/604/536 533/600/531
f 540/612/534 541/609/535 533/600/531
f 533/600/531 545/603/532 539/608/533
f 542/604/536 543/598/529 533/600/531
f 540/612/534 539/608/533 537/611/537 536/614/538
f 535/613/539 540/612/534 536/614/538
f 532/610/540 541/609/535 540/612/534 535/613/539
f 538/606/541 542/604/536 541/609/535 532/610/540
f 529/601/542 543/598/529 542/604/536 538/606/541
f 529/601/542 530/602/543 544/599/530 543/598/529
f 530/602/543 531/605/544 544/599/530
f 545/603/532 544/599/530 531/605/544 534/607/545
f 539/608/533 545/603/532 534/607/545 537/611/537
s 39
f 552/985/546 551/986/547 571/987/548 572/988/549
f 553/202/550 552/203/546 572/204/549 573/205/551
f 554/210/552 553/202/550 573/205/551 574/211/553
f 555/233/554 554/238/552 574/239/553 575/234/555
f 551/232/547 555/233/554 575/234/555 571/235/548
f 557/992/556 556/991/557 576/995/558 577/996/559
f 558/209/560 557/208/556 577/215/559 578/216/561
f 559/217/562 558/209/560 578/216/561 579/223/563
f 560/240/564 559/245/562 579/250/563 580/246/565
f 556/241/557 560/240/564 580/246/565 576/247/558
f 562/997/566 561/998/567 586/994/568 587/993/569
f 563/218/570 562/219/566 587/213/569 588/212/571
f 564/226/572 563/218/570 588/212/571 589/220/573
f 565/1005/574 564/1006/572 589/1007/573 590/1008/575
f 561/248/567 565/249/574 590/243/575 586/242/568
f 567/989/576 566/990/577 551/986/547 552/985/546
f 568/206/578 567/207/576 552/203/546 553/202/550
f 569/214/579 568/206/578 553/202/550 554/210/552
f 570/237/580 569/244/579 554/238/552 555/233/554
f 566/236/577 570/237/580 555/233/554 551/232/547
f 572/988/549 571/987/548 556/991/557 557/992/556
f 573/205/551 572/204/549 557/208/556 558/209/560
f 574/211/553 573/205/551 558/209/560 559/217/562
f 575/234/555 574/239/553 559/245/562 560/240/564
f 571/235/548 575/234/555 560/240/564 556/241/557
f 577/996/559 576/995/558 591/999/581 592/1000/582
f 578/216/561 577/215/559 592/221/582 593/222/583
f 579/223/563 578/216/561 593/222/583 594/229/584
f 580/246/565 579/250/563 594/255/584 595/251/585
f 576/247/558 580/246/565 595/251/585 591/252/581
f 582/1001/586 581/1002/587 561/998/567 562/997/566
f 583/224/588 582/225/586 562/219/566 563/218/570
f 584/230/589 583/224/588 563/218/570 564/226/572
f 585/1009/590 584/1010/589 564/1006/572 565/1005/574
f 581/253/587 585/254/590 565/249/574 561/248/567
f 587/993/569 586/994/568 566/990/577 567/989/576
f 588/212/571 587/213/569 567/207/576 568/206/578
f 589/220/573 588/212/571 568/206/578 569/214/579
f 590/1008/575 589/1007/573 569/1011/579 570/1012/580
f 586/242/568 590/243/575 570/237/580 566/236/577
f 592/1000/582 591/999/581 549/1003/591 548/1004/592
f 593/222/583 592/221/582 548/227/592 547/228/593
f 594/229/584 593/222/583 547/228/593 546/231/594
f 595/251/585 594/255/584 546/258/594 550/256/595
f 591/252/581 595/251/585 550/256/595 549/257/591
s 41
f 596/259/596 597/260/597 599/261/598
f 597/260/597 598/262/599 599/261/598
f 596/259/596 599/261/598 600/263/600
f 599/261/598 598/262/599 601/264/601
f 600/263/600 599/261/598 602/265/602
f 599/261/598 601/264/601 603/266/603 602/265/602
f 600/263/600 602/265/602 604/267/604
f 602/265/602 603/266/603 605/268/605
f 604/267/604 602/265/602 607/269/606 606/270/607
f 602/265/602 605/268/605 608/271/608 607/269/606
f 606/615/607 607/616/606 609/617/609
f 607/269/606 608/271/608 611/272/610
f 607/269/606 611/272/610 610/273/611
f 609/274/609 607/269/606 610/273/611
s 42
f 612/624/612 613/630/613 615/621/614
f 613/1013/613 614/1014/615 615/1015/614
f 612/624/612 615/621/614 616/618/616
f 615/1015/614 614/1014/615 617/1016/617
f 616/618/616 615/621/614 618/619/618
f 615/621/614 617/625/617 619/626/619 618/619/618
f 616/618/616 618/619/618 620/620/620
f 618/619/618 619/626/619 621/627/621
f 620/620/620 618/619/618 623/622/622 622/623/623
f 618/619/618 621/627/621 624/628/624 623/622/622
f 622/623/623 623/622/622 625/629/625
f 623/622/622 624/628/624 627/631/626
f 623/622/622 627/631/626 626/632/627
f 625/629/625 623/622/622 626/632/627
s 43
f 628/275/628 629/276/629 631/277/630
f 629/276/629 630/278/631 631/277/630
f 628/275/628 631/277/630 632/279/632
f 631/277/630 630/278/631 633/280/633
f 632/279/632 631/277/630 634/281/634
f 631/277/630 633/280/633 635/282/635 634/281/634
f 632/279/632 634/281/634 636/283/636
f 634/639/634 635/641/635 637/640/637
f 636/283/636 634/281/634 639/284/638 638/285/639
f 634/639/634 637/640/637 640/638/640 639/634/638
f 638/633/639 639/634/638 641/635/641
f 639/634/638 640/638/640 643/637/642
f 639/634/638 643/637/642 642/636/643
f 641/635/641 639/634/638 642/636/643
s 44
f 644/657/644 645/656/645 647/650/646
f 645/656/645 646/655/647 647/650/646
f 644/1048/644 647/1049/646 648/1050/648
f 647/650/646 646/655/647 649/651/649
f 648/653/648 647/650/646 650/642/650
f 647/650/646 649/651/649 651/646/651 650/642/650
f 648/653/648 650/642/650 652/648/652
f 650/642/650 651/646/651 653/643/653
f 652/648/652 650/642/650 655/645/654 654/649/655
f 650/642/650 653/643/653 656/644/656 655/645/654
f 654/649/655 655/645/654 657/654/657
f 655/645/654 656/644/656 659/647/658
f 655/645/654 659/647/658 658/652/659
f 657/654/657 655/645/654 658/652/659
s 45
f 660/290/660 661/286/661 663/288/662
f 661/286/661 662/287/663 663/288/662
f 660/290/660 663/288/662 664/293/664
f 663/288/662 662/287/663 665/289/665
f 664/293/664 663/288/662 666/292/666
f 663/288/662 665/289/665 667/291/667 666/292/666
f 664/293/664 666/292/666 668/297/668
f 666/292/666 667/291/667 669/294/669
f 668/1017/668 666/1018/666 671/1019/670 670/1020/671
f 666/292/666 669/294/669 672/295/672 671/296/670
f 670/1020/671 671/1019/670 673/1021/673
f 671/296/670 672/295/672 675/298/674
f 671/296/670 675/298/674 674/299/675
f 673/1021/673 671/1019/670 674/1022/675
s 46
f 676/303/676 677/305/677 679/301/678
f 677/1023/677 678/1024/679 679/1025/678
f 676/303/676 679/301/678 680/300/680
f 679/1025/678 678/1024/679 681/1026/681
f 680/300/680 679/301/678 682/302/682
f 679/666/678 681/667/681 683/664/683 682/661/682
f 680/300/680 682/302/682 684/304/684
f 682/661/682 683/664/683 685/662/685
f 684/304/684 682/302/682 687/306/686 686/307/687
f 682/661/682 685/662/685 688/659/688 687/658/686
f 686/307/687 687/306/686 689/308/689
f 687/658/686 688/659/688 691/660/690
f 687/658/686 691/660/690 690/663/691
f 689/665/689 687/658/686 690/663/691
s 47
f 692/671/692 693/675/693 695/669/694
f 693/675/693 694/676/695 695/669/694
f 692/671/692 695/669/694 696/668/696
f 695/669/694 694/676/695 697/672/697
f 696/668/696 695/669/694 698/670/698
f 695/669/694 697/672/697 699/673/699 698/670/698
f 696/668/696 698/670/698 700/674/700
f 698/670/698 699/673/699 701/677/701
f 700/674/700 698/670/698 703/678/702 702/679/703
f 698/670/698 701/677/701 704/680/704 703/678/702
f 702/679/703 703/678/702 705/681/705
f 703/678/702 704/680/704 707/682/706
f 703/678/702 707/682/706 706/683/707
f 705/681/705 703/678/702 706/683/707
s 48
f 708/309/708 709/310/709 711/311/710
f 709/310/709 710/312/711 711/311/710
f 708/309/708 711/311/710 712/313/712
f 711/311/710 710/312/711 713/314/713
f 712/313/712 711/311/710 714/315/714
f 711/311/710 713/314/713 715/316/715 714/315/714
f 712/313/712 714/315/714 716/317/716
f 714/315/714 715/316/715 717/318/717
f 716/317/716 714/315/714 719/319/718 718/320/719
f 714/315/714 717/318/717 720/321/720 719/319/718
f 718/320/719 719/319/718 721/322/721
f 719/319/718 720/321/720 723/323/722
f 719/319/718 723/323/722 722/324/723
f 721/322/721 719/319/718 722/324/723
s 49
f 724/325/724 725/326/725 727/327/726
f 725/326/725 726/328/727 727/327/726
f 724/325/724 727/327/726 728/329/728
f 727/327/726 726/328/727 729/330/729
f 728/329/728 727/327/726 730/331/730
f 727/327/726 729/330/729 731/332/731 730/331/730
f 728/329/728 730/331/730 732/333/732
f 730/331/730 731/332/731 733/334/733
f 732/333/732 730/331/730 735/335/734 734/336/735
f 730/331/730 733/334/733 736/337/736 735/335/734
f 734/684/735 735/685/734 737/686/737
f 735/335/734 736/337/736 739/338/738
f 735/335/734 739/338/738 738/339/739
f 737/340/737 735/335/734 738/339/739
s 50
f 740/702/740 741/701/741 743/690/742
f 741/701/741 742/698/743 743/690/742
f 740/1027/740 743/1028/742 744/1029/744
f 743/690/742 742/698/743 745/693/745
f 744/687/744 743/690/742 746/688/746
f 743/690/742 745/693/745 747/694/747 746/688/746
f 744/687/744 746/688/746 748/689/748
f 746/688/746 747/694/747 749/695/749
f 748/689/748 746/688/746 751/691/750 750/692/751
f 746/688/746 749/695/749 752/696/752 751/691/750
f 750/692/751 751/691/750 753/697/753
f 751/691/750 752/696/752 755/699/754
f 751/691/750 755/699/754 754/700/755
f 753/697/753 751/691/750 754/700/755
s 51
f 756/341/756 757/342/757 759/343/758
f 757/342/757 758/344/759 759/343/758
f 756/341/756 759/343/758 760/345/760
f 759/343/758 758/344/759 761/346/761
f 760/345/760 759/343/758 762/347/762
f 759/343/758 761/346/761 763/348/763 762/347/762
f 760/345/760 762/347/762 764/349/764
f 762/347/762 763/348/763 765/350/765
f 764/349/764 762/347/762 767/351/766 766/352/767
f 762/347/762 765/350/765 768/353/768 767/351/766
f 766/352/767 767/351/766 769/354/769
f 767/703/766 768/704/768 771/705/770
f 767/703/766 771/705/770 770/706/771
f 769/354/769 767/351/766 770/355/771
s 52
f 772/711/772 773/707/773 775/709/774
f 773/707/773 774/708/775 775/709/774
f 772/711/772 775/709/774 776/714/776
f 775/709/774 774/708/775 777/710/777
f 776/714/776 775/709/774 778/713/778
f 775/709/774 777/710/777 779/712/779 778/713/778
f 776/714/776 778/713/778 780/718/780
f 778/713/778 779/712/779 781/715/781
f 780/718/780 778/713/778 783/717/782 782/720/783
f 778/713/778 781/715/781 784/716/784 783/717/782
f 782/720/783 783/717/782 785/722/785
f 783/717/782 784/716/784 787/719/786
f 783/717/782 787/719/786 786/721/787
f 785/722/785 783/717/782 786/721/787
